:020000021000EC
:10F0000000000120C1AB0200E9AB0200EBAB020043
:10F01000EDAB0200EFAB0200F1AB0200000000001C
:10F02000000000000000000000000000F3AB020040
:10F03000F5AB020000000000F7AB0200F9AB0200E4
:10F04000D11B0200FBAB0200FBAB0200B15302007C
:10F05000FBAB0200DDA2020015270200D13D020039
:10F06000FBAB0200FBAB0200FBAB0200FBAB020000
:10F07000FBAB0200013B0200FBAB0200FBAB02005A
:10F08000FBAB0200F5930200FBAB0200FBAB0200FE
:10F0900035940200FBAB0200ADAA0200FBAB0200FC
:10F0A000FBAB0200FBAB0200FBAB020019A00200AD
:10F0B000E1380200692D020000000000000000009D
:10F0C000FBAB0200FBAB0200FBAB0200FBAB0200A0
:10F0D000FBAB0200FBAB0200FBAB02000000000038
:10F0E0000000000000000000000000000000000020
:10F0F0000000000000000000000000000000000010
:10F1000000000000000000000000000000000000FF
:10F1100000000000000000000000000000000000EF
:10F1200000000000000000000000000000000000DF
:10F1300000000000000000000000000000000000CF
:10F1400000000000000000000000000000000000BF
:10F1500000000000000000000000000000000000AF
:10F16000000000000000000000000000000000009F
:10F17000000000000000000000000000000000008F
:10F18000000000000000000000000000000000007F
:10F19000000000000000000000000000000000006F
:10F1A000000000000000000000000000000000005F
:10F1B000000000000000000000000000000000004F
:10F1C000000000000000000000000000000000003F
:10F1D000000000000000000000000000000000002F
:10F1E000000000000000000000000000000000001F
:10F1F000000000000000000000000000000000000F
:10F2000010B5054C237833B9044B13B10448AFF360
:10F2100000800123237010BD68440020000000001E
:10F22000482C060008B5064B1BB106480649AFF34B
:10F2300000800648036813B1054B03B1984708BD29
:10F2400000000000482C06006C44002044440020CC
:10F2500000000000154B002B08BF134B9D46A3F583
:10F26000803A00218B460F461348144A121A30F098
:10F27000A2F90F4B002B00D098470E4B002B00D06B
:10F2800098470020002104000D000D48002802D0FE
:10F290000C48AFF3008030F035F92000290012F05F
:10F2A0009FFA30F01BF900BF0000080000000120A9
:10F2B0000000000000000000684400202C930020A3
:10F2C000000000000000000073DF7047184600BF18
:10F2D00080B400AF034B1B781846BD465DF8047B35
:10F2E000704700BF5E45002080B485B000AF7860F5
:10F2F0000023FB600AE07A68FB6813441B78002B4C
:10F3000001D0012306E0FB680133FB60FB68052B9D
:10F31000F1D9002318461437BD465DF8047B7047C9
:10F3200080B483B000AF0346FB71FB79591C084BD6
:10F3300083FB01235A10CB17D21A13469B001344A8
:10F34000CA1AD3B218460C37BD465DF8047B704725
:10F350006766666680B483B000AF78607B68DB7BED
:10F36000012B03D17B689A88034B1A800C37BD466A
:10F370005DF8047B704700BF5045002080B584B025
:10F3800000AF78600D4B00221A707B689A880C4B96
:10F390001B889A420ED1012000F06AFAF860FB68DF
:10F3A000002B07D0074B1B68002B03D0054B1B68B5
:10F3B000F86898471037BD4680BD00BF5C45002007
:10F3C000504500205845002080B584B000AF7860DB
:10F3D0007B681B7A002B00D014E00C4B1B7818467E
:10F3E000FFF79EFF0346184600F042FAF860FB68FC
:10F3F000002B07D0064B1B68002B03D0044B1B6867
:10F40000F86898471037BD4680BD00BF874400208C
:10F410005845002080B582B000AF3B1D184608F06B
:10F42000CBF97B68002B0CBF00230123DBB218460D
:10F430000837BD4680BD00BF80B584B000AF03462D
:10F44000FB711C48FFF750FF0346FB73FB79013B40
:10F45000032B29D801A252F823F000BF6DF401005C
:10F460007FF4010091F401009DF40100124B5B78E0
:10F47000002B04D0FB7B002B01D0012315E00E4BA9
:10F480009B78002B04D0FB7B002B01D002230CE0E7
:10F49000094BDB78002B01D0032306E0064B1B79D8
:10F4A000002B01D0042300E0002318461037BD468E
:10F4B00080BD00BFAD4400208844002080B483B0EC
:10F4C00000AF78600A4B01221A707B68094A5A60C3
:10F4D0007B6801221A707B6800229A817B68002277
:10F4E0005A81002318460C37BD465DF8047B7047EF
:10F4F00086440020AC44002080B483B000AF786024
:10F500000C4B02221A707B680B4A5A607B680122FE
:10F510001A700A4BDB689AB27B689A81074B9B682A
:10F520009AB27B685A81002318460C37BD465DF8B5
:10F53000047B704786440020AC44002088440020AF
:10F5400080B584B000AF78601A4B1B699AB27B68B3
:10F550005A81184B5B699AB27B689A81154B1B786C
:10F56000002B1FD0144B1B7883F00103DBB2002B60
:10F5700018D0FFF7ADFE0346002B13D07B680222A4
:10F580001A720E4B0422DA700C48002101F05AFD69
:10F59000F860FB68002B01D0FB6807E0084B0522F0
:10F5A0001A7002E0064B03221A7000231846103727
:10F5B000BD4680BD884400205C450020B844002042
:10F5C0008644002080B584B000AF78601A4B9B69F8
:10F5D0009AB27B685A81184BDB699AB27B689A8130
:10F5E000154B1B78002B1FD0144B1B7883F00103A5
:10F5F000DBB2002B18D0FFF76BFE0346002B13D0B5
:10F600007B6802221A720E4B0422DA700C48002129
:10F6100001F018FDF860FB68002B01D0FB6807E0E3
:10F62000084B06221A7002E0064B04221A700023CF
:10F6300018461037BD4680BD884400205C45002038
:10F64000B84400208644002080B483B000AF034655
:10F65000FB71044BFA791A700C37BD465DF8047BD8
:10F66000704700BFA8440020B0B588B000AFF86074
:10F67000B9607A603B60FB68002B02D07B68002B8E
:10F6800001D10E23D3E06C4B01221A706B4B002288
:10F690001A706B4A7B6814461D460FCD0FC495E85F
:10F6A0000F0084E80F00674B00221A70664B3A681F
:10F6B0001A60664B3A6B1A60654B4FF6FF721A8000
:10F6C0006448002107222FF076FF634800213C2286
:10F6D0002FF071FFFB681A785F4B1A70FB689A78FD
:10F6E0005D4B9A70FB68DA785B4BDA70FB685A788E
:10F6F000594B5A70584BFA681033103292E8030095
:10F7000083E80300544BFA680833083292E8030098
:10F7100083E80300504BFA681833183292E803006C
:10F7200083E80300FB685B6A002B28D04A4B4B4AF6
:10F730005A624A4B4A4A9A60474B5B6AFA68526A75
:10F7400012881A80444B5B6AFA68526A92889A80DF
:10F750000023FB610CE0FB685B6A9A68FB69134459
:10F760001A783F49FB690B441A70FB690133FB614E
:10F77000394B5B6A9B881A46FB699A42EBD8FB6857
:10F780009B6A002B32D0374B374A9A60324B354A4E
:10F790009A62314B9B6A344A9A602F4B9B6AFA6893
:10F7A000926A92889A802C4B9B6AFA68926A1288B5
:10F7B0001A800023BB610CE0FB689B6A9A68BB69F6
:10F7C00013441A782849BB690B441A70BB6901338A
:10F7D000BB61214B9B6A9B881A46BB699A42EBD856
:10F7E000FB6893F82C201C4B83F82C20FB681B6AC9
:10F7F000002B0ED0184B1D4A1A62174B1B6AFA6871
:10F80000126A52885A80144B1B6AFA68126A12886C
:10F810001A80FB685B68002B03D0FB685A680E4BAC
:10F820005A600D48B96801F00DFC78617B69184693
:10F830002037BD46B0BD00BF84440020874400206F
:10F8400088440020A844002054450020584500204A
:10F8500050450020AC440020B8440020F44400206F
:10F8600000450020204500202C4500204C4500206C
:10F8700080B588B000AF0346FB71664B1B7883F000
:10F880000103DBB2002B01D00823BFE0624BFA7901
:10F890001A70FFF7BFFD0346002B04D05F4B012217
:10F8A0001A700023B2E05E48002107222FF083FE89
:10F8B0005C4B5B78002B03D0574B1B78012B0FD090
:10F8C000584B9B78002B03D0534B1B78012B07D050
:10F8D000544B9B78002B12D04F4B1B78022B0ED130
:10F8E000514B1B68002B07D0504B01221A704E4B16
:10F8F0001B680820984702E04C4B00221A70FB79E5
:10F900001846FFF799FD03461A46434B1A70464BBB
:10F910001B68002B1DD0404B1B78032B03D03E4BA4
:10F920001B78042B15D13F4B1B78002B11D0404B7B
:10F930001B7883F00103DBB2002B0AD03D4B002281
:10F940001A703D4B01221A70374B1B6807209847ED
:10F9500002E0394B00221A7007F10C03184600210F
:10F9600010222FF028FE00233B7300233B752A4B07
:10F970001B78042B2CD801A252F823F0C9F90100FE
:10F9800091F901009FF90100ADF90100BBF90100F7
:10F9900007F10C031846FFF791FDF86119E007F134
:10F9A0000C031846FFF7A8FDF86112E007F10C03FD
:10F9B0001846FFF7C5FDF8610BE007F10C03184688
:10F9C000FFF700FEF86104E01C4B00221A7000E013
:10F9D00000BF114B1B78002B0DD0194B1B7807F182
:10F9E0000C0210461946FFF76FFCF861FB69002B0B
:10F9F00001D0FB690AE00C4B1B68002B05D00A4BB9
:10FA00001B680E4A12781046984700231846203784
:10FA1000BD4680BD844400208744002085440020EA
:10FA2000AC4400208844002054450020B444002009
:10FA30005C4500205E4500205D4500208644002096
:10FA4000A844002080B582B000AF78607B681B8836
:10FA5000112B08D01B2B0AD0102B00D00BE078689C
:10FA6000FFF778FC07E07868FFF788FC03E0786828
:10FA7000FFF7AAFC00BF0837BD4680BD80B584B043
:10FA800000AF78607B68023B012B19D80E4B1B78C6
:10FA9000002B14D00C4B00221A700C4B1B7818460C
:10FAA000FFF7E6FEF860FB68002B08D0084B1B68E8
:10FAB000002B04D0064B1B68F868984701E000E073
:10FAC00000BF1037BD4680BD85440020874400201C
:10FAD00058450020A0DF7047184600BFA2DF7047DE
:10FAE000184600BFA3DF7047184600BFA4DF704769
:10FAF000184600BFA6DF7047184600BF80B483B029
:10FB000000AF786039603B689A887B685A820C370E
:10FB1000BD465DF8047B704780B483B000AF786069
:10FB200039607B684FF6FF725A820C37BD465DF82C
:10FB3000047B704780B584B000AF786039607B6823
:10FB40001B7D002B24D03B680633FB60FB681A88C2
:10FB50007B685B899A421BD1FB685B89022B17D1BA
:10FB60007B681B68002B13D0FB680C33184601F030
:10FB7000FFFD0346002B02D000233B7201E001236E
:10FB80003B727B681B6807F108027868114698474A
:10FB90001037BD4680BD00BF80B582B000AF786031
:10FBA00039607B68002B02D03B68002B00D117E046
:10FBB0003B681B88112B09D0502B0CD0102B00D088
:10FBC0000EE078683968FFF799FF09E078683968CE
:10FBD000FFF7A2FF04E078683968FFF7ABFF00BFCA
:10FBE0000837BD4680BD00BF80B594B000AF7860D7
:10FBF00039607B681B7D002B1FD007F12803184656
:10FC0000002103222FF0D7FC97F82830012262F35D
:10FC1000030387F8283097F82830012262F307138E
:10FC200087F828303B685B7B87F8293097F82A30C3
:10FC3000012262F3420387F82A3007F12C031846A9
:10FC400000211C222FF0B7FC97F82C3043F0020360
:10FC500087F82C307B681B7D03F00103DAB297F83C
:10FC60002C3062F3041387F82C3000233B6300230D
:10FC7000BB630023FB637B681B7D002B02D007F175
:10FC8000280300E000233B6400237B640123BB7452
:10FC900042F619233B8207F10C0318460021032288
:10FCA0002FF089FC3B689B7B3B733B68DB7B7B7362
:10FCB000BB7B012262F34203BB73BB7B6FF3C303C5
:10FCC000BB73BB7B6FF30413BB73BB7B6FF300038E
:10FCD000BB733B681B7BFB7207F1140318460021C2
:10FCE00014222FF068FC07F110037B6107F10C036D
:10FCF000BB610123BB830023FB8301233B8407F10A
:10FD00000B037B627B6898887B68063307F12C01C4
:10FD100007F11402FFF7E2FEF864FB6C002B01D040
:10FD2000FB6C63E03B689B68002B5BD00123BB74DA
:10FD300042F608133B8207F10C0318460021032208
:10FD40002FF039FC3B681B7C3B737B7B6FF3030319
:10FD50007B737B7B6FF307137B73BB7B012262F3A7
:10FD60004203BB73BB7B6FF3C303BB73BB7B6FF3FC
:10FD70000413BB73BB7B6FF30003BB733B689B68CF
:10FD800007F108021046194601F01EFD034687F8E8
:10FD90004B3007F114031846002114222FF00BFCFE
:10FDA00007F110037B6107F10C03BB6197F84B303F
:10FDB0009BB2BB830023FB83BB8B3B8407F108030F
:10FDC0007B627B68D9887B680E3307F11402084692
:10FDD00011461A46FFF786FEF864FB6C002B04D030
:10FDE000FB6C03E07B680022DA8100231846503761
:10FDF000BD4680BD80B584B000AF786039607B6857
:10FE0000002B02D03B68002B01D10E2327E03B687A
:10FE10001A687B681A607B684FF6FF725A823B68EB
:10FE20001A797B681A757B68FF221A740123BB72EA
:10FE300041F60F033B817B68043307F10802012080
:10FE400011461A46FFF746FEF860FB68002B01D00A
:10FE5000FB6804E078683968FFF7C6FE0346184679
:10FE60001037BD4680BD00BF80B58AB000AF786056
:10FE70000B46FB707B68002B01D10E2352E0002360
:10FE80007B627B681A7CFB789A424AD007F11C039C
:10FE90001846002108222FF08EFB0123BB8300238C
:10FEA000FB83FB1C3B627B68598A7B68DA8807F11D
:10FEB0001C03084611461A46FFF718FE78627B6A53
:10FEC000002B09D1FA787B681A747B685A8A4FF63E
:10FED000FF739A4223D001E07B6A23E07B681B7D9D
:10FEE000002B1CD007F10C031846002110222FF024
:10FEF00062FB7B68DB88BB810123BB73FB8B3B828E
:10FF000007F11C037B613B6ABB617B685A8A07F17E
:10FF10000C0310461946FFF7EDFD786201E0082357
:10FF20007B627B6A18462837BD4680BD80B483B0AB
:10FF300000AF0346FB71094B97F907205209F97985
:10FF400001F01F01012000FA01F1203243F82210D4
:10FF50000C37BD465DF8047B704700BF00E100E050
:10FF600080B483B000AF0346FB71094B97F90720BB
:10FF70005209F97901F01F01012000FA01F1603204
:10FF800043F822100C37BD465DF8047B704700BF74
:10FF900000E100E080B400AFBFF34F8F054A054B8E
:10FFA000DB6803F4E061044B0B43D360BFF34F8F76
:10FFB00000BFFDE700ED00E00400FA05A0DF704798
:10FFC000184600BFA2DF7047184600BFA6DF704783
:10FFD000184600BFA8DF7047184600BF62DF7047B1
:10FFE000184600BF3ADF7047184600BF3BDF704736
:10FFF000184600BF11DF7047184600BF13DF704777
:020000022000DC
:10000000184600BF80B582B000AF0F4B1B683B6045
:1000100000237B6011E07B68012202FA03F31A4699
:100020003B681340002B05D07B68DBB25BB21846FF
:10003000FFF77CFF7B6801337B607B681F2BEAD96D
:100040000837BD4680BD00BF00E100E080B582B04A
:1000500000AF00204FF0FF31FFF7C8FF78607B68EA
:10006000002B01D07B6825E00020B121FFF7BAFF0B
:1000700078607B68002B01D07B681BE0FFF7BAFF3C
:1000800078607B68002B01D07B6813E04FF0102371
:100090005B691846FFF7B2FF78607B68002B01D0E0
:1000A0007B6807E01620FFF75BFFFFF7ABFFFFF76A
:1000B00071FF002318460837BD4680BD80B584B067
:1000C00000AF78607B681B69002B08D000233B736E
:1000D0007B681B6907F10C027868114698477B68BA
:1000E00001221A751037BD4680BD00BF80B592B0A1
:1000F00000AF7860396007F12C0300221A600433E6
:1001000000221A60043300221A60043300221A60AD
:10011000043300221A60043300221A6004330022E0
:100120001A60043300233B85002387F82A3007F147
:10013000140300221A60043300221A6004330022E0
:100140001A60043300221A60043300221A60043358
:1001500000233B820023BB7497F82830012262F30E
:10016000030387F8283097F82830012262F3071339
:1001700087F8283097F82930012262F3030387F8C3
:10018000293097F82930012262F3071387F82930C4
:1001900097F82A30012262F3420387F82A3097F851
:1001A0002C3043F0200387F82C3097F82C3043F0A4
:1001B000080387F82C3000233B630023BB63002334
:1001C000FB6307F128033B6400237B647B681B7897
:1001D000BB730323BB813B7C012262F303033B74AB
:1001E0003B7C012262F307133B747B7C012262F3A8
:1001F00003037B747B7C012262F307137B74BB7C5B
:10020000012262F34203BB74BB7C6FF3C303BB7474
:10021000BB7C43F01003BB74BB7C43F00103BB7495
:1002200007F10C037B6107F11003BB610023BB8363
:100230000023FB8317233B8400237B627B68588861
:100240007B68063307F12C0107F11402FFF7BAFEB1
:10025000034618464837BD4680BD00BF90B589B0FB
:1002600000AF78603960284B07F1080418685968B6
:100270009A68DB680FC47B68002B01D10E233EE037
:100280003B68002B01D10E2339E07B684FF6FF72EB
:100290009A803B681A687B681A617B6800221A752D
:1002A0007B6800229A730123BB764FF659633B8328
:1002B0007B68023307F11802012011461A46FFF746
:1002C0007DFEF861FB69002B01D0FB6917E07B68BC
:1002D00007F1080210461946FFF780FEF861FB6936
:1002E000002B01D0FB690AE078683968FFF7FEFE51
:1002F000F861FB69002B01D0FB6900E00023184680
:100300002437BD4690BD00BF2073050080B588B07E
:1003100000AF786013460A46FA703B8007F1080385
:100320001846002110222FF046F90323FB832023D7
:100330003B76FB787B763B88DBB2BB767B68DB88E1
:100340003B810223BB720023BB8107F11E033B618B
:1003500007F118037B617B689A8807F10803104650
:100360001946FFF733FE2037BD4680BD80B588B003
:1003700000AF786039600423FB8307F10803184657
:10038000002110222FF017F902233B727B689B7B20
:10039000002B06D0BB7B43F00103BB730023BB8162
:1003A00002E040F2FD13BB817B689A8807F10803E5
:1003B00010461946FFF70EFEB861BB69112BF3D04A
:1003C000BB89002B1FD10320104907F09BFE3B681F
:1003D0001B7B012B02D10123FB8302E00223FB8361
:1003E00000BF3B681A7BFB8B786811461A46FFF703
:1003F0008DFFFB8B012B06D13B681B7B012B02D1B0
:100400007868FFF75BFE2037BD4680BD307305007E
:1004100080B584B000AF786039603B689A887B68AB
:100420009B889A4200D01EE03B680633FB60FB6865
:100430001B78022B17D1FB685A887B68DB889A42AD
:1004400011D1FB681B7A042B0DD0FB681B7A062B9D
:1004500009D0FB681B7A052B05D0FB68023378684E
:100460001946FFF783FF1037BD4680BD80B483B0C7
:1004700000AF786039603B689A887B689A800C3757
:10048000BD465DF8047B704780B483B000AF7860F0
:1004900039607B689A883B689B889A4200D003E069
:1004A0007B684FF6FF729A800C37BD465DF8047B7F
:1004B000704700BF90B585B000AF786039603B6889
:1004C0000633FB60FB681A887B685B899A4200D020
:1004D0002EE0FB685B89022B2AD1FB680C3318469F
:1004E00001F05CF903461A467B689A737B689B7B34
:1004F0001C46FB680C33184601F03AF9034603200A
:100500000D49224607F024FE7B681B69002B0FD0A3
:100510007B689B7B002B02D001233B7201E002230E
:100520003B727B681B6907F108027868114698479F
:100530001437BD4690BD00BF5C73050080B584B024
:1005400000AF786039603B680633FB60FB681A884F
:100550007B68DB889A4205D17B681B7D002B01D02C
:10056000FFF774FD1037BD4680BD00BF80B582B077
:1005700000AF786039607B68002B00D12CE03B68CD
:10058000002B00D128E03B681B88502B1AD0502B41
:1005900004DC102B07D0112B0AD01DE0512B0CD0FE
:1005A000532B14D018E078683968FFF75FFF13E029
:1005B00078683968FFF768FF0EE078683968FFF7F8
:1005C00027FF09E078683968FFF774FF04E078686E
:1005D0003968FFF7B3FF00BF0837BD4680BD00BFD5
:1005E0006DDF7047184600BF72DF7047184600BFC6
:1005F00079DF7047184600BF7DDF7047184600BF9F
:1006000064DF7047184600BF80B483B000AF034674
:100610003960FB80FB88DAB23B681A703B680133B3
:10062000FA88120A92B2D2B21A70022318460C3714
:10063000BD465DF8047B704780B588B000AFF860B8
:10064000B9601346FB80BB681B8803F10902FB8875
:100650009A4201D90C234EE007F114031846FFF724
:10066000BFFFF861FB69002B01D0FB6943E0BB6869
:100670001B88FA68134408221A70BB681B88013370
:100680009AB2BB681A80BB681B88FA6813441B22A5
:100690001A70BB681B8801339AB2BB681A80BB68AA
:1006A0001B88FA681A4407F11403013310461946EF
:1006B00006222EF05CFFBB681B8806339AB2BB682B
:1006C0001A803B7DC3F34603DBB2002B06D1BB6827
:1006D0001B88FA68134400221A7005E0BB681B8867
:1006E000FA68134401221A70BB681B8801339AB25E
:1006F000BB681A80002318462037BD4680BD00BF66
:1007000080B588B000AFF860B9607A607B80FB6824
:100710001B78012B05D1FB685B78002B01D10723E7
:1007200073E07B681B889A1C7B889A420DD8FB6813
:100730001B78012B0BD17B681B881A46FB685B7802
:1007400013449A1C7B889A4201D90C235DE07B6894
:100750001B887A88D31A9BB2023BBB83BB8BFB827C
:100760007B681B880233BA681A4407F116031046E7
:100770001946FFF741FFB861BB69002B01D0BB6987
:1007800043E0FB681B78022B06D1FB8ABA8B9A42A6
:1007900002D30923FB7710E00823FB77FB681B7863
:1007A000012B08D1FB685B78BA8B9A4203D3FB68B4
:1007B0005B78FB8201E0BB8BFB82FB8AFE2B01D9BD
:1007C0000C2322E07B681B88BA681344FA8AD2B2F1
:1007D0000132D2B21A707B681B8801339AB27B68EF
:1007E0001A807B681B88BA681344FA7F1A707B688A
:1007F0001B8801339AB27B681A807B681A88FB8A4F
:1008000013449AB27B681A80002318462037BD46ED
:1008100080BD00BF90B587B000AFF860B9601346E7
:10082000FB80BB681B881A1DFB889A4201D90C23E8
:1008300033E007F112031846FFF7DAFE78617B69AF
:10084000002B01D07B6928E0BB681B88FA68134441
:1008500003221A70BB681B8801339AB2BB681A80E6
:10086000BB681B88FA68134419221A70BB681B887E
:1008700001339AB2BB681A80BB681C887A8ABB684D
:100880001B88F9680B4410461946FFF7BDFE034666
:1008900023449AB2BB681A80002318461C37BD4611
:1008A00090BD00BF80B485B000AFB9607A600246E9
:1008B000FA73BB817B681B88DA1CBB899A4201D919
:1008C0000C2324E07B681B88BA68134402221A7048
:1008D0007B681B8801339AB27B681A807B681B880F
:1008E000BA68134401221A707B681B8801339AB2DC
:1008F0007B681A807B681B88BA681344FA7B1A707D
:100900007B681B8801339AB27B681A8000231846E3
:100910001437BD465DF8047B704700BF80B485B0D6
:1009200000AFB9607A600246FA73BB817B681B88AE
:10093000DA1CBB899A4201D90C2324E07B681B880E
:10094000BA68134402221A707B681B8801339AB27A
:100950007B681A807B681B88BA6813440A221A7065
:100960007B681B8801339AB27B681A807B681B887E
:10097000BA681344FA7B1A707B681B8801339AB2F9
:100980007B681A80002318461437BD465DF8047B47
:10099000704700BF80B58AB000AFF8607B600B463F
:1009A000FB721346BB72002387F823303B6B1B8816
:1009B0003B8400237B6268E0FB685A687B6A9B008B
:1009C0001A4407F110031068186007F1100207F1CC
:1009D0001703104619460022FFF712FEF861FB6963
:1009E000002B01D0FB696DE0FB7DBA7A9A4249D1B8
:1009F00097F82330002B01D0002300E00223FB7680
:100A00003B6B1B881A46FB7D1A44FB7E1A44BB8E47
:100A10009A4201DD0C2355E097F8233083F001035F
:100A2000DBB2002B14D03B6B1B8801339AB23B6BBB
:100A30001A803B6B1B887A681344FA7A1A703B6BF6
:100A40001B8801339AB23B6B1A80012387F823304D
:100A50003B6B1B887A68134407F1100107F11702FA
:100A6000084611461A46FFF7CBFDF861FB69002BDB
:100A700001D0FB6926E03B6B1A88FB7D13449AB2D8
:100A80003B6B1A807B6A01337B62FB681B881A46CA
:100A90007B6A9A4290DC97F82330002B11D03B6B95
:100AA0001A883B8CD31A9BB2013B3B833B8BFF2BB9
:100AB00001D90C2306E03B8C7A6813443A8BD2B2FE
:100AC0001A70002318462837BD4680BD80B588B00F
:100AD00002AFF8607B600B46FB721346BB72FB7A79
:100AE0003A6A0092BA8C0192F868194602227B6831
:100AF000FFF750FF78617B69002B01D07B6911E023
:100B0000BB7A3A6A0092BA8C0192F86819461022B0
:100B10007B68FFF73FFF78617B69002B01D07B6921
:100B200000E0002318461837BD4680BD80B483B06E
:100B300000AF78607B681B88052B0AD97B681B880F
:100B4000B3F5486F07D97B681A884FF6FF739A424E
:100B500001D0072325E07B685B88052B0AD97B68D9
:100B60005B88B3F5486F07D97B685A884FF6FF73E7
:100B70009A4201D0072314E07B681A884FF6FF736E
:100B80009A420DD07B685A884FF6FF739A4207D07D
:100B90007B681A887B685B889A4201D9072300E04A
:100BA000002318460C37BD465DF8047B704700BF34
:100BB00090B587B000AFF860B9607A607B807B68E1
:100BC0001B889A1D7B889A4201D90C2343E0F86860
:100BD000FFF7ACFF78617B69002B01D07B693AE0BD
:100BE0007B681B88BA68134405221A707B681B88CF
:100BF00001339AB27B681A807B681B88BA681344F9
:100C000012221A707B681B8801339AB27B681A80A3
:100C10007B681C88FB681A887B681B88B9680B4452
:100C200010461946FFF7F0FC034623449AB27B684E
:100C30001A807B681C88FB685A887B681B88B968A7
:100C40000B4410461946FFF7DFFC034623449AB2D3
:100C50007B681A80002318461C37BD4690BD00BF34
:100C600090B587B000AFF860B9607A607B80FB68B0
:100C70009B8802337B617B681B881A467B6913441F
:100C80009A1C7B889A4201D90C2350E07B69FE2B89
:100C900001D90C234BE07B681B88BA6813447A693E
:100CA000D2B20132D2B21A707B681B8801339AB279
:100CB0007B681A807B681B88BA681344FF221A700D
:100CC0007B681B8801339AB27B681A807B681C881A
:100CD000FB681A887B681B88B9680B441046194664
:100CE000FFF792FC034623449AB27B681A80FB68A4
:100CF0009B88002B1AD0FB689B68002B01D107232F
:100D000015E07B681B88BA68D118FB689A68FB6895
:100D10009B88084611461A462EF029FC7B681A88E3
:100D2000FB689B8813449AB27B681A80002318469C
:100D30001C37BD4690BD00BF90B589B000AFF860CC
:100D4000B9607A607B80FB689B6A002B01D1072326
:100D500069E00023FB775FE0FB68996AFA7F13463E
:100D60005B0013449B000B44BB61BB699B8802334F
:100D70007B617B69FE2B01D90C2354E07B681B88C7
:100D8000BA6813447A69D2B20132D2B21A707B685F
:100D90001B8801339AB27B681A807B681B88BA680B
:100DA000134416221A707B681B8801339AB27B6841
:100DB0001A807B681C88BB691A887B681B88B968A5
:100DC0000B4410461946FFF71FFC034623449AB212
:100DD0007B681A80BB699B88002B1AD0BB699B6813
:100DE000002B01D107231EE07B681B88BA68D1184D
:100DF000BB699A68BB699B88084611461A462EF063
:100E0000B6FB7B681A88BB699B8813449AB27B68DF
:100E10001A80FB7F0133FB77FB6893F82C30FA7F55
:100E20009A4299D3002318462437BD4690BD00BF8F
:100E300080B588B002AFF860B9607A6000237B614A
:100E40007B681B887B827B6800221A80FB6893F892
:100E50002D30002B0BD07B8AB86879681A46FFF7D3
:100E6000EBFB78617B69002B01D07B69BFE0FB68FD
:100E70009B78002B0BD07B8AB86879681A46FFF7FD
:100E8000C9FC78617B69002B01D07B69AFE0FB680E
:100E9000DB78002B0FD0FB68DB78DBB25AB27B8AA1
:100EA0001046B9687A68FFF7FDFC78617B69002B12
:100EB00001D07B699BE0FB685B68002B0FD0FB686F
:100EC0005B681B785AB27B8A1046B9687A68FFF76C
:100ED00025FD78617B69002B01D07B6987E0FB6889
:100EE0001B89002B11D0FB6808337A6800927A8A3C
:100EF0000192184602210622BB68FFF7E7FD7861E0
:100F00007B69002B01D07B6971E0FB681B8A002B99
:100F100011D0FB6810337A6800927A8A01921846E1
:100F200003210722BB68FFF7D1FD78617B69002BA5
:100F300001D07B695BE0FB681B8B002B11D0FB6849
:100F400018337A6800927A8A019218461421152281
:100F5000BB68FFF7BBFD78617B69002B01D07B6923
:100F600045E0FB681B6A002B0DD0FB681A6A7B8A80
:100F70001046B9687A68FFF71BFE78617B69002B21
:100F800001D07B6933E0FB685B6A002B0DD0FB6806
:100F90005A6A7B8A1046B9687A68FFF761FE786101
:100FA0007B69002B01D07B6921E0FB6893F82C3032
:100FB000002B0BD07B8AF868B9687A68FFF7BCFE13
:100FC00078617B69002B01D07B6910E0FB681B789E
:100FD000002B0BD07B8AF868B9687A68FFF790FB22
:100FE00078617B69002B01D07B6900E07B69184642
:100FF0001837BD4680BD00BF80B483B000AF7860B5
:101000007B68DB7803F00403002B01D1072300E0A9
:10101000002318460C37BD465DF8047B704700BFBF
:1010200080B483B000AF78607B68DB78002B01D0A0
:10103000072300E0002318460C37BD465DF8047B0B
:10104000704700BF80B596B000AF786039601F234D
:10105000A7F84A301F23A7F848307B68002B1BD025
:101060007868FFF7C9FFF864FB6C002B01D0FB6CBC
:1010700047E007F1280207F14A03786811461A464B
:10108000FFF7D6FEF864FB6C002B01D0FB6C38E058
:1010900007F128037B6504E000237B650023A7F8A4
:1010A0004A303B68002B1BD03868FFF7B9FFF86463
:1010B000FB6C002B01D0FB6C23E007F1080207F169
:1010C0004803386811461A46FFF7B2FEF864FB6C15
:1010D000002B01D0FB6C14E007F108033B6504E032
:1010E00000233B650023A7F84830B7F84A30DAB24E
:1010F000B7F84830DBB2786D11463A6DFFF774FAF5
:10110000034618465837BD4680BD00BF75DF70479F
:10111000184600BF76DF7047184600BF7ADF704779
:10112000184600BF7BDF7047184600BF80B483B00D
:1011300000AF78607B685A88094B1B889A4207D3B6
:101140007B685A88064B5B889A4201D8012300E0ED
:10115000002318460C37BD465DF8047B704700BF7E
:101160007C45002080B586B000AF7860264B1A8899
:101170004FF6FF739A4244D0244B1B780133DAB206
:10118000224B1A70224B1A7B204B1B789A4213D3A6
:101190001D4B1B8818461F49FFF7B8FF78617B6914
:1011A000002B08D01A4B9B69002B04D0184B9B696D
:1011B0007869984725E024E0144B00221A70144BFC
:1011C0001B7C002B11D0104B1B8818463B21FFF7CE
:1011D000A1FF38613B69002B07D00D4B9B69002BA9
:1011E00003D00B4B9B6938699847094B5B69002B0F
:1011F00007D000233B73064B5B6907F10C021046D6
:1012000098471837BD4680BD86450020844500209C
:10121000604500207C450020B0B584B000AF786008
:101220001C4A7B6814461D460FCD0FC495E8070085
:1012300084E80700184B00221A707B681B68002B9B
:101240000ED07B681A68154B1068516803C31348A9
:10125000FFF764FFF860FB68002B0AD0FB6815E01D
:101260000E48FFF75FFFF860FB68002B01D0FB68BA
:101270000CE00B4B4FF6FF721A800A4B00221A70DB
:1012800009480021094A08F011F9034618461037A9
:10129000BD46B0BD60450020B04500207C45002023
:1012A00086450020844500209C73050065110200DE
:1012B00080B584B000AF2448FFF738FF034683F0C1
:1012C0000103DBB2002B2ED0204B1B78002B0BD060
:1012D0001F4B5B69002B25D000233B711C4B5B69C6
:1012E0003A1D1046984729E01A4B1B78002B03D172
:1012F000174B5B68FB6002E0154B9B68FB60164B6D
:101300001846F968002208F005F9B860BB68002BA0
:1013100008D00F4B9B69002B04D00D4B9B69B8681C
:1013200098470BE00AE00A4B5B69002B06D00123CB
:101330003B70074B5B693A4610469847034B0022C7
:101340001A701037BD4680BD88450020B04500208A
:1013500060450020844500209045002080B582B083
:1013600000AF78607B689A880A4B1A800A4B7A68CB
:10137000103292E8030083E80300084B00221A7041
:10138000074BDB89002B01D1FFF792FF0837BD46E1
:1013900080BD00BF86450020884500208445002090
:1013A0006045002080B584B000AF78600C4B4FF6EC
:1013B000FF721A800B4B00221A700B4B184608F074
:1013C000DDF8F860FB68002B07D0084B9B69002B09
:1013D00003D0064B9B69F86898471037BD4680BD1F
:1013E000864500208445002090450020604500206F
:1013F00080B584B000AF78607B680633FB60FB6823
:101400001A88134BDB899A421ED1FB685B89022B39
:101410001AD1FB680C33184600F0AAF90346002BDA
:1014200002D0FFF745FF0FE00A4B184608F0A6F878
:10143000B860BB68002B07D0054B9B69002B03D01D
:10144000034B9B69B86898471037BD4680BD00BF05
:10145000604500209045002080B582B000AF7860E4
:10146000054B7A68083292E8030083E80300FFF72F
:101470001FFF0837BD4680BD8845002080B582B07B
:1014800000AF78607B681B88112B0DD0112B02DC1C
:10149000102B05D014E0122B0ED0502B08D00FE0EB
:1014A0007868FFF75BFF0BE07868FFF77BFF07E0EA
:1014B0007868FFF79DFF03E07868FFF7CDFF00BF76
:1014C0000837BD4680BD00BF80B584B000AF7860EE
:1014D0001A4B7A681068516803C31848FFF71EFE5C
:1014E000F860FB68002B24D11548FFF71FFE034668
:1014F00083F00103DBB2002B0DD0124B01221A70D6
:10150000114B1B8818460D49FFF700FEF8600F4B82
:1015100001221A700DE00E4B5B69002B07D00123EE
:101520003B720B4B5B6907F108021046984700239A
:10153000FB60FB6818461037BD4680BD7C45002027
:1015400088450020B04500208645002084450020C5
:101550006045002080B584B000AF0346FB80144B8B
:101560005B6CDB43184608F0B1F90346FB81FA894E
:101570004FF6FF739A4215D0FB890D4A5B00134466
:10158000FA889A80FB880B480B491A46012308F019
:10159000BBF9FB88074809491A46012308F0B4F94A
:1015A000012300E0002318461037BD4680BD00BF70
:1015B000B4450020B8450020FC450020F845002037
:1015C00080B584B002AF0346FB80FB880022009206
:1015D000034804491D2208F0A9F90837BD4680BD1B
:1015E000B8450020F845002080B582B000AF034622
:1015F000FB80FB88044805491A46002308F084F95B
:101600000837BD4680BD00BFB8450020FC4500201E
:1016100080B5A4B000AF184B9B6CDA43164B5B6CE3
:1016200013403A46104615491A4608F0C7F907F123
:1016300048013A464423084611461A462DF097FFC2
:101640000023C7F88C300FE0D7F88C305B0007F12F
:101650009002134433F8443C1846FFF7B1FFD7F823
:101660008C300133C7F88C30BA6CD7F88C309A4282
:10167000EAD89037BD4680BDB4450020B84500206B
:1016800080B584B000AF78607B681B88112B25D0B3
:101690001A2B29D0102B48D1FFF7BAFF7B689B8803
:1016A0001846FFF757FF034683F00103DBB2002B18
:1016B00005D00420E0211E4A07F08CFF35E07B684E
:1016C000DB7B022B14BF00230123FB737B689A880A
:1016D000FB7B1848184908F017F926E07B689B88BF
:1016E0001846FFF781FF20E07B689A887B681B7AA9
:1016F000C3F30313DBB2012BD4BF00230123DBB2FE
:101700000C480E4908F000F97B689A887B681B7AC0
:10171000C3F30313DBB2022BD4BF00230123DBB2DC
:101720000448074908F0F0F800BF1037BD4680BDF7
:10173000A0730500B84500200046002004460020A4
:101740000846002080B483B000AF78607B681B78C7
:101750001A467B6801331B781B029BB213439BB272
:101760009BB218460C37BD465DF8047B704700BF3E
:1017700080B584B000AF78607868FFF7E3FF034678
:10178000FB81FB8903F00103002B0CBF0023012325
:10179000DBB218461037BD4680BD00BF80B584B0AF
:1017A00000AF78607868FFF7CDFF0346FB81FB89C7
:1017B00003F00203002B0CBF00230123DBB2184609
:1017C0001037BD4680BD00BF80B584B000AF7860E3
:1017D00039600023FB73FB7B5A1CFA737A6813444D
:1017E0003A6812781A70FB7B5A1CFA737A681344B1
:1017F0003A6852781A70FB7B022B14BF0023012336
:10180000DBB2BB60BB68002B04D100204721044A37
:1018100007F0E0FEFB7B18461037BD4680BD00BFD9
:101820000874050080B483B000AF78604FF0804347
:101830007A68C3F804230C37BD465DF8047B704713
:1018400080B483B000AF78604FF080437A68C3F80B
:1018500008230C37BD465DF8047B704780B483B025
:1018600000AF0346FB71FB7903F1804301221A604C
:101870000C37BD465DF8047B704700BF80B485B06F
:1018800000AF0346FB80FB8803F1804300221A600F
:10189000FB8803F180431B68FB60FB681437BD467F
:1018A0005DF8047B704700BF80B483B000AF03468F
:1018B000FB80FB8803F180431B68002B0CBF0023D7
:1018C0000123DBB218460C37BD465DF8047B704738
:1018D00080B483B000AF0346FB714FF08043FA79C8
:1018E00002F00302C3F818250C37BD465DF8047BEF
:1018F000704700BF80B483B000AF0346FB714FF068
:101900008043D3F80C3403F00112FB7943F48033A5
:101910009A4214BF00230123DBB218460C37BD46A0
:101920005DF8047B704700BF80B483B000AF03460E
:10193000FB710C4B97F90720520953F82220FB79D1
:1019400003F01F0322FA03F303F00103002B0CBF83
:1019500000230123DBB218460C37BD465DF8047B3B
:10196000704700BF00E100E080B500AF0020FFF746
:10197000DBFF034683F00103DBB2002B03D0002022
:10198000062100F0E1F980BD3FDF7047184600BF37
:1019900040DF7047184600BF80B500AF08F0E8FF91
:1019A0000346002B02D0FFF7EFFF09E04FF48070F1
:1019B000FFF764FF0120FFF735FF0020FFF74EFF20
:1019C00080BD00BF80B500AF08F0D2FF0346002BFA
:1019D00002D0FFF7DDFF0CE00420FFF73FFF00BF60
:1019E0000120FFF787FF0346002BF9D1014B0022AE
:1019F0005A7080BD6C46002080B582B000AF0023D5
:101A00007B60144B1B78002B02D085237B601BE08E
:101A1000104B00229A600F4B00225A600D4B00229F
:101A20001A610C4B0022DA60FFF79EFF08F0A0FF5E
:101A3000034683F00103DBB2002B02D00120FFF745
:101A400047FF044B01221A707B6818460837BD46D1
:101A500080BD00BF6C46002080B485B000AF7860C8
:101A600039607B681B68FB6007E0FA683B689A4254
:101A700000D10CE0FB681B68FB60FB68002BF4D115
:101A80007B681A683B681A607B683A681A6014378A
:101A9000BD465DF8047B704780B485B000AF7860C8
:101AA0007B681B68FB60FB68002B03D0FB681A682F
:101AB0007B681A60FB6818461437BD465DF8047BE6
:101AC000704700BF80B584B000AF78601E4B5B7874
:101AD000DBB2002B17D07B68002B03D07B685B68E0
:101AE000002098470023FB7307F10F03184607F007
:101AF00077FE154B5B685A1C134B5A60FB7B1846EC
:101B000007F078FE1CE00023BB7307F10E031846B4
:101B100007F066FE7B68002B03D00C487968FFF75E
:101B20009BFF094B5B68002B01D1FFF735FF064B8C
:101B30005B685A1C044B5A60BB7B184607F05AFE80
:101B40001037BD4680BD00BF6C46002074460020A3
:101B500080B582B000AF0023FB71FB1D184607F073
:101B60003FFE094B5B685A1E074B5A60064B5B6889
:101B7000002B01D1FFF726FFFB79184607F03AFE4C
:101B80000837BD4680BD00BF6C46002080B584B0DC
:101B900000AF0346FB71FB79002B02D10A4BFB60BF
:101BA00001E00A4BFB60F868FFF776FFB860BB689E
:101BB000002B00D105E0BB685B68FA7910469847B6
:101BC000F1E71037BD4680BD744600207C460020FA
:101BD00080B500AF4FF48070FFF766FE0346002B20
:101BE0000CD04FF48070FFF749FE0120FFF728FE6C
:101BF0000D4B01225A700020FFF7C8FF4FF482708E
:101C0000FFF752FE0346002B0CD04FF48270FFF713
:101C100035FE0220FFF714FE034B01229A700120CB
:101C2000FFF7B4FF80BD00BF6C46002080B582B0D6
:101C300000AF78607B68002B02D10020FFF7A6FF81
:101C40000837BD4680BD00BF80B582B000AF00231D
:101C5000FB71FB1D184607F0C3FD0C4B1B7883F08E
:101C60000103DBB2002B01D0FFF7C6FE074BDB6898
:101C70005A1C064BDA60054B01229A70FB79184614
:101C800007F0B8FD0837BD4680BD00BF6C46002098
:101C900080B483B000AF0346FB71084B97F907206F
:101CA0005209F97901F01F01012000FA01F143F80E
:101CB00022100C37BD465DF8047B704700E100E060
:101CC00080B483B000AF0346FB71094B97F907203E
:101CD0005209F97901F01F01012000FA01F1603287
:101CE00043F822100C37BD465DF8047B704700BFF7
:101CF00000E100E080B483B000AF03463960FB71BF
:101D000097F90730002B0BDA0D49FB7903F00F032D
:101D1000043B3A68D2B25201D2B20B441A7609E0BF
:101D2000084997F907303A68D2B25201D2B20B444F
:101D300083F800230C37BD465DF8047B704700BF75
:101D400000ED00E000E100E080B582B000AF0246A7
:101D50000B46FA71BB71BB7997F9072010461946FB
:101D6000FFF7C8FF97F907301846FFF7A9FF97F963
:101D700007301846FFF78CFF0837BD4680BD00BF0F
:101D800080B582B000AF0346FB80FB88184600F0A8
:101D900023F803461B68012B14BF00230123DBB289
:101DA00018460837BD4680BD80B584B000AF0346F5
:101DB000FB80FB88184600F00FF8034600221A60EB
:101DC000FB88184600F008F803461B68FB60FB68B8
:101DD0001037BD4680BD00BF80B483B000AF03465E
:101DE000FB80FB8803F1804303F5C04318460C37A2
:101DF000BD465DF8047B704780B483B000AF786067
:101E0000044B7A68C3F804230C37BD465DF8047BA5
:101E1000704700BF0060004080B483B000AF7860BE
:101E2000044B7A68C3F808230C37BD465DF8047B81
:101E3000704700BF0060004080B483B000AF78609E
:101E4000054BD3F804237B68134018460C37BD4676
:101E50005DF8047B704700BF0060004080B483B031
:101E600000AF7860094B094A796801F5A27152F810
:101E7000212042F001017A6802F5A27243F8221093
:101E80000C37BD465DF8047B704700BF0060004022
:101E900080B483B000AF7860094B094A796801F5D6
:101EA000A27152F8212022F001017A6802F5A27293
:101EB00043F822100C37BD465DF8047B704700BF25
:101EC0000060004080B485B000AFF860B960134690
:101ED000FB71154A144BF96801F5A27153F82130D2
:101EE00023F4473323F44073F96801F5A27142F8F3
:101EF00021300D4B0C4AF96801F5A27152F82110FE
:101F0000BA68120202F4F850FA79120402F440326C
:101F100002431143FA6802F5A27243F82210143703
:101F2000BD465DF8047B70470060004080B483B01C
:101F300000AF7860074B7A6802F5A27253F822303E
:101F400003F4F8531B0A18460C37BD465DF8047BB2
:101F5000704700BF0060004080B483B000AF78607D
:101F6000074B7A6802F5A27253F8223003F440332B
:101F70001B0CDBB218460C37BD465DF8047B70477E
:101F80000060004080B483B000AF7860054B7A6891
:101F900002F5A272002143F822100C37BD465DF80D
:101FA000047B70470060004080B483B000AF78606D
:101FB0004FF0A04318460C37BD465DF8047B7047D0
:101FC00080B584B000AF7860F970BA707B703B1D4B
:101FD0001846FFF7E9FFF8607A68F978BB785B008C
:101FE00019437B789B0019433B7E1B0219433B7FBF
:101FF0001B041943FB6802F5E07243F82210103706
:10200000BD4680BD80B584B002AF78600B46FB70E2
:10201000FB780022009200220192786800210022C1
:10202000FFF7CEFF0837BD4680BD00BF80B584B046
:1020300002AF7860002300930023019378680021A9
:1020400001220023FFF7BCFF0837BD4680BD00BF5B
:1020500080B584B000AF78603B1D1846FFF7A4FF41
:10206000F8607A68FB6802F5E07253F8223023F0DA
:102070000203BB607A68FB6802F5E072B96843F856
:1020800022101037BD4680BD80B584B000AF7860A7
:102090000B46FB703B1D1846FFF786FFF8607A6819
:1020A0007968FB6801F5E07153F8213023F4403181
:1020B000FB6802F5E07243F822107A687968FB68E1
:1020C00001F5E07153F82110FB781B041943FB68FC
:1020D00002F5E07243F822101037BD4680BD00BF04
:1020E00080B584B000AF78603B1D1846FFF75CFFF9
:1020F000F860F86800F022F802467B6822FA03F3E1
:1021000003F0010318461037BD4680BD80B584B08A
:1021100000AF78603B1D1846FFF746FFF8607A680D
:10212000FB6802F5E07253F8223003F440331B0CD5
:10213000DBB218461037BD4680BD00BF80B483B007
:1021400000AF78607B68D3F8103518460C37BD4671
:102150005DF8047B704700BF80B586B000AFF860C3
:10216000B9607A604FF0A0433B61FB687B6112E08D
:102170007B699B0007F11802134453F8083C18468A
:10218000FFF7DCFF02467B681A607B6804337B60E4
:102190007B6901337B61FA68BB681A447B699A42A8
:1021A000E6D81837BD4680BD80B485B000AF7860F2
:1021B00039603B68FB607B68DB08BB607B6803F0D1
:1021C00007037B607B6801229A40F968BB680B4477
:1021D0001B78134018461437BD465DF8047B7047E2
:1021E00080B485B000AF786039603B68FB607B6885
:1021F000DB08BB607B6803F007037B60FA68BB68A1
:102200001344F968BA680A441278D1B27A68012096
:1022100000FA02F2D2B20A43D2B2D2B21A70143722
:10222000BD465DF8047B704780B483B000AF786032
:102230000D4A7B68134440331B785BB2002B09DBEB
:10224000094A7B68134440331B785BB2072B01DCDF
:10225000012300E0002303F00103DBB218460C3732
:10226000BD465DF8047B70478046002080B483B093
:1022700000AF7860084A7B68134440331B785BB238
:10228000072BD4BF00230123DBB218460C37BD4611
:102290005DF8047B704700BF8046002080B483B0A7
:1022A00000AF7860074A7B68134440331B78DB43F8
:1022B000DBB2DB09DBB218460C37BD465DF8047BA8
:1022C000704700BF8046002080B485B000AFF86042
:1022D000B9607A60FB70BB68DAB20E49FB680B44E8
:1022E00040331A700B4BBA68796843F82210FB78B8
:1022F00083F00103DBB2002B07D0BB68083BFA6810
:10230000D2B204490B4483F860201437BD465DF80F
:10231000047B70478046002080B483B000AF7860B3
:10232000054A7B6813444033FF221A700C37BD46C0
:102330005DF8047B704700BF8046002080B483B006
:1023400000AF7860054A7B68134440331B785BB26A
:1023500018460C37BD465DF8047B70478046002068
:1023600080B483B000AF7860044B7A6853F82230B1
:1023700018460C37BD465DF8047B70478046002048
:1023800080B588B000AFF860B9601346FB71FF23D9
:10239000FB77FB79002B01D0002300E008237B6151
:1023A000FB79002B01D0082300E010233B617B69FF
:1023B000BB6112E00E4BBA6953F82230B3F1FF3F14
:1023C00008D1FB79F868B969BA68FFF77DFFBB6986
:1023D000FB7706E0BB690133BB61BA693B699A428E
:1023E000E8D3FB7F5BB218462037BD4680BD00BFF7
:1023F0008046002080B483B000AF0346FB71FA79B9
:10240000094B4FF0FF3143F82210FB79072B06D917
:10241000FB79083B044A1344FF2283F860200C3701
:10242000BD465DF8047B70478046002080B582B0D1
:1024300000AF1D4B93F86830002B03D008233B609E
:102440003B682CE00023FB7106E0FB791846FFF7A0
:1024500063FFFB790133FB71FB791F2BF5D9002357
:10246000FB7106E0FB791846FFF7C4FFFB790133E7
:10247000FB71FB790F2BF5D906200621FFF764FCD1
:102480004FF4BE70FFF790FC4FF00040FFF7B4FC34
:10249000054B012283F8682000233B603B68184607
:1024A0000837BD4680BD00BF8046002080B400AF25
:1024B000064B93F86830002B0CBF00230123DBB2DE
:1024C0001846BD465DF8047B704700BF804600207B
:1024D00080B586B000AFF860B9607A6000237B6198
:1024E000F868FFF7DBFE0346002B02D008237B6170
:1024F00040E0BB68DB78F86879681A46FFF740FF70
:102500000346FB7497F91330B3F1FF3F30D0BB683B
:102510009B78002B03D0F868FFF79AFD05E0BB68B5
:102520005B78F8681946FFF76DFDBB68DB78002B18
:1025300009D097F91320BB681B781046F9681A4632
:10254000FFF7C0FC16E097F91330083B97F913200A
:10255000083A0B490A4492F86010BA68127892015E
:10256000D2B20A43D2B206490B4483F8602001E09C
:1025700004237B617B6918461837BD4680BD00BFC8
:102580008046002080B586B000AF78600B46FB70B7
:102590007868FFF76BFE0346002B27D07868FFF7BB
:1025A000CDFE0346083B2A4A134493F86030BB75BE
:1025B000BB7D9B097B757B7D032B0AD17868FFF778
:1025C0008FFD0346002B01D0032300E00223FB759F
:1025D00006E07B7D012B01D1022300E00323FB7584
:1025E000FB7D78681946FFF74FFD2DE07868FFF70F
:1025F0001BFE0346002B27D07868FFF79FFE03469B
:102600003B613B699BB240339BB29B00FB813B69C2
:102610001846FFF723FCFB891846FFF7C5FBFB783C
:10262000002B11D07868FFF789FE03461846FFF7A4
:1026300097FEB860BB68002B06D001223B6902FA06
:1026400003F31846FFF7D8FB1837BD4680BD00BF1F
:102650008046002080B584B000AF78607868FFF7CE
:1026600005FE0346002B04D078680021FFF70CFD1F
:1026700015E07868FFF7D8FD0346002B0FD0786887
:10268000FFF75CFE0346FB60FB681846FFF700FCA3
:102690000122FB6802FA03F31846FFF7BDFB10376F
:1026A000BD4680BD80B582B000AF78607868FFF726
:1026B000D1FF7868FFF7B8FD0346002B06D0786895
:1026C000FFF73CFE03461846FFF75CFC7868FFF70F
:1026D000ADFC7868FFF732FE0346DBB21846FFF721
:1026E00089FE7868FFF718FE0837BD4680BD00BF39
:1026F00080B582B000AF78607868FFF7F1FC0346E0
:10270000002B0CBF00230123DBB218460837BD465F
:1027100080BD00BF80B594B000AF0023FB640023F0
:10272000FB604FF48073A7F8463001233B6400231D
:10273000BB6421E0B7F846301846FFF721FB03469B
:10274000002B0ED0386CFFF777FB0346002B08D028
:10275000B7F846301846FFF727FBFA6C3B6C13437B
:10276000FB643B6C5B003B64B7F846300433A7F86E
:102770004630BB6C0133BB64BB6C072BDAD94FF41A
:10278000BE70FFF7FDFA0346002B0ED04FF4BE706B
:10279000FFF70AFBFB6C43F00043FB6407F10C03FB
:1027A000002001211A46FFF7D7FCFB6CDBB2002B9F
:1027B00029D001233B640023BB6421E03A6CFB6C0D
:1027C0001340002B16D0B86CFFF7B0FB7863B86CE1
:1027D000FFF7C2FB034687F83330B86CFFF7C0FD44
:1027E000F862FB6A002B05D097F83320FB6A786B00
:1027F000114698473B6C5B003B64BB6C0133BB6488
:10280000BB6C072BDAD9FB6C002B80F2F080002325
:1028100087F83B300023BB600023FB630BE0FB6BBE
:102820009B0007F150010B444FF0FF3243F84C2C52
:10283000FB6B0133FB63FB6B002BF0D0002387F8AD
:102840003B300023BB6473E06A4ABB6C13446033C3
:102850001B7887F82B3097F82B3023F0C0037B626E
:10286000644ABB6C134460331B785BB2B3F1FF3F27
:102870005BD03B1D786A1946FFF796FC0346002B98
:1028800053D097F82B309B0987F82330786AFFF7ED
:1028900055FD03461846FFF763FDF861FB69002B01
:1028A00003D197F82330032B3FD197F82330032B24
:1028B00005D107F10803786A1946FFF791FC786A99
:1028C000FFF724FC0346FB7607F10C03786A1946F0
:1028D000FFF76AFC78617B69002B02D0FB7E022B3C
:1028E00005D07B69002B20D1FB7E032B1DD197F8EF
:1028F0002330032B10D1FB7E022B01D1032300E0F8
:102900000223FB74FB7C786A1946FFF7BDFB97F83E
:102910003B30013387F83B30FB69002B05D097F83B
:102920002320FB69786A11469847BB6C0133BB646E
:10293000BB6C072B88D997F83B30002B52D0012372
:1029400087F83A303B46002001211A46FFF704FC85
:102950000023FB6316E0FB6B9B0007F1500213445E
:1029600053F8502CFB6B9B0007F150010B4453F8BC
:10297000443C9A4203D0002387F83A3005E0FB6BD1
:102980000133FB63FB6B002BE5D097F83A30002B4B
:1029900003D0002387F83B3024E00023FB631EE0D4
:1029A000FB6B9B0007F15002134453F8502CFB6B58
:1029B0009B0007F150010B4443F8442CFB6B9B0038
:1029C00007F15002134453F8482CFB6B9B0007F1AE
:1029D00050010B4443F84C2CFB6B0133FB63FB6B46
:1029E000002BDDD097F83B30002B7FF427AF50371A
:1029F000BD4680BD8046002080B483B000AF134642
:102A00000246FA710A46BA717B710949FB797A79F3
:102A100051331B010B445A600549FB79BA79513394
:102A20001B010B441A600C37BD465DF8047B7047F0
:102A30000070004080B582B000AF03463960FB7182
:102A40001E49FB793A68127802F003003A6852781E
:102A5000120102F0300210433A689278120202F436
:102A6000E06210433A68D278120302F480521043B5
:102A70003A681279120402F4E02210433A6852795B
:102A8000120502F4801210433A689279120602F09D
:102A9000807202431B010B4403F5A3631A603B6879
:102AA000DA793B681B7AF979084611461A46FFF72E
:102AB000A3FF00BF0837BD4680BD00BF00700040C7
:102AC00080B483B000AF0346FB71FB7903F1804310
:102AD00003F5E83301221A600C37BD465DF8047B2C
:102AE000704700BF80B483B000AF0346FB80FB8813
:102AF00003F1804303F5E8331B68002B0CBF002370
:102B00000123DBB218460C37BD465DF8047B7047E5
:102B100080B485B000AF0346FB80FB8803F180439F
:102B200003F5E83300221A60FB8803F1804303F5C4
:102B3000E8331B68FB60FB681437BD465DF8047B17
:102B4000704700BF80B483B000AF7860044B7A68F0
:102B5000C3F804230C37BD465DF8047B704700BF03
:102B600000D0014080B400AF034B0122C3F8002520
:102B7000BD465DF8047B704700D0014080B400AFD3
:102B8000034B0022C3F80025BD465DF8047B704767
:102B900000D0014080B483B000AF02460B46FA710A
:102BA000BB71084BFA7902F00101BA79520002F0C8
:102BB00002020A43C3F808250C37BD465DF8047BC2
:102BC000704700BF00D0014080B483B000AF786090
:102BD000044B7A68C3F804250C37BD465DF8047BC6
:102BE000704700BF00D0014080B483B000AF786070
:102BF0003960064B7A68C3F84025044B3A68C3F83D
:102C000044250C37BD465DF8047B704700D0014079
:102C100080B483B000AF02460B46FA71BB71064B1D
:102C2000FA79C3F81825044BBA79C3F81C250C3778
:102C3000BD465DF8047B704700D0014080B483B08E
:102C400000AF78603960064B7A68C3F86025044BA2
:102C50003A68C3F864250C37BD465DF8047B7047BD
:102C600000D0014080B400AF034BD3F86035184664
:102C7000BD465DF8047B704700D0014080B483B04E
:102C800000AF78604FF0A04318460C37BD465DF8A2
:102C9000047B704780B584B000AF7860F970BA707B
:102CA0007B703B1D1846FFF7E9FFF8607A68F978FA
:102CB000BB785B0019437B789B0019433B7E1B026A
:102CC00019433B7F1B041943FB6802F5E07243F88C
:102CD00022101037BD4680BD80B584B002AF786049
:102CE000002300930023019378680121012200232F
:102CF000FFF7D0FF0837BD4680BD00BF80B584B068
:102D000002AF78600B46FB70FB7800220092002235
:102D10000192786800210022FFF7BCFF0837BD460A
:102D200080BD00BF80B584B000AF78603B1D184601
:102D3000FFF7A4FFF8607B68012202FA03F3F8684A
:102D4000194600F003F81037BD4680BD80B483B04B
:102D500000AF786039607B683A68C3F80C250C379F
:102D6000BD465DF8047B704780B500AF4FF48470BA
:102D7000FFF7B8FE0346002B1ED04FF48470FFF718
:102D8000C7FEFFF76FFF0246274BDB689A4209D167
:102D9000254B5B68244A1169234A1289084611466B
:102DA000984740E0204B5B681F4AD1681E4A128951
:102DB00008461146984736E04FF48070FFF792FEC0
:102DC0000346002B1FD04FF48070FFF7A1FE164B77
:102DD00001225A70FFF746FF0246134BDB689A4206
:102DE00008D1114B1A69104B1B8910461946FFF781
:102DF00025FF18E00C4BDA680B4B1B89104619466F
:102E0000FFF71CFF0FE04FF48270FFF76BFE0346E5
:102E1000002B08D04FF48270FFF77AFEFFF7AEFE6A
:102E2000014B00225A7080BDEC46002080B584B072
:102E300000AF786039603F4B1B78002B03D008232C
:102E4000FB60FB6871E07B68002B02D03B68002BC5
:102E500003D10723FB60FB6867E07B681B7A502B7C
:102E600008D87B685B7A502B04D87B689B89B3F5C4
:102E7000004F03D90723FB60FB6856E07B681A69A3
:102E80002C4BDA607B685A692A4B1A617B689A89F5
:102E9000284B1A81274B3A685A60264B00225A70F9
:102EA000244BDA68234B1B8910461946FFF7C6FEF0
:102EB0007B685B681846FFF787FE7B681A787B683B
:102EC0005B7810461946FFF765FE7B681A7A7B68C7
:102ED0005B7A10461946FFF79BFE7B689B78184685
:102EE000FFF7FAFE7B689B781846FFF71BFF7B68AD
:102EF000DB7818460121FFF701FF7B689B781A46B3
:102F00007B68DB7810461946FFF76EFE094B0122FD
:102F10001A700720FFF716FE7B689B7A1D20194662
:102F2000FEF712FF0023FB60FB6818461037BD4612
:102F300080BD00BFEC46002080B582B000AF134BCF
:102F40005B78002B0BD0114B5B78012B03D1002356
:102F50007B607B6815E011237B607B6811E00B4B85
:102F600002225A70094B02221A70FFF7FBFD4FF440
:102F70008070FFF7CDFD0020FFF7A2FD00237B60EE
:102F80007B6818460837BD4680BD00BFEC46002070
:102F900080B582B000AF114B5B78012B0DD00F4B89
:102FA0005B78002B05D1FFF7E9FD00237B607B6890
:102FB0000FE011237B607B680BE0084B02225A7004
:102FC000064B01221A700420FFF77AFD00237B6074
:102FD0007B6818460837BD4680BD00BFEC46002020
:102FE00080B483B000AF78600B46FB70FB787A68E2
:102FF000134401221A600C37BD465DF8047B70470C
:1030000080B483B000AF78600B46FB70FA787B68C1
:10301000134418460C37BD465DF8047B704700BF6B
:1030200080B485B000AF78600B467B807B887A687F
:10303000134400221A607B887A6813441B68FB6083
:10304000FB681437BD465DF8047B704780B483B0DD
:1030500000AF78600B467B807B887A6813441B68DE
:10306000002B0CBF00230123DBB218460C37BD46F2
:103070005DF8047B704700BF80B483B000AF786018
:1030800039607B683A68C3F800220C37BD465DF8AA
:10309000047B704780B483B000AF786039607B6890
:1030A0003A68C3F800230C37BD465DF8047B7047CF
:1030B00080B483B000AF78607B680122C3F800253C
:1030C0000C37BD465DF8047B704700BF80B485B007
:1030D00000AF786039600023FB730DE0FA7BFB7B67
:1030E0009B0039680B4419687B6802F5AC7243F8A1
:1030F0002210FB7B0133FB73FB7B032BEED91437D0
:10310000BD465DF8047B704780B483B000AF786043
:10311000F970BA703B80FA787B68C3F80C25BA78EE
:103120007B68C3F804253A887B68C3F808250C3708
:10313000BD465DF8047B704780B584B000AFF86091
:103140000B467A60FB727B681B68FA7AF868114656
:103150001A4600F01BF87B689B88FA7AF8681146DB
:103160001A4600F027F87B689B68FA7AF8681146DF
:103170001A4600F033F87B68DB68FA7AF868114683
:103180001A4600F03FF81037BD4680BD80B485B0C8
:1031900000AFF8600B467A60FB72FB7A7A68F968D8
:1031A00029335B010B441A601437BD465DF8047B7C
:1031B000704700BF80B483B000AF786013460A4602
:1031C000FA703B80FB783A88796829335B010B44BD
:1031D0005A600C37BD465DF8047B704780B485B0FB
:1031E00000AFF8600B467A60FB72FB7AFA685B010D
:1031F000134403F5A5637A681A601437BD465DF879
:10320000047B704780B485B000AFF8600B467A60ED
:10321000FB72FB7AFA685B01134403F5A5637A68D5
:103220005A601437BD465DF8047B704780B483B0A4
:1032300000AF786013460A46FA70BB70FA78BB7824
:103240001B021A437B68C3F810250C37BD465DF896
:10325000047B704780B483B000AF78600B467B80FE
:103260007A887B68C3F814250C37BD465DF8047B6B
:10327000704700BF80B485B000AF78607B681B0BDF
:10328000FB73FB7B5BB218461437BD465DF8047BCD
:10329000704700BF80B483B000AF78604FF0A043A8
:1032A00018460C37BD465DF8047B704780B584B086
:1032B00000AF7860F970BA707B703B1D1846FFF75D
:1032C000E9FFF8607A68F978BB785B0019437B788E
:1032D0009B0019433B7E1B0219433B7F1B04194390
:1032E000FB6802F5E07243F822101037BD4680BD3E
:1032F00080B584B002AF786000230093002301936F
:103300007868012101220023FFF7D0FF0837BD466E
:1033100080BD00BF80B584B000AF78603B1D18460B
:10332000FFF7B8FFF8607B68012202FA03F3F86840
:10333000194600F017F81037BD4680BD80B584B03F
:1033400000AF78603B1D1846FFF7A4FFF8607B686C
:10335000012202FA03F3F868194600F011F8103759
:10336000BD4680BD80B483B000AF786039607B68B3
:103370003A68C3F808250C37BD465DF8047B7047F2
:1033800080B483B000AF786039607B683A68C3F876
:103390000C250C37BD465DF8047B704780B588B0BE
:1033A00000AF786039600023FB7747E0FB7F3A6825
:1033B000D35CBB77BB7FFF2B34D0BB7F03F0800394
:1033C000002B0CBF002301237B77FB7FBA7F22F009
:1033D00080029B0007F120010B4443F8142C7B7FF3
:1033E000002B0AD0FB7F9B0007F12002134453F807
:1033F000143C1846FFF78EFF09E0FB7F9B0007F1A6
:1034000020010B4453F8143C1846FFF797FFFB7F4D
:103410009B0007F12002134453F8143C1846FFF7B1
:1034200067FF08E0FB7F9B0007F120010B444FF092
:10343000FF3243F8142CFB7F0133FB77FB7F032B18
:10344000B4D97B681A6807F10C0310461946FFF7D8
:103450003DFE2037BD4680BD80B586B000AFF86028
:10346000B9607A60FB681B79DA00384B13447B61E2
:103470007B691B79DBB2002B03D008233B613B69DE
:103480005FE07B697A681A60F868B968FFF786FFC1
:10349000FB681B681846FFF70BFEFB681868BB68E3
:1034A0005979BB689A79BB681B89FFF72DFEFB68C9
:1034B0001968BB689A7ABB68DB7A084611461A46D7
:1034C000FFF7B4FEFB681B6818460021FFF7D4FD28
:1034D000FB681B6818460021FFF7DCFDFB681B68D2
:1034E00018464FF48E71FFF79BFDFB681B6818466A
:1034F0004FF48871FFF794FDFB681B6818464FF482
:103500008A71FFF78DFDFB681B6818464FF48271C6
:10351000FFF786FD7B691B68002B0CD0FB681B68DE
:103520001846FFF7A7FE03461A46BB681B791046EC
:103530001946FEF709FC7B6901221A7100233B61E1
:103540003B6918461837BD4680BD00BF00470020C4
:1035500080B586B000AFF860B960FA71BB71BB6826
:1035600002221A71BB68FA795A71BB681B68002B7A
:1035700022D082237B61FB7903F00403002B03D06C
:103580007B6943F010037B61FB7903F00803002B98
:1035900003D07B6943F020037B61FB7903F01003C8
:1035A000002B03D07B6923F080037B61FB681B68E1
:1035B00018467969FFF76EFDFB681B6818464FF4E3
:1035C0008271FFF72DFDFB795BB2002B09DAFB68F6
:1035D0001A68BB7910461946FFF712FD38613B693E
:1035E00007E0FB681A68BB7910461946FFF7F8FC3C
:1035F000002318461837BD4680BD00BF80B588B08F
:1036000000AFF860B9603B601346FB80FB681B7934
:10361000DA002A4B1344BB61FB681B681846002183
:10362000BA68FFF789FDFB681B6818460121BA6874
:10363000FFF782FDFB8803F00103002B0CBF002382
:103640000123FB75FB681A68FB885B0899B2FB7D58
:103650009BB20B449BB210461946FFF7FBFD3B683B
:1036600003F00103002B02D01023FB610EE03B6846
:1036700003F00203002B07D0FB7D002B01D00823B1
:1036800000E00423FB6101E00023FB61FB681B6891
:103690001846F969FFF7F0FC3B68DAB2FB7D002BB6
:1036A00001D00C2300E00823F868B969FFF750FF48
:1036B000034618462037BD4680BD00BF00470020A6
:1036C00080B586B000AFF860B9607A607B80FB6837
:1036D0001B79DA001E4B13443B61FB681B681846DC
:1036E0000021BA68FFF728FDFB681B681846012116
:1036F0007A68FFF721FDFB681A687B881046194637
:10370000FFF7A8FD3B6A03F00103002B02D0102352
:103710007B6109E03B6A03F00203002B02D0042323
:103720007B6101E000237B61FB681B6818467969B7
:10373000FFF7A2FC3B6ADBB2F86839691A46082336
:10374000FFF706FF034618461837BD4680BD00BF89
:103750000047002080B584B000AF78600B46FB7056
:103760000023FB73786800F01FF80346002B02D09B
:103770000123FB7312E07B681B6818460421FFF7E6
:103780002FFC786800F010F80346002B03D00123CB
:10379000FB7300BF02E0FB78002BF2D1FB7B1846E5
:1037A0001037BD4680BD00BF80B584B000AF7860E3
:1037B0007B681B79DA00104B1344BB600023FB735A
:1037C000BB681B79DBB2022B01D00123FB737B6842
:1037D0001B6818464FF48271FFF738FC0346002B34
:1037E00004D0BB6801221A710123FB73FB7B1846CE
:1037F0001037BD4680BD00BF0047002080B582B0B5
:1038000000AF7860396078684FF48871FFF71EFC6C
:103810000346002B12D078684FF48871FFF700FC44
:103820003B685B7903F00403002B07D03B681B68FF
:10383000002B03D03B681B680120984778684FF441
:103840008A71FFF703FC0346002B12D078684FF40F
:103850008A71FFF7E5FB3B685B7903F00803002BF7
:1038600007D03B681B68002B03D03B681B68022015
:10387000984778684FF48E71FFF7E8FB0346002BFA
:1038800012D078684FF48E71FFF7CAFB3B685B7902
:1038900003F01003002B07D13B681B68002B03D0FB
:1038A0003B681B680020984778684FF48271FFF7E7
:1038B000CDFB0346002B0FD078684FF48271FFF7E1
:1038C000AFFB3B6801221A713B681B68002B03D0D9
:1038D0003B681B68032098470837BD4680BD00BF82
:1038E00080B500AF02480349FFF788FF80BD00BFE5
:1038F00000C001400047002080B483B000AF786072
:10390000044B7A68C3F804230C37BD465DF8047B8A
:10391000704700BF00D0004080B483B000AF786033
:10392000044B7A68C3F808230C37BD465DF8047B66
:10393000704700BF00D0004080B483B000AF0346A2
:10394000FB71084BD3F80823FB791340002B0CBF05
:1039500000230123DBB218460C37BD465DF8047B1B
:10396000704700BF00D0004080B483B000AF034672
:10397000FB71FB7903F1804303F5504301221A6088
:103980000C37BD465DF8047B704700BF80B485B03E
:1039900000AF0346FB80FB8803F1804303F55043EF
:1039A00000221A60FB8803F1804303F550431B6833
:1039B000FB60FB681437BD465DF8047B704700BFB1
:1039C00080B483B000AF0346FB80FB8803F18043E3
:1039D00003F550431B68002B0CBF00230123DBB20F
:1039E00018460C37BD465DF8047B704780B400AFC5
:1039F000044BD3F80835DBB21846BD465DF8047BAE
:103A0000704700BF00D000402FDF7047184600BF4E
:103A100030DF7047184600BF80B500AF4FF48070AC
:103A2000FFF7B4FF0120FFF767FF0020FFF79CFFBF
:103A300080BD00BF80B500AF0120FFF76DFF0420FF
:103A4000FFF792FF80BD00BF80B582B000AF786005
:103A500006F08EFF0346002B06D07868FFF7D4FFF0
:103A60000346002B00D106E0044804F089FD03461C
:103A7000DAB27B681A700837BD4680BD70740500E5
:103A800080B584B000AF78600B46FB700023FB600C
:103A90000023BB7207F10A03184605F0A1FE06F0E9
:103AA00067FF0346FB72FB7A83F00103DBB2002B56
:103AB00008D0FB78114879681A4604F035FDF860A3
:103AC000FFF7AAFFBB7A184605F094FEFB7A002B9D
:103AD0000CD0FB7878681946FFF79AFFF860FA680F
:103AE00042F207039A4201D10523FB60FB68022BD7
:103AF000CED0FB6818461037BD4680BD70740500F7
:103B000080B582B000AF0023FB71FB1D184605F0A5
:103B100067FE06F02DFF034683F00103DBB2002BA6
:103B200021D04FF48070FFF74BFF0346002B1AD0D3
:103B30000120FFF701FF0346002B14D04FF48070E3
:103B4000FFF724FFFFF752FF0346BB71BB1D094877
:103B5000194604F0DBFB074804F0BCFB0346002BCE
:103B600001D0FFF767FFFB79184605F043FE0837E1
:103B7000BD4680BD7074050080B483B000AF0346BD
:103B8000FB71094B97F907205209F97901F01F01E0
:103B9000012000FA01F1203243F822100C37BD4613
:103BA0005DF8047B704700BF00E100E080B483B0A3
:103BB00000AF0346FB71FB7903F1804303F5E0435B
:103BC00001221A600C37BD465DF8047B704700BFC8
:103BD00080B483B000AF0346FB80FB8803F18043D1
:103BE00003F5E0431B68002B0CBF00230123DBB26D
:103BF00018460C37BD465DF8047B704780B485B02D
:103C000000AF0346FB80FB8803F1804303F5E043EC
:103C100000221A60FB8803F1804303F5E0431B6830
:103C2000FB60FB681437BD465DF8047B704700BF3E
:103C300080B483B000AF13460246FA710A46BA71E7
:103C40007B710949FB797A7951331B010B445A6026
:103C50000549FB79BA7951331B010B441A600C37C3
:103C6000BD465DF8047B70470070004080B483B0AF
:103C700000AF13460246FA710A46BA807B800949B2
:103C8000FB79B7F9042090B2B7F90220120402437D
:103C90001B010B4403F5A3635A600C37BD465DF866
:103CA000047B70470070004080B483B000AF786040
:103CB000044B7A68C3F804230C37BD465DF8047BD7
:103CC000704700BF0070004080B483B000AF7860E0
:103CD000044B7A68C3F808230C37BD465DF8047BB3
:103CE000704700BF0070004080B485B000AF02464E
:103CF0000B46FA71BB71BB79002B01D1802300E028
:103D00004023FB60FB795B00FA6802FA03F3184674
:103D10001437BD465DF8047B704700BF80B400AF28
:103D2000034B0122C3F80025BD465DF8047B7047B4
:103D30000070004080B400AF034B0022C3F80025A0
:103D4000BD465DF8047B70470070004080B483B0CE
:103D500000AF78603960064B7A68C3F82C26044BB4
:103D60003A68C3F830260C37BD465DF8047B7047CF
:103D70000070004080B483B000AF0346FB71044B79
:103D8000FA79C3F8F0250C37BD465DF8047B70471F
:103D90000070004080B483B000AF0346FB71044B59
:103DA000FA79C3F8F4250C37BD465DF8047B7047FB
:103DB0000070004080B582B000AF0346FB7197F9F8
:103DC00007301846FFF7D8FE0837BD4680BD00BF54
:103DD00080B58CB000AF4FF48270FFF7F9FE034658
:103DE000002B45D04FF48270FFF708FF854B93F806
:103DF0002E3083F00103DBB2002B04D1814B93F80A
:103E00002F30002B34D000233B767E4B5B68FB6168
:103E10007C4B1B899BB23B847A4BDB68002B03D124
:103E2000784B00221A7419E0764B1A8B754B5A8323
:103E3000744BDA68734B5A60724B1A8B714B1A8150
:103E4000704B0022DA606F4B93F82E3083F0010341
:103E5000DBB2002B02D00020FFF7A8FE694B1B68E5
:103E600007F1180210469847664B002283F82F206E
:103E7000644B93F82E30002B5ED04FF48070FFF728
:103E8000A7FE0346002B57D04FF48070FFF7B6FE15
:103E90005C4B5A8B5B4B93F82D309A421BD9594B94
:103EA0005A8B584B93F82D30D31A9AB2554B5A83EC
:103EB000544B5A68534B1B899BB21946514B5B8B31
:103EC000CB1A5B001A444F4B93F82D30104619461D
:103ED000FFF73CFF29E04B4B5A8B4A4B93F82D30B0
:103EE0009A4214D1474BDB68002B10D0454B01227E
:103EF00083F82F20434B00225A83424BDA68414B10
:103F000093F82D3010461946FFF720FF0DE03D4B8A
:103F10005A8B3C4B93F82D309A4206D1394B0122F3
:103F200083F82F20374B00225A834FF48270FFF71B
:103F300065FE0420FFF73AFE4FF48870FFF748FE55
:103F40000346002B0ED04FF48870FFF757FE2D4B21
:103F500000221A7402233B732A4B1B6807F10C02E0
:103F6000104698474FF48A70FFF732FE0346002B45
:103F700007D04FF48A70FFF741FE224B00221A74DB
:103F80003CE0204B5B69FB6235E0FB6AB3FA83F3EC
:103F9000BB62BB6A4FF0004222FA03F3DB43FA6ACA
:103FA0001340FB62BB6A9BB246339BB29B00FB840F
:103FB000FB8C1846FFF70CFE0346002B1BD0FB8C36
:103FC0001846FFF71BFE01233B70FB8CA3F58C7397
:103FD000DB08DBB23B71FB8CA3F58C7303F00403AD
:103FE000002B14BF00230123DBB27B71054B1B6840
:103FF0003A4610469847FB6A002BC6D13037BD467B
:1040000080BD00BF3847002080B584B000AF786025
:1040100039602F4B93F82C30002B03D00823FB6022
:10402000FB6851E03B68002B03D10723FB60FB6872
:104030004AE07B68002B01D1264B7B60244B3A6819
:104040001A607B681B781846FFF794FE7B685B78E4
:104050001846FFF79FFE7B68DA781D4B83F82E2009
:104060001B4B012283F82C20194B00221A74184B89
:10407000002283F82D20164B00225A61144B002297
:1040800083F82F206FF00040FFF71EFE4FF4827080
:10409000FFF7B4FD4FF48070FFF7B0FD7B689B78AD
:1040A00007201946FDF750FE0220FFF7FDFD084BE3
:1040B00093F82E30002B02D00120FFF7F5FDFFF71B
:1040C0002DFE0023FB60FB6818461037BD4680BDFF
:1040D000384700208474050080B582B000AF6FF0CF
:1040E0000040FFF7F1FD0720FFF764FE0820FFF70F
:1040F0005DFD42F210737B6002E07B68013B7B60F8
:104100004FF48A70FFF764FD034683F00103DBB2CE
:10411000002B02D07B68002BEFD1FFF70BFE104B7A
:1041200000221A7400233B600FE00D4A3B680C33F9
:104130005B0013441B79002B04D03B68DBB21846AC
:1041400000F058F83B6801333B603B68072BECD923
:10415000034B002283F82C200837BD4680BD00BFEA
:104160003847002080B584B000AF03463960FB714A
:104170001F4B1B7CDBB2002B03D01123FB60FB68C1
:1041800031E0FB791A4A0C335B0013441B79002B96
:1041900007D1174B93F82D300133DAB2144B83F863
:1041A0002D20FB793A68D27911490C335B000B441E
:1041B0001A71FB793A68127A0D490C335B000B4493
:1041C0005A71FB7918463968FEF734FC3B68DA7996
:1041D0003B681B7AF979084611461A46FFF728FD15
:1041E0000023FB60FB6818461037BD4680BD00BF4A
:1041F0003847002080B584B000AF0346FB711D4BEB
:104200001B7CDBB2002B03D01123FB60FB682DE08D
:10421000FB79184A0C335B0013441B79002B07D041
:10422000144B93F82D30013BDAB2124B83F82D205A
:10423000FB79104A0C335B00134400221A71FB799E
:104240000C4A0C335B00134400225A71FB79184668
:1042500000210022FFF7ECFCFB791846064940F2EA
:10426000FF7200F0CFF80023FB60FB6818461037A0
:10427000BD4680BD3847002000F8FFFF80B584B000
:1042800000AF78600B467B801220FFF71DFD3B4B93
:104290001B7CDBB2022B06D11220FFF705FD112398
:1042A000FB60FB6866E0354B1B7CDBB2012B33D136
:1042B000324BDB68002B06D00220FFF7F5FC112300
:1042C000FB60FB6856E02D4B7A68DA602B4B7A88EE
:1042D0001A832A4B93F82E3083F00103DBB2002BB4
:1042E00013D000BF4FF48070FFF772FC034683F0D9
:1042F0000103DBB2002BF5D14FF48070FFF77EFC99
:104300007B8878681946FFF721FD0220FFF7CCFC77
:104310000023FB60FB682DE00220FFF7C5FC174B74
:1043200001221A74154B7A685A60144B7A881A81E4
:10433000124B0022DA60114B93F82E30002B0AD07A
:104340000E4B7A885A830D4B93F82D3078681946B6
:10435000FFF7FCFC0BE07B8878681946FFF7F6FC5A
:104360004FF48070FFF74AFC0020FFF71FFC00238A
:10437000FB60FB6818461037BD4680BD38470020FB
:1043800080B582B000AF00237B600C4B1B7CDBB29E
:10439000012B02D008237B600BE0084B93F82E30F2
:1043A000002B03D00020FFF701FC02E00420FFF700
:1043B000FDFB7B6818460837BD4680BD38470020A6
:1043C00080B582B000AF0E4B1B7CDBB2002B03D05C
:1043D00011237B607B680FE0094B02221A744FF4B3
:1043E0008870FFF70BFC1020FFF75EFC0C20FFF736
:1043F000DDFB00237B607B6818460837BD4680BD27
:104400003847002080B584B000AF13460246FA71E9
:104410000A46BA807B80F979B7F90420B7F90230EF
:10442000084611461A46FFF721FCFB791846002181
:10443000FFF75AFCF860B7F9043013F5006F10D19C
:10444000264B5A69FB795B0001334FF0004121FA9A
:1044500003F3DB431A40214B5A61F868FFF734FC41
:104460000EE01E4B5A69FB795B0001334FF00041AF
:1044700021FA03F31A43194B5A61F868FFF714FC49
:10448000FB7918460121FFF72FFCF860B7F90220ED
:1044900040F2FF739A420FD1104B5A69FB795B00CF
:1044A0004FF0004121FA03F3DB431A400B4B5A61F2
:1044B000F868FFF709FC0DE0084B5A69FB795B00CF
:1044C0004FF0004121FA03F31A43044B5A61F86894
:1044D000FFF7EAFB1037BD4680BD00BF384700201C
:1044E00080B483B000AF0346FB71094B97F90720F6
:1044F0005209F97901F01F01012000FA01F120327F
:1045000043F822100C37BD465DF8047B704700BFAE
:1045100000E100E080B483B000AF78600B46FB7030
:10452000FB787A68134401221A600C37BD465DF8A7
:10453000047B704780B485B000AF78600B467B8009
:104540007B887A68134400221A607B887A68134457
:104550001B68FB60FB681437BD465DF8047B704741
:1045600080B483B000AF78600B467B807B887A682C
:1045700013441B68002B0CBF00230123DBB2184639
:104580000C37BD465DF8047B704700BF80B483B034
:1045900000AF786039607B68D3F800223B68DB436A
:1045A0001A407B68C3F800220C37BD465DF8047BD7
:1045B000704700BF80B483B000AF786039607B681B
:1045C0003A68C3F804230C37BD465DF8047B704796
:1045D00080B483B000AF786039607B683A68C3F814
:1045E00008230C37BD465DF8047B704780B483B068
:1045F00000AF78607B680522C3F800250C37BD4604
:104600005DF8047B704700BF80B483B000AF786072
:104610007B680022C3F800250C37BD465DF8047B9B
:10462000704700BF80B485B000AFF860B9607A60B1
:10463000FB68BA68C3F80825FB687A68C3F80C25DC
:104640001437BD465DF8047B704700BF80B483B06B
:1046500000AF786039607B683A68C3F824250C376E
:10466000BD465DF8047B704780B485B000AF7860CC
:104670007B68D3F8C434FB607B68FA68C3F8C42451
:10468000FB6818461437BD465DF8047B704700BFD1
:1046900080B483B000AF78600B46FB70FA787B681B
:1046A000C3F888250C37BD465DF8047B704700BF12
:1046B00080B483B000AF78607B68D3F81835DBB284
:1046C00018460C37BD465DF8047B704780B483B054
:1046D00000AF78600B46FB70FA787B68C3F81C2546
:1046E0000C37BD465DF8047B704700BF80B483B0D3
:1046F00000AF786039607B683A68C3F800220C37F5
:10470000BD465DF8047B704780B582B000AF0346BC
:10471000FB7197F907301846FFF7E2FE0837BD46F0
:1047200080BD00BF80B485B000AF78607B681B0B94
:10473000FB73FB7B5BB218461437BD465DF8047B08
:10474000704700BF80B483B000AF78604FF0A043E3
:1047500018460C37BD465DF8047B704780B584B0C1
:1047600000AF78603B1D1846FFF7ECFFF8607B68F0
:10477000012202FA03F3F868194600F03BF81037FB
:10478000BD4680BD80B584B000AF78603B1D184643
:10479000FFF7D8FFF8607B68012202FA03F3F8689C
:1047A000194600F035F81037BD4680BD80B584B09D
:1047B00000AF78603B1D1846FFF7C4FFF860F8684B
:1047C00000F00AF802467B6822FA03F303F00103C3
:1047D00018461037BD4680BD80B483B000AF786006
:1047E0007B68D3F8103518460C37BD465DF8047B5E
:1047F000704700BF80B483B000AF786039607B68D9
:104800003A68C3F808250C37BD465DF8047B70474D
:1048100080B483B000AF786039607B683A68C3F8D1
:104820000C250C37BD465DF8047B704780B485B01D
:1048300000AF7860254BFB607B68002B40D0244B99
:104840001A68F9687B6800BF00BF00BF00BF00BFE7
:1048500000BF00BF00BF8A422FD000BF00BF00BF13
:1048600000BF00BF00BF00BF00BF00BF00BF00BF50
:1048700000BF00BF00BF00BF00BF00BF00BF00BF40
:1048800000BF00BF00BF00BF00BF00BF00BF00BF30
:1048900000BF00BF00BF00BF00BF00BF00BF00BF20
:1048A00000BF00BF00BF00BF00BF00BF00BF00BF10
:1048B00000BF00BF00BF00BF00BF013BC3D17B6092
:1048C0001437BD465DF8047B704700BF0024F40038
:1048D000D042002080B485B000AF78600323FB6035
:1048E0007B6803F00103002B02D04FF40243FB600E
:1048F0007B6803F00203002B02D048F20123FB6027
:104900007B6803F00403002B02D048F20223FB6013
:10491000FB6818461437BD465DF8047B704700BF3E
:1049200080B584B000AF78604FF0A0437A68126819
:1049300002F5E07240F20C6143F822104FF0A04300
:104940007A68526802F5E07240F20C6143F8221076
:104950007B681B681846FFF701FF7B685B68184699
:10496000FFF7FCFE4FF0A0437A68126802F5E07290
:1049700040F20D6143F822104FF0A0437A6852686C
:1049800002F5E07240F20D6143F822100420FFF7B7
:104990004DFF0023FB601FE07B685B681846FFF754
:1049A00005FF0346002B04D0FB68002B00D123E059
:1049B00015E07B681B681846FFF7E4FE0420FFF74C
:1049C00035FF7B681B681846FFF7C8FE0420FFF719
:1049D0002DFFFB680133FB60FB68082BDCDD7B6887
:1049E0005B681846FFF7CEFE0420FFF71FFF7B68C9
:1049F0005B681846FFF7B2FE1037BD4680BD00BFAA
:104A000080B588B000AFF860B9607A603B60FB6841
:104A10001B791A4613469B001344DB00354A1344A6
:104A2000FB61FB6993F82230002B03D00823BB61A4
:104A3000BB695AE0FB697A681A60FB693A685A6098
:104A4000FB6900229A60FB69002283F82520FB693C
:104A5000002283F82420BB689A7BFB6983F8272017
:104A6000BB685B7B002B02D0B868FFF759FF4FF0A3
:104A7000A043BA68126802F5E07240F20C6143F894
:104A800022104FF0A043BA68526802F5E07240F27B
:104A90000C6143F82210FB681B687B61BB681A68D5
:104AA000BB685B68786911461A46FFF7BBFDBB68B7
:104AB0009B6878691946FFF7C9FDFB691B68002BE5
:104AC0000CD0FB681B681846FFF72CFE03461A46FD
:104AD000BB681B7B10461946FDF736F9FB690122BE
:104AE00083F822200023BB61BB6918462037BD46EE
:104AF00080BD00BF6847002080B584B000AF7860FB
:104B00007B681B791A4613469B001344DB001D4A41
:104B10001344FB60FB681B68002B08D07B681B6894
:104B20001846FFF7FFFD03461846FFF7EDFD7868CE
:104B300000F048F8FB6893F8273083F00103DBB2FC
:104B4000002B17D04FF0A0437A681268D2F80825DE
:104B500002F5E07240F2023143F822104FF0A04318
:104B60007A681268D2F80C2502F5E07240F2023140
:104B700043F82210FB68002283F822201037BD463C
:104B800080BD00BF6847002080B584B000AF78606A
:104B90007B681B791A4613469B001344DB00084AC6
:104BA0001344FB607B681B68BB60B868FFF71EFDA1
:104BB000FB68022283F822201037BD4680BD00BF6B
:104BC0006847002080B584B000AF78607B681B79AF
:104BD0001A4613469B001344DB000D4A1344FB6046
:104BE0007B681B68BB60B8684FF0FF31FFF7F0FCD3
:104BF000B8684FF0FF31FFF7C9FCB868FFF704FD54
:104C0000FB68012283F822201037BD4680BD00BF1B
:104C10006847002080B584B000AFF860B9603B60A1
:104C20001346FB713B681B78FA799A420FD93B68AF
:104C30001B78BA6813441B78F8681946FFF746FDDD
:104C40003B681B780133DAB23B681A700CE03B7E9C
:104C5000002B05D0F8681C21FFF75CFC002304E062
:104C6000F8681421FFF756FC012318461037BD469B
:104C700080BD00BF90B585B000AFF860B9603B6003
:104C80001346FB713B681B78FA799A4224D93B683A
:104C90001B78BA68D418F868FFF70AFD034623703A
:104CA0003B681B780133DAB23B681A703B681B78AB
:104CB0001A46FB79013B9A4204D1F8680221FFF7BA
:104CC00015FD05E03B681B78FA799A4200D103E0B4
:104CD000F8682021FFF71EFC1437BD4690BD00BFC9
:104CE00080B588B002AFF860B9607A603B60BB689D
:104CF0001B78002B05D17B681B7897F820209A42FF
:104D000001D1012300E00023FB75FB7D03F00103CB
:104D1000FB75BB681B78002B0FD0F8684FF49271BD
:104D2000FFF708FCF8684FF48E71FFF703FCF86892
:104D30004FF48471FFF7FEFB73E0F8684FF4927153
:104D4000FFF70EFC0346002B0CD0F8684FF492716D
:104D5000FFF7F0FBF8681421FFF7DCFBBB680122CA
:104D60001A705EE0F8684FF48E71FFF7F9FB0346A6
:104D7000002B2CD0F8684FF48E71FFF7DBFBF8683E
:104D80004FF49271FFF7ECFB0346002B0CD0F86850
:104D90004FF49271FFF7CEFBF8681421FFF7BAFBCE
:104DA000BB6801221A703CE097F8203097F8242065
:104DB0000092F86839681A467B68FFF72BFF0346B4
:104DC00083F00103DBB2002B2BD000233CE0F8681A
:104DD0004FF48471FFF7C4FB0346002B21D0F86821
:104DE0004FF48471FFF7A6FBF8684FF49271FFF758
:104DF000B7FB0346002B0CD0F8684FF49271FFF715
:104E000099FBF8681421FFF785FBBB6801221A7033
:104E100007E097F82030F86839681A467B68FFF792
:104E200029FFFB7D002B0ED0F8684FF48271FFF74D
:104E300097FB0346002B06D0F8684FF48271FFF70A
:104E400079FB002300E0012318461837BD4680BDDA
:104E500080B58AB002AFF860B9607A60FB70002359
:104E6000FB6142F210737B61B8684FF48271FFF707
:104E700061FBB8684FF49271FFF75CFBB8684FF4C0
:104E80008E71FFF757FBB8684FF48471FFF752FB40
:104E9000B8680021FFF72AFCFB68002283F826206F
:104EA000FB68002283F82320B8682021FFF732FB3B
:104EB000B8680821FFF72EFBFB682633FA7897F8CD
:104EC00028100091B8687968FFF7A4FEFB681B689A
:104ED000002B0AD0FB6840F286229A60FB689B6830
:104EE000B8681946FFF766FB34E002E07B69013BD6
:104EF0007B617B69002B12DDFB6803F12302FB68F9
:104F00002633F978009197F828100191B868114676
:104F10001A467B68FFF7E4FE0346002BE6D1FB68E8
:104F200093F82330002B0AD0B868FFF79DFBB861D7
:104F3000BB69002B03D0B869FFF7CCFCF8617B6933
:104F4000002B07DCB868FFF75FFBB868FFF74EFB84
:104F50000323FB61FB6918462037BD4680BD00BFB7
:104F600080B58AB002AFF860B9607A60FB70002348
:104F7000FB6142F210737B61B8684FF48271FFF7F6
:104F8000D9FAB8684FF49271FFF7D4FAB8684FF4C1
:104F90008E71FFF7CFFAB8684FF48471FFF7CAFA41
:104FA000FB68002283F82620FB68002283F8232078
:104FB000FB78012B04D1B8680221FFF797FB03E0CF
:104FC000B8680121FFF792FBB8682021FFF7A2FA29
:104FD000B8680021FFF79EFAFB681B68002B0AD017
:104FE000FB6840F286229A60FB689B68B8681946A5
:104FF000FFF7E0FA33E002E07B69013B7B617B690C
:10500000002B11DDFB6803F12302FB682633F978DE
:10501000009100210191B86811461A467B68FFF79C
:105020005FFE0346002BE7D1FB6893F82330002B8B
:105030000AD0B868FFF718FBB861BB69002B03D032
:10504000B869FFF747FCF8617B69002B07DCB8689B
:10505000FFF7DAFAB868FFF7C9FA0323FB61FB69C7
:1050600018462037BD4680BD80B588B002AFF860D5
:10507000B9607A603B6000237B61B8684FF0FF3114
:10508000FFF7A6FAFB6893F82430DBB2002B09D0B7
:10509000FB689B68B8681946FFF78CFA11237B619F
:1050A0007B6965E03B6803F00403002B14BF002319
:1050B0000123DAB2FB6883F824203B6803F008037D
:1050C000002B03D006237B617B6951E0FB683A68C3
:1050D0009A61FB687A680C3307CA83E807007B682B
:1050E0009A78FB6883F820207B685A68FB68DA614D
:1050F0007B685B78B8681946FFF7CAFA7B681B784B
:10510000012B1FD07B681B78002B04D13B6803F078
:105110002003002B01D0012300E0002303F0010352
:10512000DAB2FB6883F821207B685A687B689B7839
:10513000F96891F821100091F868B968FFF788FEC6
:1051400078610CE0FB68002283F821207B685A68B4
:105150007B689B78F868B968FFF702FF7861FB68A5
:105160001B68002B03D1FB68002283F824207B6995
:1051700018461837BD4680BD80B586B000AFF860D0
:10518000B9607A6000237B61FB681B791A4613467D
:105190009B001344DB000D4A13443B617B6803F022
:1051A0000303002B03D006237B617B6909E0FB68C6
:1051B0001B6838691946BA687B68FFF755FF786144
:1051C0007B6918461837BD4680BD00BF6847002080
:1051D00080B588B000AFF8607A600A46FA72BB7298
:1051E00007F1140300221A60043300221A6004330A
:1051F00000221A600433FB7A7B75BB7ABB757B682F
:10520000BB6197F82830002B01D0202300E0002359
:1052100007F11402F86811461A46FFF7ADFF03467E
:1052200018462037BD4680BD80B588B000AFF86015
:105230007A600A46FA72BB7207F1140300221A6000
:10524000043300221A60043300221A60043301235D
:105250003B75FB7A7B75BB7ABB757B68BB6107F1DD
:105260001403F86819460022FFF786FF0346184624
:105270002037BD4680BD00BF90B58BB002AF7860CF
:1052800039603B6803F123013B6803F126023B6868
:10529000DB69386890F82040386890F82100009465
:1052A00001907868FFF71CFD0346002B00D07BE0DF
:1052B0003B6893F8233083F00103DBB2002B3ED030
:1052C0003B681B7B022B03D03B681B7B032B36D137
:1052D0003B68DA693B681B699A4230D13B685A697E
:1052E0003B68DA613B68DA7B3B6883F820203B68E7
:1052F0009B6903F02003002B0CBF00230123DAB2CB
:105300003B6883F821203B681B7B032B0DD13B6856
:10531000DA693B6893F82030396891F821100091E0
:1053200038687968FFF794FD3EE03B68DA693B68CE
:1053300093F8203038687968FFF712FE34E03A6855
:1053400007F110030C3207CA83E807003B6893F8A3
:105350002330002B13D07868FFF786F9F861FB69DA
:1053600003F00203002B02D001233B7306E0FB692C
:1053700003F00403002B01D002233B7301E0002360
:105380003B733B68002283F824203B689B6903F051
:105390000403002B08D13B681B683A68526807F188
:1053A0000C010846114698472437BD4690BD00BF02
:1053B00080B500AF02480349FFF75EFF80BD00BF24
:1053C000003000406847002080B588B000AF7860AA
:1053D0000023FB774DE02B4B1A68FB7FDB00134467
:1053E000BB61BB691B78012202FA03F37B61264B88
:1053F0001A687B691340002B38D07B69DA43224B53
:105400001B681A40204B1A60BB691B781846FDF7D1
:105410006FF90346FB74BB691B78012202FA03F3A0
:105420001A461A4B1B681A40F97CBB691B7801FAB3
:1054300003F39A421AD1FA7CBB695B78012B14BF43
:1054400000230123DBB29A4214BF00230123DBB205
:10545000FB60BB695B68002B08D0BB695B68BA69FD
:105460001178FA68D2B2084611469847FB7F01339B
:10547000FB77074B1B78FA7F9A42ACD32037BD46A7
:1054800080BD00BF90470020C0470020BC470020DF
:105490009447002080B584B000AF78600B46FB7065
:1054A0007B68012202FA03F3FB601E4B184604F0EE
:1054B00065F8B860BB68002B00D030E01A4B1A6862
:1054C000FB681340002B23D17868FDF711F90346E0
:1054D000002B06D0154B1A68FB681A43134B1A6051
:1054E00006E0FB68DA43114B1B681A400F4B1A6049
:1054F0000D4B1A68FB681A430B4B1A60094A0C4B98
:105500001B6810461946002204F004F8B86006E053
:10551000FB68DA43044B1B681A40034B1A601037D0
:10552000BD4680BD9C470020C0470020BC470020EE
:105530009847002080B588B000AFF8600B467A60CD
:10554000FB727B68042B01D807234AE0FCF7AEFF0F
:10555000034683F00103DBB2002B07D0FCF766FFA4
:10556000F861FB69002B01D0FB693AE01F4BFA6838
:105570001A601F4BFA7A1A701E4B7A681A601E4B1B
:1055800000221A601D4B00221A601FE0FB7ADB002C
:10559000FA681344BB6103233B7500237B7500232A
:1055A000BB750023FB75BB699B787B75BB691B785A
:1055B0001A4607F1140310461946114AFCF788FFF2
:1055C000F861FB69002B01D0FB690AE0FB7A5A1EE7
:1055D000FA72002BDAD10B4800210B4A03F066FF68
:1055E000034618462037BD4680BD00BF90470020C7
:1055F0009447002098470020BC470020C047002067
:105600009554020088740500C953020080B582B029
:1056100000AF00237B600CE00B4B1A687B68DB005B
:1056200013441B7818460121FCF7ACFF7B6801335B
:105630007B60064B1B781A467B689A42ECD80023A5
:1056400018460837BD4680BD90470020944700208B
:1056500080B483B000AF78607B6803F00303002B55
:1056600014BF00230123DBB218460C37BD465DF89A
:10567000047B704780B483B000AF0346FB71064BD8
:105680001A78FB791343DAB2034B1A700C37BD4614
:105690005DF8047B704700BFC447002080B483B02E
:1056A00000AF0346FB71FB79DB43DAB2064B1B7894
:1056B000DBB21340DBB2DAB2034B1A700C37BD46D3
:1056C0005DF8047B704700BFC447002080B483B0FE
:1056D00000AF0346FB71084B1A78FB791340DBB22D
:1056E000002B0CBF00230123DBB218460C37BD464C
:1056F0005DF8047B704700BFC447002080B584B0CC
:1057000000AF78600023FB600EE00A4BFA6853F8A4
:105710002230002B05D0074BFA6853F82230786806
:105720009847FB680133FB60FB68072BEDD9103706
:10573000BD4680BDC847002080B483B000AF78600C
:1057400039607B681B78013B052B5BD801A252F8BE
:1057500023F000BF6D5702007557020095570200F5
:10576000C7570200E7570200FD5702003B680022BE
:105770001A7048E03B6801221A707B681A893B68FE
:105780009A817B689A883B68DA817B68DA683B6833
:105790009A6038E03B6802221A707B681A893B687D
:1057A0009A817B689A883B68DA817B68DA683B6813
:1057B0009A607B681B7C062B14BF00230123DAB29E
:1057C0003B681A741FE03B6803221A707B68DA8812
:1057D0003B689A817B681A893B68DA817B68DA6862
:1057E0003B689A600FE03B6804221A707B68DA8895
:1057F0003B689A813B680022DA8104E03B6805221D
:105800001A7000E000BF0C37BD465DF8047B70479E
:1058100080B483B000AF78607B689A884FF6FF73DE
:105820009A4205D07B681B88002B01D0012300E041
:10583000002303F00103DBB218460C37BD465DF8C8
:10584000047B704780B582B000AF78607B68002B26
:1058500011D00D4B1A687B689A420CD80A4B5A68D3
:105860007B689A4207D37868FFF7F2FE0346002B65
:1058700001D0012300E0002303F00103DBB218464E
:105880000837BD4680BD00BF4844002080B584B0C5
:1058900000AF786039600023FB6012E0FB68DB003A
:1058A0007A6813441B681846FFF7D2FE034683F05C
:1058B0000103DBB2002B01D0002307E0FB680133BA
:1058C000FB60FA683B689A42E8D301231846103718
:1058D000BD4680BD80B483B000AF78607B681A6835
:1058E0000C4B9A4201D003230DE07B6804331B6804
:1058F000094A934204D0094A934203D1012302E0AA
:10590000002300E0032318460C37BD465DF8047BF6
:10591000704700BFDEC0ADDEFE011EF1FF011EF1CB
:1059200080B485B000AF78600023FB600CE0FB68BA
:105930009B007A6813441B68B3F1FF3F01D000233A
:1059400007E0FB680133FB60FB68B3F5806FEED3C3
:10595000012318461437BD465DF8047B704700BF2D
:1059600080B483B000AF02460B46FA80BB80FB8850
:105970000F4A1B01134408331A88BB881344BB80A9
:10598000FB880B4A1B01134408335A88BB88134415
:10599000BB80BA8840F2FF339A428CBF00230123B8
:1059A000DBB218460C37BD465DF8047B704700BF7C
:1059B000E448002080B485B000AF786039600A23E5
:1059C000FB6000237B811CE07B89134A1B0113448D
:1059D00004331A683B689A4210D27B890E4A1B0135
:1059E000134404331B6803F580523B689A4205D97F
:1059F0000023FB607B687A891A8005E07B8901338C
:105A00007B817B89042BDFD9FB6818461437BD46A0
:105A10005DF8047B704700BFE448002080B588B083
:105A200000AFF860B9607A60FB6803F58053BB6132
:105A30000023FB77FB680833FB60BB6802221A80F7
:105A400028E0FB687B617869FFF7E2FE034683F09C
:105A50000103DBB2002B02D00123FB7709E07B6955
:105A60009A68154B1B689A4203D97B699A68124B56
:105A70001A607B695B8803339B00FA681344FB6000
:105A8000BB681A887B695B8813449BB203339AB264
:105A9000BB681A80FA68BB699A4204D2FB681B682B
:105AA000B3F1FF3FCDD17B68002B02D07B68FA7F3A
:105AB0001A702037BD4680BDE847002080B483B00F
:105AC00000AF78600B467B807B681A897B88134423
:105AD0009BB203339AB27B681A817B685A897B88B0
:105AE000D31A9BB2033B9AB27B685A810C37BD46EE
:105AF0005DF8047B704700BF80B582B002AF074BF2
:105B00001B680022009206481946064A022301F04B
:105B100087FD03461846BD4680BD00BF34490020BE
:105B2000484400209074050080B584B002AF7860CE
:105B30000023009305487968054A022301F070FDAF
:105B4000034618460837BD4680BD00BF48440020C4
:105B50009874050080B584B000AF03463960FB80BF
:105B60000023FB73FB8803337B817A8940F2FD338A
:105B70009A4201D9092333E00023BB8127E0BB8986
:105B8000194A1B0113441B78002B1DD1BA897B894C
:105B900010461946FFF7E4FE0346002B14D00123FC
:105BA000FB733B68BA891A80BB89BA890E49120116
:105BB0000A44083251887A890A4492B20A491B0180
:105BC0000B4408335A8005E0BB890133BB81BB8994
:105BD000042BD4D9FB7B002B01D0002300E007234A
:105BE00018461037BD4680BDE448002080B483B01D
:105BF00000AF02460B46FA80BB80BB88BA880A49D0
:105C000012010A4408325188FA888A1A92B2033A79
:105C100092B205491B010B4408335A800C37BD462C
:105C20005DF8047B704700BFE448002080B400AFFB
:105C3000054B1B685A1C044B1A60034B1B68184623
:105C4000BD465DF8047B7047E847002080B584B00E
:105C500000AF03463960FB803B681B68FB60FB6854
:105C6000002B09D0FB68BB60BB685B8803339B00DB
:105C7000FA681344FB601CE0FB88184A1B011344BC
:105C800004331B680833FB6013E0FB68BB60B86833
:105C9000FFF7BEFD0346002B04D03B68FA681A608C
:105CA000012317E0BB685B8803339B00FA68134449
:105CB000FB60FB88094A1B01134404331B6803F58E
:105CC0008052FB689A4204D9FB681B68B3F1FF3F1E
:105CD000DBD1002318461037BD4680BDE4480020C4
:105CE00080B584B000AF786039607B685B68184627
:105CF000FFF7A8FD0346002B19D07B681A89254BB6
:105D00001B899A4213D17B681A687B685B689B6821
:105D10009A420CD17B685B6838681946FFF74AFEE7
:105D20000346002B14BF00230123DBB22DE03B68A8
:105D300000221A8024E00023BB6010E0BB68FB60F7
:105D4000FB689A687B681B689A4208D1BA687B68CE
:105D50005A60104B1A897B681A81012315E03B6851
:105D60001A8807F1080310461946FFF76FFF03462C
:105D7000002BE3D13B681B8801339AB23B681A8041
:105D80003B681B88042BD6D9002318461037BD4624
:105D900080BD00BF3C49002080B586B000AFF860F0
:105DA000B9607A603B600220FFF790FC034683F005
:105DB0000103DBB2002B01D002234FE07B68002BF4
:105DC00002D03B68002B01D1052347E041E03B684E
:105DD0009B88244A1B0113441B78002B00D032E01F
:105DE00024E03B681B687B61FB68002B06D07B6965
:105DF0009A88FB681B889A4200D017E0BB68002B8A
:105E000006D07B691A88BB681B889A4200D00DE0D7
:105E10007B699A687B681A603B681A687B685A607D
:105E2000114B1A897B681A81002317E03B689A8816
:105E30003B6810461946FFF709FF0346002BD0D1F7
:105E40003B6800221A603B689B8801339AB23B682A
:105E50009A803B689B88042BB9D90A2318461837C7
:105E6000BD4680BDE44800203C49002080B500AF1D
:105E7000194BD3F8A8201346DB009B1A9B00164A47
:105E80001344184600211C2229F095FB124BD3F82D
:105E9000AC30002B16D0104BD3F8A830591C0F4B48
:105EA000A3FB01239A0813465B0013445B00CA1A44
:105EB000094BC3F8A820084BD3F8AC305A1E064B48
:105EC000C3F8AC20044BD3F8AC30002B0CBF00233C
:105ED0000123DBB2184680BDEC470020ABAAAAAA7A
:105EE00080B483B000AF78607B681A68084B9A4230
:105EF00006D07B681B6803F108027B681A6002E029
:105F00007B68044A1A600C37BD465DF8047B704715
:105F1000D44800209C48002080B483B000AF786053
:105F20000D4B5B6C002B12D00B4B1B6CDA000A4B39
:105F30001A447B681A60084B1B6C013303F007029C
:105F4000054B1A64044B5B6C5A1E034B5A640C37A6
:105F5000BD465DF8047B70479C48002080B483B048
:105F600000AF78607B681B78022B03D07B681B78BE
:105F7000032B0DD1094B1A6C7B689B7D1A44074B90
:105F80001A64064B5A6C7B689B7DD21A034B5A6489
:105F90000C37BD465DF8047B704700BF9C4800206D
:105FA000B0B588B000AFF860B9607A600023FB77C5
:105FB000344BD3F8AC30052B5ED8334B5A6CBB68EE
:105FC000C3F108039A4257D82E4BD3F8AC202D4B7F
:105FD000D3F8A8301A442D4BA3FB021399080B46A3
:105FE0005B000B445B00D31A7B6126497A69134638
:105FF000DB009B1A9B00CA18FB6814461D460FCD98
:106000000FC495E8070084E807001E4BD3F8AC30B6
:106010005A1C1C4BC3F8AC20BB68002B2AD01A4B6F
:106020005A6C194B1B6C134403F007037B617B69AB
:10603000DA00154B13443B610023BB6110E03B6960
:10604000BA69D20079680A4492E8030083E8030041
:1060500007F110031846FFF743FFBB690133BB612B
:10606000BA69BB689A42EAD3074B5A6CBB681A44B8
:10607000054B5A640123FB77FB7F18462037BD464A
:10608000B0BD00BFEC4700209C480020ABAAAAAAE4
:1060900080B586B000AF00237B6100237B820023A4
:1060A0007B740023FB81A5E0574B1A68FB891B0317
:1060B0001344BB60B868FFF70DFC0346FB71FB7926
:1060C000012B66D0032B02D0002B3BD08FE0B868A9
:1060D000FFF726FC0346002B2BD04C4B1B68002BF4
:1060E0001AD07B8A4A4A1B01134402221A707B8A07
:1060F000474A1B0113440433BA681A607B8A444A36
:106100001B011344083302221A80424B7A8A5A80B8
:106110007B8A01337B8207E03C4BBA681A603B4BB9
:1061200002229A8001237B747B6943F001037B6127
:106130005DE07B8A5A1C7A82354A1B011344032294
:106140001A7054E07B8A324A1B01134400221A70F1
:106150007B8A2F4A1B0113440433BA681A607B8A76
:106160001B0103F108022A4B1A447B8A1B0103F12D
:106170000801274B0B440633B86811461A46FFF74F
:106180004DFC7B6943F002037B617B8A01337B8298
:106190002DE07B7C002B17D07B8A1D4A1B0113440A
:1061A00002221A707B8A194A126819491B010B4492
:1061B00004331A607B8A164A1B01134408330222F7
:1061C0001A807B8A01337B82104BBA681A60B868E8
:1061D00011490022FFF722FC0C4B9B88022B01D1B6
:1061E000042300E008237A6913437B6100BFFB8925
:1061F0000133FB81FB89052B7FF656AF7B69DBB250
:1062000018461837BD4680BD484400203449002058
:10621000E44800203C4900203849002080B586B081
:1062200002AF786039607B680433002200920A482C
:1062300039681A46012301F0F3F90346FB607B68D5
:1062400002221A74FB68002B01D1002300E00E2308
:1062500018461037BD4680BD4844002080B586B042
:1062600002AF786039603B6803F108027B680C3349
:10627000002100910D4811461A46012301F0D0F982
:106280000346FB607B689B7D002B01D0032300E06D
:1062900001237A681374FB68002B01D1002300E00E
:1062A0000E2318461037BD4680BD00BF484400206D
:1062B00080B586B002AF786039603B681A1D7B6894
:1062C0000833002100910D4811461A46012301F0C0
:1062D000A7F90346FB607B681B78032B01D10523DC
:1062E00000E006237A681374FB68002B01D10023B9
:1062F00000E00E2318461037BD4680BD48440020FC
:1063000080B586B002AF78600B467B800023009397
:106310000C4879680C4A012301F082F90346FB73AB
:10632000FB7B002B01D00E2307E07B88074A1B0173
:106330001344083301229A71002318461037BD46D2
:1063400080BD00BF484400208C740500E448002054
:1063500080B588B000AF786007F1080300221A60AA
:10636000043300221A60043300221A6004337B686D
:10637000DB68BB6007F1080207F1160310461946F7
:10638000FFF7AEFC0346002B11D0FB68BB61BB6975
:106390009A887B68DA80BB691A887B681A81FA68F8
:1063A000FB8A10461946FFF7ABFFF86101E00A23AC
:1063B000FB61FB6918462037BD4680BD80B586B0BD
:1063C00000AF78607B689A1D07F108031046002132
:1063D0001A460D4BFFF7E0FC78617B69002B08D172
:1063E000FA68094B9B8810461946FFF789FF7861C8
:1063F00004E005480021082229F0DDF87B691846F1
:106400001837BD4680BD00BF4C49002080B586B01E
:1064100002AF786039600023BB6007F108031846BB
:10642000FFF77AFD7B689B8A9B003A68D118BB68AE
:106430001A68BB689B8800200090124801F0F0F8B1
:106440000346FB607B689A8ABB689B8813449AB2B8
:106450007B689A827B689B7D013BDAB27B689A7588
:106460007B689B7D002B02D17B6801221A74FB683C
:10647000002B01D1002300E00E2318461037BD4643
:1064800080BD00BF4844002080B483B000AF144BEF
:106490001B8901339AB2124B1A81114B00225A8088
:1064A0000F4B0022DA730023FB8010E0FB88FA8890
:1064B0000C4912010A441278002A14BF002201225A
:1064C000D2B207490B449A72FB880133FB80FB88E8
:1064D000042BEBD90C37BD465DF8047B704700BF39
:1064E0003C490020E448002080B485B000AF7860CB
:1064F0000023FB730023BB8123E0BB89164A1344AE
:106500009B7A002B1AD0BB89134A134400229A723B
:10651000BB89124A1B01134408339B88002B0DD101
:10652000BB890E4A1B01134408339B79002B05D00D
:106530007B68BA891A800123FB7305E0BB890133AC
:10654000BB81BB89042BD8D9FB7B18461437BD46C9
:106550005DF8047B704700BF3C490020E448002000
:1065600080B500AF084B05221A70084B02229A80B2
:10657000064B1B68064819460122002301F0BAF8B1
:106580000346184680BD00BF3C4900203449002026
:106590004844002080B582B000AF124B5B887B80FE
:1065A0007B88114A1B01134408339B88002B11D1AF
:1065B0007B880D4A1B01134404331B680B481946A2
:1065C0000122002301F096F803467B60054B04226C
:1065D0001A7002E0FFF7C4FF78607B68184608373E
:1065E000BD4680BD3C490020E448002048440020CE
:1065F00080B586B002AF0F4B5B68FB600E4B1A682C
:106600000D4B9B889B001344BB60FB685B88033386
:10661000FB80084B03221A70064B5A68FB88002146
:1066200000910648B96800F0FBFF03461846103792
:10663000BD4680BD3C49002034490020484400202C
:1066400080B582B000AF0A4B5B8818460949FFF756
:10665000FDFA0346002B03D0FFF7CAFF786002E083
:10666000FFF798FF78607B6818460837BD4680BD05
:106670003C4900204049002080B500AF074B06226E
:106680001A70064B5B88064A1B01134404331B68CF
:106690001846FFF749FA0346184680BD3C490020DA
:1066A000E448002080B500AF054B07221A70044B68
:1066B00000225A60FFF720FA0346184680BD00BF4B
:1066C0003C49002080B500AF0C48FFF70DFF0346A2
:1066D00083F00103DBB2002B0BD0094B00221A70B0
:1066E000074B00225A80064B00225A6041F61D5388
:1066F00002E0FFF7A5FF0346184680BD3E49002093
:106700003C49002080B483B000AF094B5B687B60DC
:106710007B685B8803337B80064B9A887B881344B5
:106720009AB2044B9A800C37BD465DF8047B7047E3
:106730003C4900203449002080B483B000AF124BA4
:106740001B687B60114B5B88114A1B0113440433A7
:106750001A680D4B1A600D4B5B880D4A1B011344E0
:1067600004337A681A60094B5B88074A92880849A3
:106770001B010B4408331A80034B02229A800C370A
:10678000BD465DF8047B7047344900203C49002039
:10679000E448002080B500AF194B1B78072B2DD89B
:1067A00001A252F823F000BFC9670200FD67020092
:1067B000FD670200D5670200E1670200ED67020095
:1067C000ED670200F5670200FFF75EFE0C4B012249
:1067D0001A7014E0FFF796FF094B02221A700EE0C0
:1067E000FFF7AAFF064B06221A7008E0044B0722A7
:1067F0001A7004E0024B01221A7000E000BF80BD55
:106800003C49002080B586B000AF786039600F2326
:106810007B617B68002B04D00120FEF73FFF012342
:1068200097E03B681B79032B00F2898001A252F8A4
:1068300023F000BF4568020053680200BD680200F3
:10684000DF680200FFF758F978613B6801221A718E
:1068500076E00023FB7400233B821CE03B8A3F4A26
:106860001B0113441B78022B12D13B8A3B4A1B01AC
:10687000134404331B681846FFF756F978613B8AC6
:10688000364A1B01134400221A700123FB7405E0F1
:106890003B8A01333B823B8A042BDFD9FB7C83F0AC
:1068A0000103DBB2002B08D00220FEF7E3FE01203B
:1068B000FEF7F4FE41F61D534BE041E0284B1B6808
:1068C000284819460122002300F014FF03467B618B
:1068D000234B02229A803B6800221A7130E0204B41
:1068E0001B681846FFF720F978611F4B5B88FB8116
:1068F0001B4B1B68BB60FB89184A1B011344043304
:106900001A68174B1A60FB89144A1B01134404339D
:10691000BA681A60FB89124A928810491B010B441D
:1069200008331A800E4B02229A80FB890B4A1B0106
:10693000134400221A703B6800221A7100E000BF65
:106940007B69002B04D00120FEF7A8FE0E2300E097
:10695000002318461837BD4680BD00BFE44800201C
:1069600034490020484400203C49002080B586B0CE
:1069700000AF786039603B685B8A1A013B4B134477
:106980003B617B68002B07D03B68DB883869194680
:10699000FFF794F8012364E03B695A683B691B895F
:1069A0009B001344FB603B681B7C062B4CD801A268
:1069B00052F823F0F76902001B6A0200036A020022
:1069C0000F6A0200D1690200276A0200416A0200D0
:1069D000274B00225A603B689A69254B1A6024486D
:1069E0002449FFF77DF9034683F00103DBB2002B56
:1069F00001D00A2335E03868F968FFF70FFC7861A9
:106A000025E03868F968FFF729FC78611FE03868ED
:106A1000F968FFF7FBFC786119E03868F968FFF75F
:106A200047FC786113E0124B5A68124B1B881046E2
:106A30001946FFF765FC78613B6806221A7406E088
:106A400041F61D537B6102E00F237B6100BF7B6930
:106A5000002B05D03B68DB8838691946FFF72EF814
:106A60007B6918461837BD4680BD00BFE44800204A
:106A7000544900206049002080B584B000AF7860A0
:106A800039607B68002B01D0012323E03B681B7930
:106A9000012B0BD0022B15D0002B17D13868FFF734
:106AA00057FCF8603B6802221A7112E03868FFF761
:106AB00085FCF860FB680A2B03D141F61D53FB608F
:106AC00007E006E041F61D53FB6002E00F23FB6088
:106AD00000BFFB6818461037BD4680BD80B584B046
:106AE00000AF78607B68002B01D001233CE0204B95
:106AF000DB7B002B03D01E4B0022DA7301E0FFF793
:106B000049FE1B4B1B78013B062B29D801A252F8EA
:106B100023F000BF316B0200396B0200416B0200B1
:106B2000496B0200616B0200516B0200596B02005D
:106B3000FFF7C8FDF86016E0FFF782FDF86012E08D
:106B4000FFF756FDF8600EE0FFF724FDF8600AE05D
:106B5000FFF792FDF86006E0FFF7A4FDF86002E0A1
:106B60000F23FB6000BFFB6818461037BD4680BD91
:106B70003C49002080B58AB000AF0346FB71334B1F
:106B8000D3F8A8201346DB009B1A9B002F4A13441E
:106B90003B623B6A1B78013B052B2AD801A252F8C5
:106BA00023F000BFBD6B0200CB6B0200CB6B020079
:106BB000D96B0200D96B0200E76B0200FB79184623
:106BC000396AFFF71FFE786216E0FB791846396ACA
:106BD000FFF7CCFE78620FE0FB791846396AFFF7C1
:106BE0004BFF786208E0FB791846FFF777FF786281
:106BF00002E00F237B6200BF7B6A002B23D07A6AFE
:106C000041F61D539A4202D100233B6104E07B6AA6
:106C10003B61386AFFF7A2F907F10C03386A19469D
:106C2000FEF78AFD07F10C031846FEF767FDFFF734
:106C30001DF90346002B03D00020FFF79BFF02E065
:106C40000420FEF72BFD2837BD4680BDEC47002011
:106C500080B500AF0420FEF739FD034683F0010341
:106C6000DBB2002B05D00420FEF704FD0020FFF767
:106C700081FF80BD80B582B000AF78600B46FB70AD
:106C8000FB781846FFF776FF0837BD4680BD00BF8A
:106C900080B590B000AFF860B9607A60FB700023F7
:106CA000FB860023FB870220FEF710FD034683F0DE
:106CB0000103DBB2002B01D002239DE0BB68002B57
:106CC00001D1052398E0BB681A884FF6FF739A42FA
:106CD00003D0BB685B88002B01D104238CE0BB6828
:106CE0005A68BB681B8910461946FEF7CFFD03465C
:106CF00083F00103DBB2002B01D003237CE07B682F
:106D0000002B21D10023BB630BE0BB685A68BB6B2F
:106D1000DB0013449A88FB8F1344FB87BB6B013362
:106D2000BB63BB681B891A46BB6B9A42EDD8FA8FCE
:106D300007F1120310461946FEF70CFF38633B6B50
:106D4000002B07D03B6B57E07B681B887B827B68FE
:106D50005B88FB87FB783B75002387F824307B8AB0
:106D6000FB84BB681B89DBB287F82A3003233B8591
:106D7000FEF75CFF03463B62BB681B88BB83BB68B6
:106D80005B883B83FB8F7B83FB78032B05D104233C
:106D900087F82430FB681B68FB62FB8EFB83BB68B3
:106DA0001B891A46BB685B6807F114010846114647
:106DB0001A46FFF7F5F8034683F00103DBB2002B18
:106DC00007D07B8AFA8F10461946FEF70FFF08237B
:106DD00012E0FB68002B0CD0FB6800225A603A6A74
:106DE000FB681A60FB6800229A72054B1A89FB68DF
:106DF0001A81FFF72DFF002318464037BD4680BD9E
:106E00003C49002080B485B000AF78600E4B1B7801
:106E1000082B02D10C23FB600EE00B4B1B781A46AB
:106E20000A4B796843F82210074B1B780133DAB21A
:106E3000054B1A700023FB60FB6818461437BD46EB
:106E40005DF8047B704700BFC5470020C84700209D
:106E500080B58EB000AF07F1200300221A60043322
:106E600000221A60043300221A60043300221A60E0
:106E7000043300221A6004330220FEF727FC034685
:106E8000002B06D007F120031846FEF737FC00233D
:106E900057E00120FEF71AFC0346002B01D0002327
:106EA0004FE00120FEF7E6FB00F02EFB01233B71D3
:106EB000FFF7EEF8034687F8373097F837300B2B9B
:106EC00035D801A252F823F0F96E0200176F0200C4
:106ED000F96E0200176F02002F6F0200296F020087
:106EE000FD6E0200296F02002F6F02001D6F02006D
:106EF000236F02001D6F02000B2322E00220FEF729
:106F0000B9FB0120FEF7CAFB07F120031846FEF784
:106F1000F5FB002315E000233B7209E003233B72DD
:106F200006E002233B7203E001233B7200E000BF56
:106F30003B1D184600210022FFF732F8FFF788FEBC
:106F4000002318463837BD4680BD00BF80B584B0E9
:106F500000AF786039607B68002B02D03B68002B63
:106F600001D1052327E007F10A0378681946FEF7E7
:106F7000B7FE0346002B1DD07B685B68FB607B89F6
:106F80000F491A010A4408329288013292B20C4920
:106F90001B010B4408339A803B68FA681A607B68CF
:106FA0005B6803F10C023B685A607B6801229A72AD
:106FB000002300E00A2318461037BD4680BD00BFFD
:106FC000E448002080B584B000AF78607B68002B77
:106FD00001D105232DE007F10A0378681946FEF771
:106FE0007FFE0346002B21D07B89144A1B011344EA
:106FF00008339B88002B16D07B689B7A002B12D01D
:107000007B890E491A010A4408329288013A92B2E9
:107010000A491B010B4408339A807B6800229A724C
:107020000023FB6004E00623FB6001E00A23FB6011
:10703000FB6818461037BD4680BD00BFE4480020FD
:1070400080B582B000AF7860396078683968002216
:107050000223FFF71DFE034618460837BD4680BDD4
:1070600080B582B000AF786039607B68002B01D1B9
:10707000052306E07868396800220323FFF708FE3D
:10708000034618460837BD4680BD00BF80B588B0AE
:1070900000AF0220FEF71AFB034683F00103DBB2C8
:1070A000002B01D0022316E006233B713B1D18463E
:1070B00000210022FEF774FF0346002B0AD0084B84
:1070C0001B78002B02D0064B0122DA73FFF7C0FDBC
:1070D000002300E0082318462037BD4680BD00BFCE
:1070E0003C49002080B584B000AFBA607B600346A5
:1070F000FB810B46BB8107F10E0207F10C03104622
:107100001946BA687B68FEF747FE034618461037F3
:10711000BD4680BD80B483B000AF4FF010235B69E3
:107120007B607B68B3F1FF3F01D07B6803E04FF0E9
:1071300080535B691B0318460C37BD465DF8047B22
:10714000704700BF29DF7047184600BF28DF70472F
:10715000184600BF80B586B000AF78600B46FB7064
:1071600007F1080318460021102228F024FA7B6852
:107170001B7A012B02D0022B09D015E000233B72B1
:107180007B681B693B617B689B8ABB820CE00123A7
:107190003B727B689A897B68DB89D31A9BB23B82FE
:1071A0007B689B897B8200BF7B685B68FB607B6838
:1071B0001B689B6807F10801FA7808461146984752
:1071C0001837BD4680BD00BF80B483B000AF786083
:1071D0007B68002B09D07A68074B9A4205D37A68FE
:1071E000064B9A4201D2012300E0002318460C37D7
:1071F000BD465DF8047B7047484400206844002089
:1072000080B584B000AF78607B689B8A1A467B6843
:10721000DB8AD31AB3F5806F06DA7B689A8A7B68BB
:10722000DB8AD31AFB8102E04FF48063FB817B6829
:107230001A697B68DB8A9B00D1187B68DA687B68F7
:10724000DB8A9B001A44FB89084611461A46FFF761
:1072500079FF034618461037BD4680BD80B582B021
:1072600000AF78607B689B891846FFF76FFF034685
:1072700018460837BD4680BD80B400AF134BD3F825
:10728000C4305A1E114BC3F8C420104BD3F8C4307D
:10729000002B06D10E4B1B7823F00203DAB20C4B05
:1072A0001A700A4BD3F8C0305A1C084BC3F8C020E0
:1072B000064BD3F8C030082B03D1044B0022C3F88F
:1072C000C020BD465DF8047B704700BF64490020C4
:1072D0006249002080B582B000AF1F4BD3F8C020B8
:1072E00013465B001344DB001B4A13443B601A4BFC
:1072F000D3F8C430002B2CD03B681B7A012B02D072
:10730000022B05D009E03868FFF77AFF786007E0C4
:107310003868FFF7A3FF786002E009237B6000BFB5
:107320007B68112B0ED10D4B1B7823F00203DAB2D0
:107330000A4B1A70094B1B7843F00403DAB2074B6F
:107340001A7006E07B68002B03D038680921FFF72C
:1073500001FF0837BD4680BD644900206249002016
:1073600080B500AF0A4B1B7803F00203002B0ED14F
:10737000074B1B7803F00403002B08D1044B1B7848
:1073800043F00203DAB2024B1A70FFF7A3FF80BD8D
:107390006249002080B584B000AF7860274B00229E
:1073A0001A707B681B7A012B02D0022B28D041E097
:1073B0007B689B8A1A467B68DB8AD31AB3F5806F99
:1073C00006DA7B689A8A7B68DB8AD31AFB8102E043
:1073D0004FF48063FB817B68DA8AFB8913449AB29D
:1073E0007B68DA827B68DA8A7B689B8A9A4206D15C
:1073F00078680021FFF7AEFEFFF73EFF1AE019E0C4
:107400007B689B8901339AB27B689A817B68DB89B0
:1074100001339AB27B68DA817B68DA897B681B8AE0
:107420009A4206D178680021FFF794FEFFF724FF07
:10743000FFE700BF1037BD4680BD00BF2C4A0020CB
:1074400080B582B000AF78600A4B1B780133DAB2A6
:10745000084B1A70074B1B78062B08D9054B0022E6
:107460001A7078680821FFF775FEFFF705FF0837E7
:10747000BD4680BD2C4A002080B584B000AF786046
:10748000204BD3F8C430082B01D1002336E01D4B2C
:10749000D3F8C0201B4BD3F8C4301344072B07D8B4
:1074A000184BD3F8C020174BD3F8C430134407E06F
:1074B000144BD3F8C020134BD3F8C4301344083B0B
:1074C000FB60104BD3F8C4305A1C0E4BC3F8C420D9
:1074D000FA6813465B001344DB000A4A134418465B
:1074E0000021182228F067F8FA6813465B0013445D
:1074F000DB00044A1A447B681A60012318461037DF
:10750000BD4680BD6449002080B58AB000AF414AC5
:10751000414BD31A1B09FB603E4A3F4BD31A1B0950
:107520007B62FFF7F7FD38623C4B1B7803F00103E9
:10753000002B01D0002369E00023FB6112E0FB690E
:107540001A01354B1344BB60BB681B68002B06D087
:10755000BB685B68002B02D07B6A013B7B62FB69E6
:107560000133FB61FA69FB689A42E8D30023BB61EF
:1075700040E0BB691A01284B13447B600023FB7574
:10758000BB69BB7500233B611AE03B691A01224BC2
:1075900013443B603B681B68002B04D03B685B686E
:1075A000002B00D009E03B685B7BFA7D9A4204D255
:1075B0003B685B7BFB753B69BB753B6901333B619A
:1075C0003A69FB689A42E0D3BB7D1A01124B13441F
:1075D0007B607B683A6A5A607B681B7B1B035B425B
:1075E0003A6A1A447B681A607B681B683B62BB6915
:1075F0000133BB61BA697B6A9A42BAD3074B1B78E5
:1076000043F00103DAB2054B1A70002318462837FD
:10761000BD4680BD684400204844002062490020E7
:1076200080B586B000AFF860B9607A607B80304B7F
:107630001B7803F00103002B01D1012354E0F8680B
:10764000FFF7C2FD034683F00103DBB2002B01D03C
:10765000022349E07B68002B02D0BB68002B01D1DC
:10766000032341E07B6803F00303002B04D1BB68D4
:1076700003F00303002B01D0062335E0FB681A68F2
:10768000BB689A4207D8FB685A687B889B00B96838
:107690000B449A4201D2052326E07B88002B01D1BE
:1076A000042321E007F114031846FFF7E5FE034623
:1076B00083F00103DBB2002B01D0072314E07B69C8
:1076C0003A6A5A607B69FA681A607B6901221A7209
:1076D0007B697A68DA607B69BA681A617B697A8843
:1076E0009A82FFF73DFE002318461837BD4680BD3D
:1076F0006249002080B586B000AFF860B9603B6099
:107700001346FB802B4B1B7803F00103002B01D1A8
:1077100001234BE0F868FFF757FD034683F00103B0
:10772000DBB2002B01D0022340E0BB68002B01D16B
:1077300003233BE0BB68C3F30B03002B01D00623FC
:1077400034E0FB681A68BB689A4207D8FB881B03C1
:10775000BA681A44FB685B689A4201D9052325E0A0
:10776000FB88002B01D1042320E007F11403184605
:10777000FFF782FE034683F00103DBB2002B01D04A
:10778000072313E07B693A685A607B69FA681A60DC
:107790007B6902221A727B69BA68120B92B29A81D3
:1077A0007B69FA881A82FFF7DBFD00231846183739
:1077B000BD4680BD6249002080B483B000AF7860D0
:1077C0007B68002B01D1032305E0064BD3F8C420CE
:1077D0007B681A60002318460C37BD465DF8047BB1
:1077E000704700BF6449002080B584B000AF786066
:1077F0001E4BD3F8C02013465B001344DB001B4A2A
:107800001344FB601A4B1B7803F00203002B0ED0CD
:107810007B68022B02D0032B04D021E0F868FFF72D
:10782000B9FD03E0F868FFF70BFE00BF18E0104B4E
:107830001B7803F00403002B12D00D4B1B7823F0B0
:107840000403DAB20A4B1A70084BD3F8C430002B89
:1078500006D0074B1B7843F00203DAB2044B1A70D0
:10786000FFF738FD1037BD4680BD00BF64490020DA
:107870006249002080B582B000AF0346FB710C4B1B
:107880001B78002B06D00B4B1B78FA799A4201D15A
:10789000002308E003F008FE054B01221A70054B97
:1078A000FA791A70002318460837BD4680BD00BF1C
:1078B0002D4A00202E4A002080B483B000AF002360
:1078C000FB71FB7918460C37BD465DF8047B7047A9
:1078D00080B588B000AF786039600123FB74002365
:1078E000FB613B68BB610A237B617A68FB691344D7
:1078F00000201946BA6903F061FDF860FA69FB6877
:107900001344FB61BA69FB68D31ABB61FB68002BA7
:1079100006D17B69013B7B617B69002B00D102E0D2
:10792000BB69002BE1D1FB7C18462037BD4680BDEA
:1079300080B485B000AF786039603B68002B02DA14
:107940000023FB7307E07B681A683B681A447B6876
:107950001A600123FB73FB7B18461437BD465DF8A4
:10796000047B704780B586B000AFF860B9607A607C
:1079700000233B610123FB75FB68002B20D004230F
:107980003B613B69B86812491A4627F0F0FD7B68F5
:107990001A683B691A447B681A603B69BA681A44E2
:1079A000FB681B6810464FF480710A4A27F00CFEF2
:1079B000386178683969FFF7BBFF0346FB7502E061
:1079C0007B6800221A60FB7D18461837BD4680BDD3
:1079D000A0740500A8740500F0B5CFB006AF07F19C
:1079E00008042160391D0A603A46136007F10F034D
:1079F00002461A700023C7F81C3107F11003002259
:107A00001A60012387F81B31FFF756FF0346002B4E
:107A100001D0002350E107F110031B6807F11402A5
:107A20001A4407F1080107F11003086811461A46C5
:107A3000FFF798FF034683F00103DBB2002B01D070
:107A4000002339E1D7F83831062B00F2FF8001A27C
:107A500052F823F0717A0200AF7A0200D97A02005C
:107A60000D7B02004B7B0200937B0200E97B02004E
:107A70003B1D186827F013FE0346C7F81C31D7F8E2
:107A80001C2107F110031B681344FF2B0ED807F1CC
:107A900010031B6807F11402D118D7F81C313A1DE6
:107AA000084611681A4627F062FDD0E0CFE007F1E2
:107AB00010031B6807F11402D01807F110031B68AC
:107AC000C3F580713B461B681B683A1D126827F09E
:107AD0007BFDC7F81C01BAE007F110031B6807F132
:107AE0001402D01807F110031B68C3F580713B46E0
:107AF0001B681B683A461268043214683A1D0094E9
:107B0000126827F061FDC7F81C01A0E007F110031F
:107B10001B6807F11402D01807F110031B68C3F5A6
:107B200080713B461B681B683A4612680432156830
:107B30003A461268083214683A1D0095019412689A
:107B400027F042FDC7F81C0181E007F110031B6814
:107B500007F11402D01807F110031B68C3F58071F8
:107B60003B461B681B683A461268043216683A4660
:107B70001268083215683A4612680C3214683A1DC9
:107B8000009601950294126827F01EFDC7F81C01AB
:107B90005DE007F110031B6807F11402D01807F12C
:107BA00010031B68C3F580713B461B681B683A468F
:107BB00012680432D2F800E03A46126808321668B9
:107BC0003A4612680C3215683A4612681032146848
:107BD0003A1DCDF800E0019602950394126827F053
:107BE000F3FCC7F81C0132E007F110031B6807F132
:107BF0001402D01807F110031B68C3F580713B46CF
:107C00001B681B683A4612680432D2F800C03A4634
:107C100012680832D2F800E03A4612680C32166850
:107C20003A461268103215683A46126814321468DF
:107C30003A1DCDF800C0CDF804E0029603950494F7
:107C4000126827F0C1FCC7F81C0100E000BF07F173
:107C500010031846D7F81C11FFF76AFE034687F891
:107C60001B3107F110031B680433C7F8143197F870
:107C70001B31002B1FD0D7F81431B3F5807F1AD8F1
:107C800007F110031B6807F11402134418460D494D
:107C9000042227F06CFC07F11003D7F814211A60B6
:107CA00007F110031B6807F1140210461946FFF78D
:107CB0000FFE034600E00023184607F59277BD4605
:107CC000F0BD00BFA074050080B485B000AF0346CE
:107CD0003960FB710223FB6018E0FA79FB689B00B6
:107CE00042FA03F3DBB203F00F03FB72FB68C3F14C
:107CF00001033A681A44FB7A092B03D9FB7A37331C
:107D0000DBB202E0FB7A3033DBB21370FB685A1E41
:107D1000FA60002BE1D11437BD465DF8047B704753
:107D200090B5D1B000AF07F108042160391D0A6099
:107D30003A46136007F10F0302461A7007F1100369
:107D400000221A603B461B68C7F82C31D7F8542133
:107D5000D7F85C311344C7F8243107F108031B68D6
:107D6000002B01D00A2300E00023C7F82031FFF7E1
:107D7000A3FD0346002B02D03B461B6841E13B4676
:107D80001B68002B3AD107F110031B6807F114029E
:107D90001A4407F1080107F11003086811461A4652
:107DA000FFF7E0FD034683F00103DBB2002B02D0B6
:107DB0003B461B6825E13B1D186827F070FCC7F89F
:107DC0001C01D7F81C31C22B28BFC223C7F81C31B5
:107DD00007F110031B6807F114021A443B1D1046FB
:107DE0001968D7F81C2127F0C2FB07F110031A68A5
:107DF000D7F81C311A4407F110031A6007F1100379
:107E00001B68C7F81831D7F81821D7F82031134468
:107E10003133C7F8143107F11402D7F8183113447D
:107E2000C7F83C3107F11402D7F814311344C7F8EE
:107E300038310023C7F828310DE0D7F83C31202233
:107E40001A70D7F83C310133C7F83C31D7F82831E4
:107E50000133C7F82831D7F82821D7F820319A42C2
:107E6000EBD30023C7F830316EE0D7F82C21D7F8D8
:107E700024319A421CD3D7F83C315A1CC7F83C2114
:107E800020221A70D7F83C315A1CC7F83C21202216
:107E90001A70D7F83C315A1CC7F83C2120221A70BE
:107EA000D7F838315A1CC7F8382120221A7046E01A
:107EB000D7F82C21D7F854319A4208D2D7F850215C
:107EC000D7F82C3113441B7887F837310AE0D7F8FC
:107ED0002C21D7F85431D31AD7F8582113441B78E2
:107EE00087F8373197F837311846D7F83C11FFF744
:107EF000EBFED7F83C310233C7F83C31D7F83C31C0
:107F00005A1CC7F83C2120221A70D7F838315A1C65
:107F1000C7F838213D4A116897F8372101320A44E1
:107F2000127802F09702002A02D097F8372100E079
:107F30002E221A70D7F82C310133C7F82C31D7F81C
:107F400030310133C7F83031D7F830310F2B8CD9AD
:107F5000D7F838315A1CC7F838210D221A70D7F8D3
:107F600038315A1CC7F838210A221A70D7F83C3128
:107F70005A1CC7F83C2120221A7007F110031A6816
:107F8000D7F82031134403F1430207F110031A60BC
:107F900007F110031B6807F11402134418461C492B
:107FA000042227F0E4FA07F110031B681A1D07F1F9
:107FB00010031A6007F110031B6807F11402104642
:107FC0001946FFF785FC034683F00103DBB2002B63
:107FD00002D0D7F82C3114E0FFF76EFC0346002BDB
:107FE00002D0D7F82C310CE007F1100300221A6000
:107FF000D7F82C21D7F824319A42FFF4FFAED7F8F6
:108000002C31184607F5A277BD4690BD9843002055
:10801000A074050080B400AF024B1846BD465DF861
:10802000047B7047D979020080B400AF024B184638
:10803000BD465DF8047B7047217D020090B585B098
:1080400000AF78600120FFF715FCF860FB68002B9B
:108050000AD1FFF7DFFF0446FFF7E6FF034620469D
:1080600019467A6800F006F8FB6818461437BD46D2
:1080700090BD00BF80B584B000AFF860B9607A6091
:10808000F868B96800F004F81037BD4680BD00BF3D
:1080900080B483B000AF78603960054B7A685A616C
:1080A000034B3A689A610C37BD465DF8047B704714
:1080B000304A002090B589B002AFB9607A603B6069
:1080C0000346FB7300233B6100237B61064B5C6925
:1080D000FB7B3A68009218467969BA687B68A047CA
:1080E0001C37BD4690BD00BF304A002080B483B02D
:1080F00000AF78607B6818460C37BD465DF8047B9E
:10810000704700BF80B582B000AF03463960FB7195
:10811000FB791846396800220023FFF7CBFF0837A8
:10812000BD4680BD80B586B000AF0346B9607A60B9
:10813000FB737B687B61FA7B07F114031046B96817
:108140001A460123FFF7B6FF1837BD4680BD00BFB2
:1081500080B586B000AFB9607A603B600346FB73C0
:108160007B683B613B687B61FA7B07F1100310463B
:10817000B9681A460223FFF79DFF1837BD4680BD38
:1081800080B588B000AFB9607A603B600346FB738E
:108190007B687B613B68BB61BB6AFB61FA7B07F173
:1081A00014031046B9681A460323FFF783FF2037EC
:1081B000BD4680BD80B588B000AFB9607A603B60D5
:1081C0000346FB737B683B613B687B61BB6ABB61B9
:1081D000FB6AFB61FA7B07F110031046B9681A4687
:1081E0000423FFF767FF2037BD4680BD80B58AB006
:1081F00000AFB9607A603B600346FB737B687B61CC
:108200003B68BB613B6BFB617B6B3B62BB6B7B6227
:10821000FA7B07F114031046B9681A460523FFF7E5
:1082200049FF2837BD4680BD80B58AB000AFB96030
:108230007A603B600346FB737B683B613B687B6114
:108240003B6BBB617B6BFB61BB6B3B62FB6B7B6224
:10825000FA7B07F110031046B9681A460623FFF7A8
:1082600029FF2837BD4680BD80B483B000AF786059
:1082700039607B689A683B689A4202D93B6801334F
:1082800000E0002318460C37BD465DF8047B7047BC
:1082900080B485B000AF78607B681B681B68FB60AA
:1082A0007B681B685B68BB60BA68FB689A4203D353
:1082B000BA68FB68D31A06E07B689A68FB68D21A32
:1082C000BB681344013318461437BD465DF8047B80
:1082D000704700BF80B584B000AF78607B681B68D2
:1082E0001B68FB607B681B685B68BB607868B9686B
:1082F000FFF7BAFF0246FB689A4214BF002301232E
:10830000DBB218461037BD4680BD00BF90B589B0BE
:1083100000AF786039600023FB610023FB7307F135
:108320000F03184601F05CFA7868FFF7D3FF0346A5
:10833000FB76FB7E83F00103DBB2002B03D17B686D
:108340001B7C002B7BD17B681B685B687B617B6837
:108350001C687B681B685B6878681946FFF784FFB8
:1083600003466360FB7E002B0AD07B681C687B6839
:108370001B681B6878681946FFF776FF0346236081
:108380007B68DB68013B072B37D801A252F823F04A
:10839000B1830200C1830200FB830200D383020089
:1083A000FB830200FB830200FB830200E5830200E3
:1083B0007B685A687B6913443A6812781A702EE019
:1083C0007B685A687B695B0013443A6812881A809C
:1083D00025E07B685A687B699B0013443A68126801
:1083E0001A601CE07B685A687B69DB00D1183B6827
:1083F000D3E90023C1E9002311E07B685B681A46DA
:108400007B68DB68796901FB03F313441A467B68D8
:10841000DB68104639681A4627F0A9F800BF78686B
:10842000FFF736FF38617B681B689A683B699A42A0
:1084300004D27B681B683A699A6002E001E0042379
:10844000FB61FB7B184601F0D5F9FB691846243720
:10845000BD4690BD80B58AB000AFF860B9607A6063
:10846000FB681B681B687B62FB681B685B683B6280
:108470007A6A3B6A9A4203D83A6A7B6AD31A04E062
:10848000FB689A687B6AD31A0133FB61FB685B68FF
:108490001A46FB68DB68796A01FB03F31344BB618E
:1084A0007A68FB699A4219D8FB68DB687A6802FB34
:1084B00003F3B868B9691A4627F059F8FB681A68D7
:1084C000796A7B681944FB689B68994203D8796A8A
:1084D0007B680B4400E00023136022E0FB68DB684C
:1084E000FA6902FB03F37B61B868B9697A6927F01E
:1084F0003EF87A68FB69D31A3B61BA687B6913441A
:108500001946FB685A68FB68DB68386900FB03F3AF
:10851000084611461A4627F02AF8FB681B683A6994
:108520001A602837BD4680BD80B586B000AFF860C0
:10853000B9607A6000237B617B68002B01D1002346
:108540001AE00023FB7407F11303184601F048F901
:10855000F868FFF79DFE02467B689A4205D3F868EB
:10856000B9687A68FFF776FF01E005237B61FB7C41
:10857000184601F03FF97B6918461837BD4680BDA3
:1085800080B584B000AF78600023FB7207F10B0365
:10859000184601F025F97868FFF77AFEF860FB7A53
:1085A000184601F027F9FB6818461037BD4680BD14
:1085B00080B483B000AF78607B6803F00303002BC6
:1085C00014BF00230123DBB218460C37BD465DF80B
:1085D000047B704780B483B000AF0346FB71FB7926
:1085E0009AB2074B1B889A4203D2FB790133DBB264
:1085F00000E0002318460C37BD465DF8047B704749
:10860000584A002080B582B000AF0A4B1B78FB713E
:10861000094B1B78DBB21846FFF7DCFF0346FA79FB
:108620009A4214BF00230123DBB218460837BD4627
:1086300080BD00BF544A0020554A002080B483B05A
:1086400000AF094B1B78FB71084B1B78DBB2FA7942
:108650009A4214BF00230123DBB218460C37BD46F3
:108660005DF8047B704700BF544A0020554A002043
:1086700080B584B000AF0B463A600246FA80BB80FA
:10868000BB8801339BB2DB00FB813868FFF790FFAA
:10869000034683F00103DBB2002B01D0072314E073
:1086A0000C4B3A681A60FB893A681A440A4B1A6004
:1086B0000A4B00221A700A4B00221A70094BFA88E2
:1086C0001A80094BBA881A80002318461037BD4615
:1086D00080BD00BF4C4A0020504A0020554A00206F
:1086E000544A0020564A0020584A002080B586B0DF
:1086F00000AFF8600B467A607B81314B1B887A892A
:108700009A4255D84FF6FF737B8200237B7407F1A2
:108710001103184601F064F8FFF774FF0346002BBD
:108720000DD1284B1B78DBB27B82264B1B78DBB24A
:108730001846FFF74FFF03461A46224B1A707B7C00
:10874000184601F057F87A8A4FF6FF739A422CD0F8
:108750001D4B1A687B8ADB0013447A681A60FB6839
:10876000002B18D07B89002B15D0184B1A687B8AF8
:108770001349098801FB03F31A447B891046F96801
:108780001A4626F0F4FE104B1A687B8ADB0013446D
:108790007A899A8006E00C4B1A687B8ADB001344C6
:1087A00000229A8000237B6104E004237B6101E0C6
:1087B00009237B617B6918461837BD4680BD00BF21
:1087C000564A0020554A00204C4A0020504A0020BA
:1087D00080B400AF00231846BD465DF8047B7047A7
:1087E00080B584B000AF29E01C4B1B78DBB2FB8165
:1087F0001B4B1A68FB891B49098801FB03F31344CF
:10880000BB60194B1A68FB89DB0013449B88FB8013
:10881000154B1A68FB89DB0013441B683B60FA8820
:108820003B68B868114698470C4B1B78DBB218467A
:10883000FFF7D0FE03461A46084B1A70FFF7C8FF31
:10884000034683F00103DBB2002B04D0FFF7F6FEF2
:108850000346002BC8D01037BD4680BD544A0020C7
:10886000504A0020564A00204C4A002080B487B06D
:1088700000AF7860174B7B61174B3B611FE03A6993
:108880007B69D31ADB10DA0F13445B10DB007A69C3
:108890001344FB60FB681B68BB60BA687B689A4244
:1088A00002D9FB683B610AE0BA687B689A4203D24E
:1088B000FB6808337B6102E0FB685B6804E07A696F
:1088C0003B699A42DBD3002318461C37BD465DF84E
:1088D000047B7047B8770500A878050080B483B0A2
:1088E00000AF0346FB71084B97F907205209F9794D
:1088F00001F01F01012000FA01F143F822100C37AA
:10890000BD465DF8047B704700E100E080B483B0B1
:1089100000AF0346FB71094B97F907205209F9791B
:1089200001F01F01012000FA01F1203243F822106A
:108930000C37BD465DF8047B704700BF00E100E0E6
:1089400080B483B000AF0346FB71094B97F9072051
:108950005209F97901F01F01012000FA01F14032BA
:1089600043F822100C37BD465DF8047B704700BF0A
:1089700000E100E080B483B000AF0346FB71094B17
:1089800097F907205209F97901F01F01012000FA37
:1089900001F1603243F822100C37BD465DF8047BCC
:1089A000704700BF00E100E080B483B000AF034631
:1089B0003960FB7197F90730002B0BDA0D49FB7911
:1089C00003F00F03043B3A68D2B25201D2B20B4417
:1089D0001A7609E0084997F907303A68D2B252018D
:1089E000D2B20B4483F800230C37BD465DF8047BFC
:1089F000704700BF00ED00E000E100E080B485B00A
:108A000000AF7860254BFB607B68002B40D0244B87
:108A10001A68F9687B6800BF00BF00BF00BF00BFD5
:108A200000BF00BF00BF8A422FD000BF00BF00BF01
:108A300000BF00BF00BF00BF00BF00BF00BF00BF3E
:108A400000BF00BF00BF00BF00BF00BF00BF00BF2E
:108A500000BF00BF00BF00BF00BF00BF00BF00BF1E
:108A600000BF00BF00BF00BF00BF00BF00BF00BF0E
:108A700000BF00BF00BF00BF00BF00BF00BF00BFFE
:108A800000BF00BF00BF00BF00BF013BC3D17B6080
:108A90001437BD465DF8047B704700BF0024F40026
:108AA000D042002080B582B000AF7860054B7A6874
:108AB000C3F8082511200721FFF776FF0837BD46C8
:108AC00080BD00BF0010014080B500AF0C4B4FF4DB
:108AD0008032C3F844230A4B4FF48032C3F8042396
:108AE0001120FFF747FF1120FFF7F8FE044B01228A
:108AF0001A602F20FFF782FF024B01221A7080BDFF
:108B0000001001407A4B002080B500AF1120FFF724
:108B1000FDFE0E4B4FF48032C3F848230B4B4FF44D
:108B20008032C3F80823094B01225A602F20FFF737
:108B300065FF064B01229A60054B00221A602F2028
:108B4000FFF75CFF034B00221A7080BD001001404C
:108B50006C4B00207A4B002080B400AF034BD3F85D
:108B600004351846BD465DF8047B7047001001408F
:108B700080B483B000AF786039607A683B68D31AFC
:108B800023F07F4318460C37BD465DF8047B7047E1
:108B900080B483B000AF7860044B7A68C3F8402596
:108BA0000C37BD465DF8047B704700BF00100140E4
:108BB00080B487B000AF7860294B1B68002B03D1CD
:108BC000274B7A681A6045E07B681A68244B1B685B
:108BD0001B689A4210D8224B1B68214A1268116800
:108BE0007A6812688A1A1A601D4B1A687B68DA6103
:108BF0001B4B7A681A602DE07B681B68FB60184B82
:108C00001B687B61164B1B683B6109E03B691B6875
:108C1000FA68D31AFB603B697B613B69DB693B61A6
:108C20003B69002B04D03B691A68FB689A42EDD37C
:108C30003B69002B05D03B691A68FB68D21A3B6977
:108C40001A607B68FA681A607B683A69DA617B6946
:108C50007A68DA611C37BD465DF8047B704700BF57
:108C6000684B002080B586B000AF7860294B1B6848
:108C7000FB60284B1B687B617B693B6109E03A69BB
:108C80007B689A4200D107E03B697B613B69DB6905
:108C90003B613B69002BF2D13B69002B01D10023E2
:108CA00033E07A693B699A4214D11A4B1B68DA693E
:108CB000184B1A60174B1B68002B0BD1164B012267
:108CC0009A60164B00221A60154B01221A702F2051
:108CD000FFF794FE3B691B68BB603B69DA697B69FF
:108CE000DA617B69DB693B613B69002B05D03B693D
:108CF0001A68BB681A443B691A60064B1B68FA681D
:108D00009A420CBF00230123DBB218461837BD4638
:108D100080BD00BF684B0020001001406C4B00205C
:108D20007B4B002080B500AF1120FFF709FE80BD0E
:108D300080B500AF1420FFF703FE80BD80B584B07E
:108D400000AF78600B467B807B88082B14BF002324
:108D50000123DBB2FB60FB68002B05D100204FF440
:108D6000B771074A00F036FC7B68BB60BB681B68C4
:108D7000BA685268104698471037BD4680BD00BF9C
:108D8000A878050080B586B000AF78607B685B6925
:108D9000BB607B689B69FB6007F1080318460821EC
:108DA000084AFFF7A3FC78617B693B613B69002BB4
:108DB00005D038694FF4C171034A00F00BFC183735
:108DC000BD4680BD3D8D0200A878050080B584B009
:108DD00000AF2A4B1B68002B4DD000237B60FFF7B0
:108DE000BBFE0246264B1B6810461946FFF7C0FE25
:108DF000B860224B1B68FB601EE0FB681A68BB680A
:108E00009A4200D91BE0FB681B68BA68D31ABB60A2
:108E1000FB681B687A6813447B60FB683B60FB68F7
:108E2000DB69FB603B681B7C002B05D03B680022A4
:108E30001A743868FFF7A6FFFB68002BDDD1114BD1
:108E40001A78114B1B789A420CD10F4B1B780133C7
:108E5000DAB20D4B1A700C4B1B78022B02D10A4B65
:108E600000221A70084B1B781A46084B796843F8A1
:108E70002210FFF75DFF1037BD4680BD684B002014
:108E80006C4B0020784B0020794B0020704B002069
:108E900080B483B000AF7860194B1A78194B1B78F7
:108EA0009A4223D0164B1B780133DAB2144B1A7056
:108EB000134B1B78022B02D1114B00221A70104B5E
:108EC0001B781A46104B53F822207B681A607B6887
:108ED0001A680E4B1B681A440C4B1A600B4B1B682C
:108EE00023F07F42094B1A60012303E07B680022D4
:108EF0001A60002318460C37BD465DF8047B7047A6
:108F0000784B0020794B0020704B00206C4B0020E8
:108F100080B489B000AFF860B9607A600023FB616B
:108F200038E0214B1B68BB61BB691A68FB689A4239
:108F300006D9BB691A68FB68D21ABB691A602DE0B2
:108F4000BB691B68FA68D31AFB60BB691B68FA69C6
:108F50001344FB61BB6900221A60134B1B687B61E1
:108F6000BB69DA69104B1A60BB69DB68002B11D052
:108F7000BA68FB69134423F07F42BB695A60BB693E
:108F8000DA68BB699A607B681A68BB69DA617B68DA
:108F90007A691A60044B1B68002BC2D12437BD4686
:108FA0005DF8047B704700BF684B002080B588B037
:108FB00000AF78600023FB77654B1B687B61AAE0FC
:108FC0007B68002B05D07B68BB61BB69DB697B607C
:108FD00061E0604B1B781A4613465B001344DB00CC
:108FE0005C4A134404333B615A4B1B780133DAB2B9
:108FF000584B1A70574B1A78564B9B789A4202D1AD
:10900000544B00221A703B695B68BB613B691B785B
:10901000022B04D0032B1BD0012B1FD07BE03B691C
:109020005B681846FFF71EFE0346002B01D00123A4
:10903000FB77BB6900221A746DE0454B1B68FB602F
:10904000FB6800221A74FB68DA69414B1A6000E081
:1090500000BF3F4B1B68002BEFD15CE000BFBB693A
:109060001B7C002B00D056E03B699A68BB695A60B4
:109070003B69DA68BB699A603B691A69BB69DA6067
:109080003B695A69BB699A61334B1B78002B02D04C
:10909000BB6900225A60BB695A68304B1B68D31AFF
:1090A00023F07F422E4B9A420ED8BB695A682B4B55
:1090B0001B6810461946FFF75BFD0246BB699B68BB
:1090C0001A44BB691A6017E0244B1A68BB695B68D5
:1090D00010461946FFF74CFDB860BB699A68BB683B
:1090E0009A4206D9BB699A68BB68D21ABB691A60F2
:1090F00002E0BB6900221A60BB6900225A60BB69AA
:1091000000229A60BB6901221A74BB690022DA61ED
:10911000B869FFF74DFD7B68002B7FF451AF0D4B15
:109120001A780C4B5B789A427FF44AAFFB7F002B96
:1091300004D1074B1A687B699A4201D0012300E0F1
:10914000002303F00103DBB218462037BD4680BD83
:10915000684B00205C4A00207B4B00206C4B0020B9
:10916000FEFF7F0090B589B000AF7860274B1B6889
:10917000002B45D0254B1B681B68FB61FFF7ECFCFF
:10918000B861234B1B687B61B8697969FFF7F0FC14
:10919000034603333B611F4B1B7883F00103DBB2B3
:1091A000002B01D0FFF790FC3A69FB699A4228BF77
:1091B00013467A6913447B617B6923F07F437B61AB
:1091C0007869FFF7E5FCFFF7C7FCF860F868B96954
:1091D000FFF7CEFC0346DC1C7869B969FFF7C8FCD1
:1091E00003469C420BD9FFF7B7FC03461846FFF72E
:1091F000CFFC2F20FFF702FCFFF794FD02E001E017
:10920000FFF782FC2437BD4690BD00BF684B0020AD
:109210006C4B00207A4B002080B586B000AF002355
:109220007B600023FB75164B1B683B61154B1B686D
:10923000FB603B461846FFF72BFE0346FB72FB7AAA
:10924000002B08D03A683B1D104639691A46FFF7D3
:109250005FFE0123FB757B681846FFF7A7FE0346F8
:10926000002B01D00123FB75FB7D002B02D0F86899
:10927000FFF778FF044B00221A701837BD4680BDF7
:109280006C4B0020684B00207B4B002080B483B0E7
:1092900000AF0346FB71044BFA795A700C37BD4698
:1092A0005DF8047B704700BF5C4A002080B485B045
:1092B00000AF7860134B5B780133FB73114B9B78E5
:1092C000FA7B9A4201D10023FB730E4B1B78FA7B89
:1092D0009A4201D100230EE07B68FA7B1A70094B99
:1092E0005B781A4613465B001344DB00054A1344BF
:1092F0000433BB60BB6818461437BD465DF8047B79
:10930000704700BF5C4A002080B588B000AFF860AD
:10931000B9607A603B600023FB610023BB7507F1F5
:109320001603184600F05CFA07F117031846FFF71A
:10933000BDFFB861BB69002B02D10423FB6117E0BC
:10934000BB6901221A70BB69FA685A60FFF704FC16
:109350000246BB699A60BB69BA68DA60BB697A6821
:109360001A61BB693A685A61FB7D1846FFF78EFFA8
:10937000BB7D184600F03EFAFB69002B01D1FFF7D8
:10938000D7FCFB6918462037BD4680BD80B586B046
:1093900000AF78600B46FB7000237B610023BB733A
:1093A00007F10E03184600F01BFA07F10F031846E9
:1093B000FFF77CFF38613B69002B02D104237B61FE
:1093C00009E03B69FA781A703B697A685A60FB7B5E
:1093D0001846FFF75BFFBB7B184600F00BFA7B6972
:1093E000002B01D1FFF7A4FC7B6918461837BD4656
:1093F00080BD00BF80B500AF0D4B0022C3F84021F7
:109400000B4B0022C3F84421094B0022C3F848212A
:10941000074B0022C3F84C21054B0022C3F8002162
:10942000034B0022C3F80421FFF7D0FC80BD00BF2E
:109430000010014080B500AFFFF7EEFE80BD00BF19
:1094400080B500AFFFF760FB134B00221A70124B80
:1094500000225A70104B0B229A70104B00221A6097
:109460000F4B00221A700F4B00221A701420FFF7C6
:1094700081FA14200721FFF797FA1420FFF72EFA3C
:109480000020FFF70FFBFFF767FB0246064B1A6051
:109490000023184680BD00BF5C4A0020684B0020B6
:1094A000784B0020794B00206C4B002080B487B0B3
:1094B00000AFF8600B467A60FB72154B9B78002B6F
:1094C00001D108231DE07B68002B01D1072318E0A0
:1094D000FB68002B01D1072313E0FB681B681B7C92
:1094E000002B01D008230CE0FB681B687B617B69C3
:1094F00000221A747B69FA7A5A747B697A685A6115
:10950000002318461C37BD465DF8047B704700BF3A
:109510005C4A002080B586B000AFF860B9607A6020
:10952000FB687B61144B9B78002B01D108231EE064
:10953000FB68002B01D1082319E0BB68042B01D87C
:10954000072314E07B695B69002B01D108230EE03F
:109550007B695B7C012B01D1BB6800E000233B6190
:109560007869B9683A697B68FFF7CEFE034618460A
:109570001837BD4680BD00BF5C4A002080B584B06E
:1095800000AF78607B68FB600D4B9B78002B01D1AE
:10959000082310E07B68002B03D0FB685B69002B7D
:1095A00001D1082307E0FB6800221A74F868022141
:1095B000FFF7ECFE034618461037BD4680BD00BFDE
:1095C0005C4A002080B500AFFFF7C6FA0346184694
:1095D00080BD00BF80B588B000AFF860B9607A6028
:1095E000BB689BB2BB827B68BB61FB68FB6107F118
:1095F000140344F2010000211A4607F0BFFE203791
:10960000BD4680BD80B487B000AFF860B9607A60B5
:109610000123FB75FB7D204BFA681A601E4BBA686C
:109620005A601D4B7A689A60FB6844F201029342CB
:1096300012D044F20202934222D17A68164BDA60C9
:10964000154BDB681B881A46134B9A61124BDB687B
:109650005A68114BDA6113E07A680F4B1A610E4BAE
:109660001B699A680C4B5A610B4B1B691B881A4685
:10967000094B9A61084B1B695A68074BDA6100BFB6
:1096800072B600BFFB7DDBB2002BFBD162B61C378C
:10969000BD465DF8047B70477C4B002080B483B0EE
:1096A00000AF0346FB7197F90730002B0ADA0D4A29
:1096B000FB7903F00F03043B13441B7EDBB25B0911
:1096C000DBB208E0084A97F90730134493F80033F7
:1096D000DBB25B09DBB218460C37BD465DF8047B94
:1096E000704700BF00ED00E000E100E080B483B00F
:1096F00000AFEFF310833B603B687B6072B67B6822
:1097000018460C37BD465DF8047B704780B400AF47
:1097100062B6BD465DF8047B704700BF80B584B07B
:1097200000AF7860FFF7E2FFF860164B9B68002BF4
:109730001BD1144B01229A60134BD3F88020134B9A
:109740001340104A1360104B104AC3F880200E4B90
:10975000D3F884200B4B5A600B4B4FF0FF32C3F809
:1097600084207B6800221A7002E07B6801221A7054
:10977000FB68002B01D1FFF7C9FF00231846103703
:10978000BD4680BD5C8A002000E100E0FC06FFBD14
:1097900080B584B000AF0346FB710F4B9B68002B74
:1097A00015D0FB79002B12D1FFF7A0FFF8600B4B0F
:1097B000094A12681A60094B074A52685A60064BF8
:1097C00000229A60FB68002B01D1FFF79FFF002366
:1097D00018461037BD4680BD5C8A002000E100E0DD
:1097E00080B582B000AF78607868FFF797FF0837E0
:1097F000BD4680BD80B582B000AF0346FB71FB79EA
:109800001846FFF7C5FF0837BD4680BD80B584B058
:1098100000AFEFF305837B607B68C3F30803FB6055
:10982000FB68002B0BD0FB68103BBB60BB68DBB256
:109830005BB21846FFF732FF0346DBB200E00F23AE
:1098400018461037BD4680BD80B483B000AF786045
:109850000B467B807B681A687B88012101FA03F341
:109860001A437B681A600C37BD465DF8047B70476D
:1098700080B483B000AF78600B467B807B681A6849
:109880007B88012101FA03F3DB431A407B681A60ED
:109890000C37BD465DF8047B704700BF80B483B0D1
:1098A00000AF78600B467B807B88012202FA03F3CD
:1098B0001A467B681340002B0CBF00230123DBB248
:1098C00018460C37BD465DF8047B704780B584B000
:1098D00000AF78600023FB810CE0FB8978681946B3
:1098E000FFF7DCFF0346002B01D0FB8907E0FB8973
:1098F0000133FB81FB891F2BEFD94FF6FF7318460D
:109900001037BD4680BD00BF80B586B002AFF8609D
:10991000B960FA807B71FB887A790092F868B9683F
:10992000012200F003F81037BD4680BD80B586B037
:1099300000AFF860B9607A607B80FB68002B3AD09A
:10994000BB68002B37D07B68002B34D000237B61B1
:109950002EE07B695B00FA6813441B887A889A4280
:1099600023D100233B611BE097F82030002B0AD065
:109970003B699B00BA681A447B699BB21046194642
:10998000FFF762FF09E03B699B00BA681A447B69F4
:109990009BB210461946FFF76BFF3B6901333B61F1
:1099A0003A697B689A42DFD305E07B6901337B61CA
:1099B0007B691F2BCDD91837BD4680BD80B596B0C9
:1099C00000AFF860B9607A6000233B61BB68002B90
:1099D0001FD000237B6519E07B6D9BB27868194628
:1099E000FFF75CFF0346002B0DD03B695A1C3A6120
:1099F0007A6D5200B9680A4412885B0007F1580179
:109A00000B4423F8442C7B6D01337B657B6D1F2B4E
:109A1000E2D9FB68194607F11002442308461146B3
:109A20001A4625F0A4FDF8685837BD4680BD00BF32
:109A300080B485B000AF786039607B68002B08D1B6
:109A40003B68012B02D1C023FB730CE08023FB7326
:109A500009E07B685A1C3B689A4202D14023FB73A1
:109A600001E00023FB73FB7B18461437BD465DF80D
:109A7000047B704780B58AB000AFF860B9607A6047
:109A800000233B62FB68002B02D07B68002B01D1D6
:109A90000E2342E0FB681B68FB61FB681B68002B20
:109AA00001D10E2339E000237B622DE0FB689B6827
:109AB000786A1946FFF7BCFF0346FB767B681A6895
:109AC0003B6AD31A3B61FB691968FA7E07F1100300
:109AD00008461146BA6800F085F878617B69002B6A
:109AE00001D07B6919E03B693A6A13443B62BB6869
:109AF000002B03D03B69BA681344BB60FB69043395
:109B0000FB617B6A01337B62FB689A687B6A9A42DD
:109B1000CCD87B683A6A1A60002318462837BD46BD
:109B200080BD00BF80B483B000AF78607B68002246
:109B30009A600C37BD465DF8047B704780B483B0F3
:109B400000AF786039607B689A687B685B689A428E
:109B500001D304230DE07B681A687B689B689B0037
:109B600013443A681A607B689B685A1C7B689A6049
:109B7000002318460C37BD465DF8047B704700BFD4
:109B800080B485B000AF786039607B68FB60FB68AB
:109B90001BBA1A463B681A60042318461437BD46A0
:109BA0005DF8047B704700BF80B485B000AF78607B
:109BB0000623FB607B685B781A467B681B7A13443C
:109BC000FA681344FB607B685B78002B02D0FB686B
:109BD0000133FB60FB6818461437BD465DF8047B13
:109BE000704700BF80B58AB000AFF8607A603B6014
:109BF0000B46FB7200237B62FB68002B01D10E2316
:109C00008AE0F868FFF7D0FF38620023FB617B68C9
:109C1000002B5ED0FB7A23F0C003002B01D007237A
:109C20007AE03B681A683B6A9A4201D2042373E0E7
:109C30007B68BB617B6801337B60BB69FA7A1A7011
:109C4000BB691A78FB681B781343DAB2BB691A70D8
:109C50007B685A1C7A60FA68127A1A707B687B6299
:109C60007B6804337B60FB685B78002B0CD07B68DF
:109C70005A1C7A60FA6852781A70BB691B7843F0F4
:109C80000803DAB2BB691A70FB68DA68FB681B7AF2
:109C9000786811461A4625F06AFCFB681B7A7A68D8
:109CA00013447B60FB685B78002B0DD0FB685A681F
:109CB000FB685B78786811461A4625F058FCFB680B
:109CC0005B787A6813447B603B681A683B6AD31AF6
:109CD0007B61FB681B69002B0ED0FB681B69FA686F
:109CE000516907F11402084679689847F861FB69E1
:109CF000002B03D0FB690FE00E230DE07B68002BE7
:109D000004D07B691846796AFFF73AFF7A693B6AA3
:109D10001A443B681A60002318462837BD4680BDA8
:109D200080B584B000AFF860B9607A60BB68002B82
:109D300010D07B681A68FB685B689A4201D20423E2
:109D40000DE0FB681A68FB685B68B86811461A4644
:109D500025F00DFCFB685A687B681A6000231846E2
:109D60001037BD4680BD00BF80B483B000AF7860BF
:109D70000B46FB70064B7A681A60FA78044B5A60FF
:109D8000044B18460C37BD465DF8047B704700BF96
:109D90009C4B0020A042002080B483B000AF7860CC
:109DA0007B681B7A1A467B681B691344013318468B
:109DB0000C37BD465DF8047B704700BF80B586B0A8
:109DC00000AFF860B9607A60FB681B7A002B1AD08C
:109DD000FB681B7A03F04003002B14D1FB681B7A4D
:109DE000DBB25BB2002B0EDBFB685B68002B0AD09A
:109DF000FB681B69002B06D0FB68DB68002B02D0D8
:109E00007B68002B01D1072335E0F868FFF7C4FF1A
:109E10007861BB68002B2AD07B681A687B699A42FC
:109E200001D2042327E0FB681A7AFB681B78DB0168
:109E3000DBB21344DAB2BB681A70BB680133BB6093
:109E4000FB685A68FB681B7AB86811461A4625F009
:109E50008EFBFB681B7ABA681344BB60FB68DA6848
:109E6000FB681B69B86811461A4625F080FB7B68C1
:109E70007A691A60002318461837BD4680BD00BFB6
:109E800080B584B000AFF860B9607A60BB68002B21
:109E900017D0FB681B7A1A467B681B689A4201D36D
:109EA000042315E0BB685A1CBA60FA6812781A706D
:109EB000FB685A68FB681B7AB86811461A4625F099
:109EC00056FBFB681B7A01331A467B681A60002335
:109ED00018461037BD4680BD80B483B000AF3960EE
:109EE00013460246FA71BB71074BFA791A70064B9A
:109EF0003A685A60044BBA791A72044B18460C3708
:109F0000BD465DF8047B7047A44B0020B84200209A
:109F100080B483B000AF0346FB71084B97F907206C
:109F20005209F97901F01F01012000FA01F143F80B
:109F300022100C37BD465DF8047B704700E100E05D
:109F400080B483B000AF0346FB71094B97F907203B
:109F50005209F97901F01F01012000FA01F1603284
:109F600043F822100C37BD465DF8047B704700BFF4
:109F700000E100E080B483B000AF03463960FB71BC
:109F800097F90730002B0BDA0D49FB7903F00F032B
:109F9000043B3A68D2B25201D2B20B441A7609E0BD
:109FA000084997F907303A68D2B25201D2B20B444D
:109FB00083F800230C37BD465DF8047B704700BF73
:109FC00000ED00E000E100E080B500AF114B0022A1
:109FD000C3F804250F4B0022C3F808250D4B0422BB
:109FE000C3F810250B4B6422C3F84025094B01220E
:109FF000C3F80022074B4FF48032C3F804231B2020
:10A00000FFF79EFF1B200721FFF7B4FF1B20FFF780
:10A010007FFF80BD00B0014080B500AF00F072FA54
:10A02000024B0022C3F8402180BD00BF00B00140B8
:10A0300080B485B000AF78604FF08053D3F85034CF
:10A04000FB604FF08053D3F85434BB60434B022283
:10A05000C3F80423414B424AC3F80423FB68DAB235
:10A060007B681A707B680133FA68120AD2B21A70E0
:10A070007B680233FA68120CD2B21A707B68DA1C61
:10A080007B6819787B6801331B784B40D9B27B68B9
:10A0900002331B784B40DBB283F07703DB43DBB248
:10A0A00013707B680433BA68D2B21A707B680533C8
:10A0B000BA68120AD2B21A707B680633BA68120CF8
:10A0C000D2B21A707B680733BA68120ED2B21A7015
:10A0D0007B6808337A68043211787A68053212781E
:10A0E0004A40D1B27A68063212784A40D1B27A68D0
:10A0F000073212784A40D2B21A707B6809330322C1
:10A100001A70164B7A68127811047A680132127844
:10A11000120211437A68023212780A43C3F8942576
:10A120000E4B7A680432127811067A68053212787A
:10A13000120411437A6806321278120211437A68C7
:10A14000073212780A43C3F89025044B4422C3F81F
:10A15000A0251437BD465DF8047B704700500040D1
:10A160008000080080B586B000AF78603960144B7D
:10A170007A681A60134B3A681A6007F108031846A8
:10A18000FFF756FF07F1080318460A2125F042F9A8
:10A190000D4B0E4A5A600C4B00221A60F7F72CFC4C
:10A1A0007861FFF711FF7B69002B02D07B69852B5B
:10A1B00001D1002300E0032318461837BD4680BDB7
:10A1C000B04B0020B44B0020CC4B0020F1A102008A
:10A1D00080B485B000AF78607B6800221A607B682D
:10A1E0001B68FB60FB681437BD465DF8047B704755
:10A1F00080B483B000AF0346FB71FB79002B00D025
:10A2000003E0044B01221A6000BF0C37BD465DF825
:10A21000047B70470050004080B400AFBFF35F8FF5
:10A22000054B00221A60BFF35F8F034B01221A60B7
:10A23000BD465DF8047B7047FC5F004080B500AF11
:10A24000094B0D22C3F80424074B01229A60052014
:10A25000FFF776FE05200721FFF78CFE0520FFF7AC
:10A2600057FE0023184680BD0050004080B582B0E4
:10A2700000AF786039603B68002B01D10C2316E0F9
:10A280000D48FFF7A5FF0D4B7A68C3F810250B4A60
:10A290003B68D90040F6F8730B40C2F81C35074BF9
:10A2A0001022C3F80423054B0122DA60002318466C
:10A2B0000837BD4680BD00BF10510040005000402F
:10A2C00080B400AF044B01225A6000231846BD46FB
:10A2D0005DF8047B704700BF0050004090B585B02A
:10A2E00000AF0023FB737C4BD3F80431002B0BD061
:10A2F000794BD3F8003303F00203002B04D07748E6
:10A30000FFF766FF0223FB73FB7B002B03D0FB7B75
:10A31000184600F039F9704BD3F81831002B30D0C3
:10A320006D4BD3F8003303F04003002B29D06A4B68
:10A33000D3F8242540F6F8731340DB08023BBB60DA
:10A340006748FFF745FF674B1B78DBB2302B0DD119
:10A35000654B1B68002B14D0634B1C68634B1B6858
:10A36000184602215F4ABB68A0470AE05D4B1B7894
:10A37000DBB2502B02D15E4B01221A70564B0122E8
:10A38000DA61554BD3F81031002B25D0524BD3F85E
:10A39000003303F01003002B1ED05648FFF718FFC0
:10A3A0004D4B1022C3F808234B4B4E4AC3F81025DF
:10A3B000494B1022C3F81425474B0122DA614A4B5E
:10A3C0001B68002B08D0484B1C68484B1B6818467C
:10A3D000032100220023A0473F4BD3F84C31002B30
:10A3E00034D03D4BD3F8003303F40023002B2DD0A1
:10A3F0004148FFF7EDFE3A48FFF7EAFE3F48FFF716
:10A40000E7FE354B374AC3F81025334B1022C3F80B
:10A410001425314B0122DA612F4B4FF48862C3F8C7
:10A4200004232D4B0D22C3F80C242B4B0D22C3F813
:10A4300004242D4B1B68002B08D02B4B1C682B4B86
:10A440001B681846002100220023A047224BD3F8A6
:10A450002831002B11D0204BD3F8003303F4806354
:10A46000002B0AD01C4BD3F80C347B602348FFF739
:10A47000AFFE194B0D22C3F80C24174BD3F81C3137
:10A48000002B26D0144BD3F8003303F08003002BAD
:10A490001FD0114BD3F804343B601948FFF798FEE6
:10A4A0003B6803F00103002B0BD0114B1B78DBB290
:10A4B000002B06D0084B0122C3F804240C4B0022C9
:10A4C0001A703B6823F001033B60034B0D22C3F875
:10A4D00004241437BD4690BD005000400451004094
:10A4E00018510040B84B0020B04B0020B44B002066
:10A4F000C84B0020105100404C51004028510040F2
:10A500001C51004090B583B000AF194BD3F83C34D8
:10A5100003F003037B607B68002B23D1154B1B6882
:10A520005A1C144B1A60134B1B68072B19D9124B7A
:10A5300001221A61F7F70CFBFFF76EFE0F4B1B6849
:10A54000002B08D00D4B1C680D4B1B6818460121D1
:10A5500000220023A0470B4B00221A7000F03CF8A9
:10A5600003E002E0034B00221A600C37BD4690BDA9
:10A5700000500040D44B002000B00140B04B002000
:10A58000B44B0020C94B002080B582B000AF034619
:10A59000FB710D4B1B78DBB283F00103DBB2002BA8
:10A5A0000BD00A48F7F78EFA094B0122DA60084B04
:10A5B00001221A60074B00221A60034B01221A7015
:10A5C0000837BD4680BD00BFC94B0020CC4B0020E2
:10A5D00000B00140D44B002080B584B000AF3B1DDB
:10A5E0001846FFF725FD1037BD4680BD80B483B007
:10A5F00000AF0346FB71084B97F907205209F97920
:10A6000001F01F01012000FA01F143F822100C377C
:10A61000BD465DF8047B704700E100E080B483B084
:10A6200000AF0346FB71094B97F907205209F979EE
:10A6300001F01F01012000FA01F1203243F822103D
:10A640000C37BD465DF8047B704700BF00E100E0B9
:10A6500080B483B000AF0346FB7197F90730002B3D
:10A660000ADA0D4AFB7903F00F03043B13441B7E07
:10A67000DBB25B09DBB208E0084A97F90730134404
:10A6800093F80033DBB25B09DBB218460C37BD46EA
:10A690005DF8047B704700BF00ED00E000E100E0E2
:10A6A00048DF7047184600BF10DF7047184600BFEC
:10A6B00080B483B000AF78607B6803F00303002BA5
:10A6C00014BF00230123DBB218460C37BD465DF8EA
:10A6D000047B704760DF7047184600BF61DF70473A
:10A6E000184600BF80B483B000AF0346FB7197F9F2
:10A6F00007301F2B0CDC97F90730114A22FA03F3BD
:10A7000003F00103002B0CBF00230123DBB210E098
:10A7100097F907303F2B0BDC97F90730203B0122DC
:10A7200002FA03F3002B0CBF00230123DBB200E08D
:10A73000012318460C37BD465DF8047B704700BF07
:10A74000FC06FFBD80B483B000AF78607B68072B48
:10A7500001D900230EE07B68002B08D07B68012B19
:10A7600005D07B68042B02D07B68052B01D1002328
:10A7700000E0012318460C37BD465DF8047B7047A6
:10A7800080B582B000AF0346FB7197F907301846D9
:10A79000FFF7A8FF0346002B02D142F201032CE091
:10A7A00097F907301846FFF753FF03461846FFF79F
:10A7B000C9FF0346002B02D142F202031DE0114BF8
:10A7C0009B68002B13D097F907305A0997F9073087
:10A7D00059090C4B53F82110FB7903F01F0301209A
:10A7E00000FA03F31943074B43F8221004E097F9EA
:10A7F00007301846FFF7FAFE002318460837BD4613
:10A8000080BD00BF5C8A002080B483B000AF0346E7
:10A81000FB710C4B97F90720520953F82220FB7962
:10A8200003F01F0322FA03F303F00103002B0CBF14
:10A8300000230123DBB218460C37BD465DF8047BCC
:10A84000704700BF00E100E080B584B000AFF86061
:10A85000B9607A60F868B9687A6806F08FFD1037D9
:10A86000BD4680BD80B584B000AF3A4B1B78DBB2EB
:10A8700083F00103DBB2002B00D067E00023FB7301
:10A88000354B1B68002B14BF00230123BB73FB7BDC
:10A8900083F00103DBB2002B25D0304B1B78DBB2F9
:10A8A000002B53D13B1D1846FFF7FAFEB860BB687A
:10A8B000052B02D10123FB7315E0BB68002B05D0EB
:10A8C000B868B521264AFEF785FE0CE07B6818467D
:10A8D000F7F7ACF9234B1B68002B04D0214B1B6806
:10A8E0007A6810469847BB7B83F00103DBB2002BEC
:10A8F00024D01A4B1B78DBB2002B27D11A4B1B88B4
:10A900007B801A4B1A68BB1C10461946FFF7E6FEFF
:10A91000B860BB68052B02D10123BB730EE0BB6896
:10A92000002B05D0B868DD210D4AFEF753FE05E087
:10A93000094B1B680D4A126810469847FB7B002B99
:10A9400003D0BB7B002B00D000E0A0E71037BD4652
:10A9500080BD00BFE04B0020EC4B0020E14B00200D
:10A9600028790500DC4B0020E84B0020E44B002058
:10A9700080B400AF034B1B78DBB21846BD465DF8D0
:10A98000047B7047E04B002080B586B000AFF860D4
:10A99000B9603B601346FB80BB68002B01D10723E5
:10A9A00049E0B868FFF784FE034683F00103DBB299
:10A9B000002B01D007233EE0214BBA681A60214BDF
:10A9C000FA881A80204B3A681A600020FFF71CFFB3
:10A9D0000346FB75FB7D002B02D00020FFF71EFE17
:10A9E0000D20FFF711FF0346BB75BB7D002B02D086
:10A9F0000D20FFF713FEF8681449FFF755FE386184
:10AA00003B69002B0DD0BB7D002B02D00D20FFF742
:10AA1000EDFDFB7D002B02D00020FFF7E7FD3B6939
:10AA200009E00B4B01221A70F7F70EF91620FFF719
:10AA3000A7FE38613B6918461837BD4680BD00BF88
:10AA4000E44B0020E84B0020D84B002049A802002E
:10AA5000E04B002080B483B000AF78607B68002BAF
:10AA600001D10E2303E0054B7A681A6000231846D3
:10AA70000C37BD465DF8047B704700BFEC4B0020EF
:10AA800080B483B000AF78607B68002B01D10E23C7
:10AA900003E0054B7A681A60002318460C37BD4660
:10AAA0005DF8047B704700BFDC4B002080B582B0AE
:10AAB00000AF0D4B1B68002B10D00B4B1B68984749
:10AAC00078607B683B603B68002B06D0386840F2BA
:10AAD000D111064AFEF77EFD02E001E0FFF7C2FE5B
:10AAE0000837BD4680BD00BFD84B0020287905003F
:10AAF00080B400AF4FF08053D3F80C319B0218465E
:10AB0000BD465DF8047B704780B582B000AF4FF062
:10AB100000537B60FFF7ECFF03467A6813447B60C9
:10AB20007B6818460837BD4680BD00BF80B485B03D
:10AB300000AF78600023FB60054BBB60BA687B68A0
:10AB40001A60FB6818461437BD465DF8047B7047F1
:10AB5000A042002080B584B000AF78607B681B689D
:10AB6000BB6007F108031846FFF7B4FDF8607B6887
:10AB70001A68BB689A4210D0BB6802200D491A4679
:10AB8000FDF7D0FAFFF7C0FF0246BB68D31A0220D8
:10AB900009491A46FDF7C6FA07E0FB68002B04D006
:10ABA00001200649FA68FDF7BDFAFB681846103720
:10ABB000BD4680BDB0790500EC790500287A050016
:10ABC0000649074A074B9B1A03DD043BC858D0507F
:10ABD000FBDC00F035F8F4F73DFB0000542C0600D8
:10ABE000A042002068440020FEE7FEE7FEE7FEE703
:10ABF000FEE7FEE7FEE7FEE7FEE7FEE780B400AF14
:10AC0000BFF34F8F054A054BDB6803F4E061044B4B
:10AC10000B43D360BFF34F8F00BFFDE700ED00E0B3
:10AC20000400FA0580B400AF034B044A1A60BD4625
:10AC30005DF8047B704700BFD04200200090D00335
:10AC400080B500AF00F03CF90346002B06D08B4BDB
:10AC50008B4A126802F4F852120A1A6000F062F984
:10AC60000346002B02D0874B874A1A6000F07CF91C
:10AC70000346002B06D0854B854A126802F46042D9
:10AC8000520B1A6000F0A2F90346002B05D0814B4D
:10AC9000804AD26822F08072DA6000F0B9F9034687
:10ACA000002B0ED04FF080430022C3F80C214FF050
:10ACB00080430022C3F810214FF080430022C3F8E4
:10ACC000382500F0D7F90346002B02D0724B03223F
:10ACD0001A6000F0F1F90346002B0BD06F4B0522F0
:10ACE0001A606F4B01221A606E4B00221A606E4B85
:10ACF0003F221A6000F002FA0346002B76D06B4B1D
:10AD00004FF08052D2F80424C3F82025674B4FF04F
:10AD10008052D2F80824C3F82425644B4FF08052A7
:10AD2000D2F80C24C3F82825604B4FF08052D2F89B
:10AD30001024C3F82C255D4B4FF08052D2F8142418
:10AD4000C3F83025594B4FF08052D2F81824C3F87D
:10AD50003425564B4FF08052D2F81C24C3F84025BE
:10AD6000524B4FF08052D2F82024C3F844254F4B69
:10AD70004FF08052D2F82424C3F848254B4B4FF0B3
:10AD80008052D2F82824C3F84C25484B4FF080520B
:10AD9000D2F82C24C3F85025444B4FF08052D2F8FF
:10ADA0003024C3F85425414B4FF08052D2F834245C
:10ADB000C3F860253D4B4FF08052D2F83824C3F8D9
:10ADC00064253A4B4FF08052D2F83C24C3F86825F2
:10ADD000364B4FF08052D2F84024C3F86C25334BE9
:10ADE0004FF08052D2F84424C3F8702500F0A8F93F
:10ADF0000346002B05D02E4B2E4A126802F04F025C
:10AE00001A602D4B2C4AD2F8882042F47002C3F805
:10AE10008820BFF34F8FBFF36F8F4FF01023D3F80D
:10AE20000C3203F00103002B25D0244B0122C3F880
:10AE3000042500BF214BD3F80034002BFAD04FF08B
:10AE400010234FF01022D2F80C2222F00102C3F896
:10AE50000C2200BF194BD3F80034002BFAD0174B4B
:10AE60000022C3F8042500BF144BD3F80034002B94
:10AE7000FAD0FFF7C3FEFFF7D5FE80BD4035014095
:10AE80002403001074C007400DF0ADBA3C0500402B
:10AE900044020010F0ED00E0A00500401056004014
:10AEA00088560040185600401456004000C000402C
:10AEB000E40E00405802001000ED00E000E0014008
:10AEC00080B400AF144B1B68DBB2062B1DD1134BB3
:10AED0001B6803F00F03002B17D1114B1B6803F005
:10AEE000F003302B01D1012310E00D4B1B6803F060
:10AEF000F003402B01D1012308E0094B1B6803F04C
:10AF0000F003502B01D1012300E000231846BD4679
:10AF10005DF8047B704700BFE00F00F0E40F00F025
:10AF2000E80F00F080B400AF0C4B1B68DBB2062BBF
:10AF30000DD10B4B1B6803F00F03002B07D1094BFE
:10AF40001B6803F0F003302B01D1012300E0002344
:10AF50001846BD465DF8047B704700BFE00F00F067
:10AF6000E40F00F0E80F00F080B400AF144B1B6852
:10AF7000DBB2062B1DD1134B1B6803F00F03002B14
:10AF800017D1114B1B6803F0F003302B01D10123C3
:10AF900010E00D4B1B6803F0F003402B01D101239F
:10AFA00008E0094B1B6803F0F003502B01D101238B
:10AFB00000E000231846BD465DF8047B704700BFE3
:10AFC000E00F00F0E40F00F0E80F00F080B400AFF5
:10AFD0000C4B1B68DBB2062B0DD10B4B1B6803F02F
:10AFE0000F03002B07D1094B1B6803F0F003302B34
:10AFF00001D1012300E000231846BD465DF8047B23
:10B00000704700BFE00F00F0E40F00F0E80F00F021
:10B0100080B400AF144B1B68DBB2062B1DD1134B61
:10B020001B6803F00F03002B17D1114B1B6803F0B3
:10B03000F003302B01D1012310E00D4B1B6803F00E
:10B04000F003402B01D1012308E0094B1B6803F0FA
:10B05000F003502B01D1012300E000231846BD4628
:10B060005DF8047B704700BFE00F00F0E40F00F0D4
:10B07000E80F00F080B400AF0C4B1B68DBB2062B6E
:10B080000DD10B4B1B6803F00F03002B07D1094BAD
:10B090001B6803F0F003302B01D1012300E00023F3
:10B0A0001846BD465DF8047B704700BFE00F00F016
:10B0B000E40F00F0E80F00F080B400AF0C4B1B6809
:10B0C000DBB2062B0DD10B4B1B6803F00F03002BDB
:10B0D00007D1094B1B6803F0F003302B01D101238A
:10B0E00000E000231846BD465DF8047B704700BFB2
:10B0F000E00F00F0E40F00F0E80F00F080B400AFC4
:10B100000C4B1B68DBB2062B0DD10B4B1B6803F0FD
:10B110000F03002B07D1094B1B6803F0F003502BE2
:10B1200001D1012300E000231846BD465DF8047BF1
:10B13000704700BFE00F00F0E40F00F0E80F00F0F0
:10B1400080B400AF144B1B68DBB2062B1DD1134B30
:10B150001B6803F00F03002B17D1114B1B6803F082
:10B16000F003302B01D1012310E00D4B1B6803F0DD
:10B17000F003402B01D1012308E0094B1B6803F0C9
:10B18000F003502B01D1012300E000231846BD46F7
:10B190005DF8047B704700BFE00F00F0E40F00F0A3
:10B1A000E80F00F080B582B000AF1F4B7B607B687A
:10B1B00002221A617B6802225A617B681B4A9A61EB
:10B1C0007B681B4ADA617B684FF400621A627B6815
:10B1D00000229A627B6800225A627B680022DA624F
:10B1E0007B68124A9A647B68124ADA647B68102290
:10B1F0001A657B6800229A657B6800225A657B6825
:10B200000022DA657B68073318460B4924F03FFAC1
:10B210007B681846094924F03AFA7B6820229A7123
:10B220000837BD4680BD00BF688A00206C7A0500E3
:10B23000F04B0020F0530020787A05007C7A05005E
:10B2400080B588B000AFF860B9607A600023BB6158
:10B25000FB68DB687B61FB681B693B613A697B6962
:10B260009A4205D93A697B69D31A013BFB6107E031
:10B27000FB689A6839697B69CB1A1344013BFB610F
:10B28000FB689A687B69D31AFA699A4238BF1346F9
:10B29000FB61FA697B689A4238BF1346FB61FB6821
:10B2A0005A687B6913441846B968FA6924F05FF953
:10B2B000BA69FB691344BB61BA68FB691344BB609C
:10B2C0007A68FB69D31A7B607A69FB6913447B61F6
:10B2D000FB689A687B699A4201D100237B61FB6815
:10B2E0007A69DA607B68002BB5D1BB6918462037D4
:10B2F000BD4680BD80B588B000AFF860B9607A60A7
:10B30000FB68DB68FB61FB689A68FB69D31ABB6169
:10B31000BA697B689A420ED9FB685A68FB69134484
:10B320001846B9687A6824F022F9FA697B681A44E9
:10B33000FB68DA601BE0BB697B61FB685A68FB69EC
:10B3400013441846B9687A6924F011F97A68BB6920
:10B35000D31A7B61FB685A68B968BB690B44104615
:10B3600019467A6924F003F9FB687A69DA602037B4
:10B37000BD4680BD80B487B000AF78607B681B6934
:10B380003B617B68DB68FB603A69FB689A4208D8DE
:10B390007B689A68FB68D21A3B691344013B7B6166
:10B3A00004E03A69FB68D31A013B7B617B6918466C
:10B3B0001C37BD465DF8047B704700BF80B588B080
:10B3C00000AFF860B9607A60BB68BB61FB685A1C6B
:10B3D00013465B001344DB001E4A13447B617B6908
:10B3E0005B69012B17D0012B02D3022B23D029E05C
:10B3F0007869FFF7BFFF38613A697B689A4202D2E9
:10B400000023FB6121E07B68FB617869B9697A6898
:10B41000FFF770FF19E07869FFF7ACFF38617A68D1
:10B420003B699A4238BF1346FB617869B969FA698A
:10B43000FFF760FF09E07869B9697A68FFF700FFF4
:10B44000F86102E00023FB6100BFFB69184620376A
:10B45000BD4680BD688A002080B588B000AFF86026
:10B46000B9607A600F4B1B78002B01D1FFF79AFE71
:10B470000023BB610023FB7507F117031846FEF795
:10B48000AFF9F868B9687A68FFF798FFF861BB69A7
:10B49000FB7D1846FEF7AEF9FB6918462037BD461E
:10B4A00080BD00BF688A002080B500AF034B1B78C9
:10B4B000002B01D1FFF776FE80BD00BF688A002017
:10B4C00080B584B000AF78600B467B807B88002B12
:10B4D00014BF00230123DBB2FB60FB68002B04D107
:10B4E00000202E21034AFEF775F8FFF7BBF910374D
:10B4F000BD4680BD847A050080B500AF00200021E4
:10B50000024AFDF7F3F80346184680BDC1B40200B5
:10B5100080B493B000AFF860B9607A603B607B683C
:10B520007B640023BB623B6DFB61BB68DA0F134495
:10B530005B10BB60FB683B62BB68DA0F13445B10B7
:10B540001A463B681A60FB69B3F900309BB21BB224
:10B550007B6397F85430002B1FD0FB69B3F90030A0
:10B560009BB29BB21B0A9BB29AB2FB69B3F9003043
:10B570009BB21BB21B029BB213439AB27B681A8028
:10B58000FB699A787B689A703B681B6803331A469C
:10B590003B681A607B6C03337B64FB699B78FB62BE
:10B5A000634BFA6A33F812301BB2BB6301237B6230
:10B5B000A2E03B6A9A1C3A621B881BB2BB61BA6963
:10B5C0007B6BD31AFB63FB6B002B01DA082300E0D3
:10B5D00000237B617B69002B02D0FB6B5B42FB632A
:10B5E00000233B64BB6BDB103B63FA6BBB6B9A4283
:10B5F0000BDB3B6C43F004033B64FA6BBB6BD31A6D
:10B60000FB633A6BBB6B13443B63BB6B5B10BB636D
:10B61000FA6BBB6B9A420BDB3B6C43F002033B645F
:10B62000FA6BBB6BD31AFB633A6BBB6B13443B6384
:10B63000BB6B5B10BB63FA6BBB6B9A4207DB3B6C6B
:10B6400043F001033B643A6BBB6B13443B637B6980
:10B65000002B04D07A6B3B6BD31A7B6303E07A6BCD
:10B660003B6B13447B637B6BB3F5004F03DB47F607
:10B67000FF737B6305E07B6B13F5004F01DA2D4B05
:10B680007B633A6C7B6913433B642B4A3B6C1344EA
:10B690001B785BB2FA6A1344FB62FB6A002B01DA87
:10B6A0000023FB62FB6A582B01DD5823FB62204B11
:10B6B000FA6A33F812301BB2BB637B6A002B04D0EA
:10B6C0003B6C1B01DBB2BB620CE07B6C5A1C7A64E6
:10B6D0003A6CD2B202F00F02D1B2BA6AD2B20A43C5
:10B6E000D2B21A707B6A002B14BF00230123DBB295
:10B6F0007B62BB68013BBB60BB68002B3FF759AF67
:10B700007B6A002B05D17B6C5A1C7A64BA6AD2B270
:10B710001A707B6B9AB2FB691A80FB6ADAB2FB691A
:10B720009A70002318464C37BD465DF8047B70477D
:10B73000207B05000080FFFF107B050080B485B0F2
:10B7400000AF7860254BFB607B68002B40D0244B1A
:10B750001A68F9687B6800BF00BF00BF00BF00BF68
:10B7600000BF00BF00BF8A422FD000BF00BF00BF94
:10B7700000BF00BF00BF00BF00BF00BF00BF00BFD1
:10B7800000BF00BF00BF00BF00BF00BF00BF00BFC1
:10B7900000BF00BF00BF00BF00BF00BF00BF00BFB1
:10B7A00000BF00BF00BF00BF00BF00BF00BF00BFA1
:10B7B00000BF00BF00BF00BF00BF00BF00BF00BF91
:10B7C00000BF00BF00BF00BF00BF013BC3D17B6013
:10B7D0001437BD465DF8047B704700BF0024F400B9
:10B7E000D042002080B582B000AF78607B684FF413
:10B7F0007A7202FB03F31846FFF7A0FF0837BD4635
:10B8000080BD00BF80B584B000AF0346FB712B4BF9
:10B8100093F82430002B1ED0FB79002B02D002239A
:10B82000FB7301E00023FB73244B5B681978234B07
:10B830001B685A7C07F10F0308461146012212F0DB
:10B84000EDFB0346002B02D04FF0FF3332E0FA7BD2
:10B850001A4B5A742DE0194B9B7A002B02D14FF0F2
:10B86000FF3327E0FB79002B05D0144B5B7C002BCA
:10B8700001D000231EE0FB79002B02D00123FB73D3
:10B8800001E00023FB730D4B5B6819780B4B1B68C1
:10B890005A7C07F10F0308461146012212F0BEFB45
:10B8A0000346002B02D04FF0FF3303E0FA7B034B3B
:10B8B0005A74002318461037BD4680BDD44200207C
:10B8C00080B584B000AF786080233B72624B5B68C8
:10B8D0001978614B1B685A7D07F108030846114629
:10B8E000012212F09BFB0346002B02D04FF0FF33E6
:10B8F000ADE06420FFF776FF00233B72564B5B6898
:10B900001978554B1B685A7D07F108030846114604
:10B91000012212F083FB0346002B02D04FF0FF33CD
:10B9200095E04D4B0022DA7448233B724A4B5B682A
:10B930001978494B1B681A7A07F108030846114623
:10B94000012212F06BFB0346002B02D04FF0FF33B5
:10B950007DE0414BFF229A723F4BFF221A723E4B11
:10B96000FF225A723C4BFF22DA723B4B4FF6FF72BA
:10B97000DA81394BFF221A74374BFF229A74364B07
:10B980004FF6FF721A85344B01221A73324B012293
:10B9900083F82220304B002283F823202E4B0022F4
:10B9A0005A752D4B00221A752C4800210C2223F0C9
:10B9B00002FE294B002283F82420274B002283F823
:10B9C0002520254B0022DA844FF4FA6000F0E0FADB
:10B9D0000346002B02D04FF0FF3338E0022000F086
:10B9E00065FB0346002B02D04FF0FF332FE02A20E7
:10B9F00000F0C6FB0346002B02D04FF0FF3326E0D9
:10BA0000322000F027FC0346002B02D04FF0FF331A
:10BA10001DE0002000F0D0FC0346002B02D04FF0C8
:10BA2000FF3314E07B68002B02D0786812F0D0FB63
:10BA300001F0B4FA0A2000F07DFC0346002B02D08E
:10BA40004FF0FF3303E0002000F008FD002318460C
:10BA50001037BD4680BD00BFD4420020EA4200201E
:10BA600080B584B000AF0346FB80FB88282B02D949
:10BA70004FF0FF3392E0FB88002B1ED1002001F035
:10BA8000BFF800233B7307237B73464B5B68197831
:10BA9000444B1B685A7D07F10C03084611460222ED
:10BAA00012F0BCFA0346002B02D04FF0FF3375E0D2
:10BAB0003C4B00221A75002370E0012001F0A0F831
:10BAC000FB88012B02D102233B7332E0FB88022B5F
:10BAD00002D103233B732CE0FB88052B02D80423FF
:10BAE0003B7326E0FB880A2B02D805233B7320E03A
:10BAF000FB88142B02D806233B731AE0FB88282B03
:10BB000002D807233B7314E0FB88502B02D808238C
:10BB10003B730EE0FB88A02B02D809233B7308E09F
:10BB2000FB88B3F5A07F02D80A233B7301E00B2307
:10BB30003B731C4B5B6819781A4B1B685A7A07F1E8
:10BB40000C0308461146012212F068FA0346002B46
:10BB500002D04FF0FF3321E020233B73114B5B6891
:10BB60001978104B1B685A7D07F10C0308461146E3
:10BB7000012212F053FA0346002B02D04FF0FF339C
:10BB80000CE0084B08229A72064B00221A73054BF0
:10BB900001221A75002000F00FFC00231846103710
:10BBA000BD4680BDD442002080B584B000AF78602F
:10BBB0003960204B9B7A03F00803002B02D14FF031
:10BBC000FF3333E01B4B5B6819781A4B1B68DA7B39
:10BBD00007F1080308461146062212F091FA0346BF
:10BBE000002B02D04FF0FF3320E03B7A1B029AB2C9
:10BBF0007B7A13439AB27B681A807B680233BA7AE5
:10BC0000120291B2FA7A0A4392B21A807B68043324
:10BC10003A7B120291B27A7B0A4392B21A803B6855
:10BC2000002B02D0386812F0BFFA002318461037F4
:10BC3000BD4680BDD442002080B584B000AF78609E
:10BC40003960294B9B7A002B02D14FF0FF3346E03D
:10BC5000254B5B681978244B1B681A7C07F10C0391
:10BC600008461146022212F04BFA0346002B02D07E
:10BC70004FF0FF3333E03B7B1B029AB27B7B1343D5
:10BC8000FB813B68002B02D0386812F08DFAB7F9BF
:10BC90000E3006EE903AB8EEE67A134B5B681B89DD
:10BCA0001BB206EE903AF8EEE67A37EE677A0E4B64
:10BCB0005B68DB8806EE903AF8EEE67A87EE277A44
:10BCC000DFED0A7A37EE277ADFED097A67EE277A19
:10BCD000FDEEE77A17EE902A7B681A60002318467B
:10BCE0001037BD4680BD00BFD442002000000C428A
:10BCF0000000804780B582B000AF894B9B7A002B53
:10BD000002D14FF0FF3307E10023FB71844B5B68E6
:10BD10001978834B1B685A7CFB1D0846114601228B
:10BD200012F07CF90346002B02D04FF0FF33F3E012
:10BD30007B4B5B6819787A4B1B685A79FB1D084668
:10BD40001146012212F06AF90346002B02D04FF08F
:10BD5000FF33E1E0724B5B681978714B1B681A790D
:10BD6000FB1D08461146012212F058F90346002B2C
:10BD700002D04FF0FF33CFE0694B93F82430002B13
:10BD800064D00C23FB71664B5B681978644B1B68AD
:10BD90001A79FB1D08461146012212F03FF90346AD
:10BDA000002B02D04FF0FF33B6E03220FFF71AFD30
:10BDB000C023FB715A4B9B7A03F00103002B04D084
:10BDC000FB7943F02003DBB2FB71554B5B681978BC
:10BDD000534B1B681A79FB1D08461146012212F0CD
:10BDE0001DF90346002B02D04FF0FF3394E04C4B7B
:10BDF0005B7C002B02D00223FB7101E00023FB716E
:10BE0000474B5B681978464B1B685A7CFB1D0846FC
:10BE10001146012212F002F90346002B02D04FF026
:10BE2000FF3379E00023FB713D4B5B6819783C4B95
:10BE30001B685A79FB1D08461146012212F0EEF8E4
:10BE40000346002B67D04FF0FF3365E00423FB71FE
:10BE5000334B5B681978324B1B681A79FB1D084617
:10BE60001146012212F0DAF80346002B02D04FF0FF
:10BE7000FF3351E02A4B9B7C002B05D1284B9B7A4A
:10BE800003F00103002B02D14023FB7101E060238A
:10BE9000FB71234B5B681978214B1B681A79FB1DDA
:10BEA00008461146012212F0B9F80346002B02D0D1
:10BEB0004FF0FF3330E03220FFF794FC184B5B7CEF
:10BEC000002B02D00123FB7101E00023FB71144B16
:10BED0005B681978124B1B685A7CFB1D084611469B
:10BEE000012212F09BF80346002B02D04FF0FF33E3
:10BEF00012E00B4B5B681A78094B1B685B791046A4
:10BF000019460122074B12F089F80346002B02D094
:10BF10004FF0FF3300E0002318460837BD4680BDD0
:10BF2000D4420020E442002080B483B000AF7860A7
:10BF3000164B1B7A032B1ED801A252F823F000BF28
:10BF400051BF020059BF020063BF02006DBF020073
:10BF50007B68FA221A8012E07B684FF4FA721A802A
:10BF60000DE07B684FF47A721A8008E07B684FF42A
:10BF7000FA621A8003E07B6800221A8000BF002367
:10BF800018460C37BD465DF8047B7047D44200204C
:10BF900080B584B000AF0346FB80264B9B7A002B14
:10BFA00002D14FF0FF3341E0FB88B3F5FA7F0FD0A9
:10BFB000B3F5FA7F02DCFA2B07D012E0B3F57A7FF3
:10BFC00009D0B3F5FA6F09D00BE00023FB730BE047
:10BFD0000823FB7308E01023FB7305E01823FB73B1
:10BFE00002E04FF0FF3321E0124B1A7AFB7BDB08B3
:10BFF000DBB29A4201D1002318E00E4B5B6819783E
:10C000000C4B1B689A7907F10F0308461146012271
:10C0100012F004F80346002B02D04FF0FF3305E086
:10C02000FB7BDB08DAB2034B1A7200231846103789
:10C03000BD4680BDD442002080B483B000AF78609C
:10C04000194B5B7A032B1BD801A252F823F000BFD7
:10C0500061C0020069C0020071C0020079C0020024
:10C060007B6802221A700EE07B6804221A700AE0D4
:10C070007B6808221A7006E07B6810221A7002E0C2
:10C080004FF0FF330AE0084BDB7C002B05D07B68C8
:10C090001B785B00DAB27B681A70002318460C37F5
:10C0A000BD465DF8047B7047D442002080B584B063
:10C0B00000AF0346FB71314B9B7A002B02D14FF04E
:10C0C000FF3356E0FB79023B0E2B2DD801A252F82C
:10C0D00023F000BF11C1020029C1020017C10200F4
:10C0E00029C1020029C1020029C102001DC10200AC
:10C0F00029C1020029C1020029C1020029C1020090
:10C1000029C1020029C1020029C1020023C1020085
:10C110000023FB730BE00823FB7308E01023FB7381
:10C1200005E01823FB7302E04FF0FF3321E0134BCF
:10C130005A7AFB7BDB08DBB29A4201D1002318E07C
:10C140000E4B5B6819780D4B1B68DA7907F10F030A
:10C1500008461146012211F061FF0346002B02D070
:10C160004FF0FF3305E0FB7BDB08DAB2034B5A727A
:10C17000002318461037BD4680BD00BFD4420020C2
:10C1800080B584B000AF0346FB80244B9B7A002B24
:10C1900002D14FF0FF333DE0FB88BB2B02D90123D6
:10C1A000FB7319E0FB88612B02D90223FB7313E0B8
:10C1B000FB88292B02D90323FB730DE0FB88132B8B
:10C1C00002D90423FB7307E0FB88092B02D905235E
:10C1D000FB7301E00623FB73104BDA7AFB7B9A4278
:10C1E00001D1002316E00D4B5B6819780B4B1B68DF
:10C1F0009A7807F10F0308461146012211F00EFF4D
:10C200000346002B02D04FF0FF3303E0FA7B034BD1
:10C21000DA72002318461037BD4680BDD442002094
:10C2200080B483B000AF7860094B93F82430002BC2
:10C2300002D04FF0FF3304E0054BDA897B681A80A7
:10C24000002318460C37BD465DF8047B704700BFDD
:10C25000D442002080B584B000AF0346FB80344B4D
:10C260009B7A002B02D14FF0FF335DE0304B93F807
:10C270002430002B02D04FF0FF3355E02C4B1B7DB8
:10C28000002B0ED0FB88002B08D0FB88282B05D86C
:10C29000FB881846FFF7E4FB002345E00020FFF78A
:10C2A000DFFBFB88032B02D80423FB8006E0FB881E
:10C2B000B3F57A7F02D94FF47A73FB80FB884FF491
:10C2C0007A7292FBF3F3DBB2013BDBB2FB73184BE8
:10C2D0005B681978164B1B685A7807F10F030846FC
:10C2E0001146012211F09AFE0346002B02D04FF0B6
:10C2F000FF3319E0FB7B01334FF47A7292FBF3F3C7
:10C300009AB20B4BDA810A4B1B8D642B28BF642336
:10C310009BB2184600F00EF8054BDB895B089BB218
:10C320001846FFF72DFF002318461037BD4680BD85
:10C33000D442002080B584B000AF0346FB80FB8868
:10C34000002B07D01B4BDB89FA889A4202D8FB8866
:10C35000642B02D94FF0FF3328E0164BDA89FB88B3
:10C36000B2FBF3F39BB2DBB2013BDBB2FB73114BCD
:10C370005B6819780F4B1B6893F8242007F10F03B3
:10C3800008461146012211F049FE0346002B02D057
:10C390004FF0FF330AE0074BDB891A46FB7B013382
:10C3A00092FBF3F39AB2034B1A8500231846103719
:10C3B000BD4680BDD442002080B584B000AF0346A6
:10C3C000FB710023FB60FB7923F00103FB71224B1F
:10C3D00093F82430002B01D0002338E01E4B9B7AC9
:10C3E000002B02D14FF0FF3331E01B4B1B7CFB7263
:10C3F000194B9A7AFB791340DAB2174B1A74164B21
:10C400001B7CFA799A4203D04FF0FF33FB6001E0C6
:10C410000023FB60FB79002B03D10F4B1B7D002B0E
:10C4200003D00120FFF7EEF902E00020FFF7EAF960
:10C43000FB79002B0AD0FFF75DFC0346002B05D0EB
:10C44000054BFA7A1A744FF0FF3300E0FB68184688
:10C450001037BD4680BD00BFD442002080B584B0F7
:10C4600000AF0346FB71FB7903F07003002B02D091
:10C470000123FB7307E0FB79002B02D00023FB7341
:10C4800001E04023FB73684B5B681978664B1B68BF
:10C490005A7D07F10F0308461146012211F0BEFD37
:10C4A0000346002B05D0604B00229A724FF0FF33F9
:10C4B000B6E0FB7B23F04003DAB25B4B1A73002338
:10C4C000FB73FB7903F04003002B04D1FB7B43F0AB
:10C4D0000403DBB2FB73FB7903F02003002B04D1D0
:10C4E000FB7B43F00203DBB2FB73FB7903F0100329
:10C4F000002B04D1FB7B43F00103DBB2FB73FB7920
:10C5000003F00803002B04D1FB7B43F03803DBB2BC
:10C51000FB73454B5B681978434B1B689A7D07F1A9
:10C520000F0308461146012211F078FD0346002B47
:10C5300005D03D4B00229A724FF0FF3370E0FB793B
:10C54000002B05D0FB79082B02D0002000F058FB0F
:10C55000354B5B681978344B1B681A7907F10E0369
:10C5600008461146012211F0CBFD0346002B02D0F4
:10C570004FF0FF3354E0FB7903F00103002B07D0A9
:10C580001123FB73BB7B43F02003DBB2BB7306E0DC
:10C590001023FB73BB7B23F02003DBB2BB73224B66
:10C5A00093F82430002B05D0BB7B63F07F03DBB214
:10C5B000BB7304E0BB7B03F07F03DBB2BB731A4B9E
:10C5C0005B681978184B1B6893F8262007F10F0356
:10C5D00008461146012211F021FD0346002B02D02E
:10C5E0004FF0FF331CE0104B5B6819780E4B1B6853
:10C5F0001A7907F10E0308461146012211F00EFDCB
:10C600000346002B02D04FF0FF3309E0064BFA79C6
:10C610009A72054B00221A753220FFF7E3F80023C7
:10C6200018461037BD4680BDD442002080B58AB080
:10C6300000AFF860B9607A603B60002387F827306C
:10C640000023BB84504B93F82430002B02D04FF0D2
:10C65000FF3379E13B6800221A704B4B9B7A002B29
:10C6600002D14FF0FF336FE1474B1B7C002B02D10F
:10C670004FF0FF3368E1444B1B7C03F04003002B79
:10C6800004D097F82730023387F827303E4B1B7CC5
:10C6900003F02003002B04D097F82730023387F8EB
:10C6A0002730394B1B7C03F01003002B04D097F884
:10C6B0002730023387F82730334B1B7C03F0080305
:10C6C000002B04D097F82730063387F827302E4BFD
:10C6D0005B6819782C4B1B681A7B07F1140308461A
:10C6E0001146022211F00CFD0346002B02D04FF040
:10C6F000FF3329E13B7D1B029AB27B7D13439BB242
:10C700007B8497F827309BB27A8C9A4201D200231F
:10C710001AE11D4B5B685B885B089BB27A8C9A427E
:10C720001CD9194B5B681978174B1B68DA7C07F129
:10C73000140308461146012211F0E2FC0346002BC7
:10C7400002D04FF0FF33FFE03B7D03F01003002BDE
:10C7500004D0FFF7CFFA6FF00103F5E0786811F02D
:10C7600023FD094B5B681878074B1B68597B97F8CA
:10C77000272007F1140311F0C3FC0346002B05D05A
:10C780004FF0FF33E0E000BFD44200207A8C97F8EE
:10C79000273092FBF3F3DBB2013BDAB23B6B1A704A
:10C7A0003B6800221A7097F827309BB2BA8C9A42E5
:10C7B0004CD0674B1B7C03F00803002B46D0BB8C8E
:10C7C00007F12800034413F8143C1B029AB2BB8CF7
:10C7D000013307F128010B4413F8143C13439AB2B8
:10C7E000BB681A80BB680233BA8C023207F128009A
:10C7F000024412F8142C120291B2BA8C033207F1DF
:10C800002800024412F8142C0A4392B21A80BB6822
:10C810000433BA8C043207F128010A4412F8142CAC
:10C82000120291B2BA8C053207F12800024412F8C4
:10C83000142C0A4392B21A803B681B7843F0080319
:10C84000DAB23B681A70BB8C0633BB8497F827308A
:10C850009BB2BA8C9A4222D03D4B1B7C03F0400322
:10C86000002B1CD0BB8C07F128010B4413F8143C9F
:10C870001B029AB2BB8C013307F12800034413F862
:10C88000143C13439AB2FB681A803B681B7843F050
:10C890004003DAB23B681A70BB8C0233BB8497F852
:10C8A00027309BB2BA8C9A4223D0294B1B7C03F0D1
:10C8B0002003002B1DD0FB680233BA8C07F128013E
:10C8C0000A4412F8142C120291B2BA8C013207F108
:10C8D0002800024412F8142C0A4392B21A803B68D2
:10C8E0001B7843F02003DAB23B681A70BB8C02332A
:10C8F000BB8497F827309BB2BA8C9A4223D0144B52
:10C900001B7C03F01003002B1DD0FB680433BA8C92
:10C9100007F128010A4412F8142C120291B2BA8CC1
:10C92000013207F12800024412F8142C0A4392B293
:10C930001A803B681B7843F01003DAB23B681A7028
:10C94000BB8C0233BB84002318462837BD4680BD0C
:10C95000D442002080B586B000AF0346B9607A604B
:10C96000FB813D4B93F82430002B02D14FF0FF3375
:10C970006EE0394B9B7A002B02D14FF0FF3367E01A
:10C98000354B5B681978344B1B681A7B07F114032D
:10C9900008461146022211F0B3FB0346002B02D0D9
:10C9A0004FF0FF3354E03B7D1B029AB27B7D134373
:10C9B0009BB2FB82FA8AFB899A4205D27B680022ED
:10C9C0001A704FF0FF3343E0234B5B685B885B08D2
:10C9D0009BB2FA8A9A421CD91F4B5B6819781E4B8E
:10C9E0001B68DA7C07F1140308461146012211F096
:10C9F00087FB0346002B02D04FF0FF3328E03B7D3E
:10CA000003F01003002B04D0FFF774F96FF001035B
:10CA10001EE0114B5B6819780F4B1B685A7BFB8932
:10CA2000DBB2084611461A46BB6811F069FB0346A3
:10CA3000002B02D04FF0FF330AE0FA8AFB89B2FBE9
:10CA4000F3F39BB2DBB2013BDAB27B681A700023CE
:10CA500018461837BD4680BDD442002080B584B04A
:10CA600000AF0346FB71654B9B7CFA799A4201D17A
:10CA70000023BEE0FB79002B56D0604B5B68197831
:10CA80005E4B1B681A7907F10F0308461146012215
:10CA900011F036FB0346002B02D04FF0FF33A8E025
:10CAA000FB7B23F02003DBB2FB73544B5B681978EC
:10CAB000524B1B681A7907F10F03084611460122F1
:10CAC00011F0ACFA0346002B02D04FF0FF3390E098
:10CAD0000320FEF787FE0223FB73484B93F82230B6
:10CAE000002B04D0FB7B63F07F03DBB2FB73434B73
:10CAF00093F82330002B04D0FB7B43F03003DBB2F0
:10CB0000FB733E4B5B6819783C4B1B68DA7D07F181
:10CB10000F0308461146012211F080FA0346002B4C
:10CB200063D04FF0FF3364E0344B5B681978334BCC
:10CB30001B681A7907F10F0308461146012211F00C
:10CB4000DFFA0346002B02D04FF0FF3351E02B4BAE
:10CB50009B7A03F00103002B05D0FB7B43F02003FD
:10CB6000DBB2FB7304E0FB7B23F02003DBB2FB733F
:10CB7000224B5B681978214B1B681A7907F10F0368
:10CB800008461146012211F049FA0346002B02D053
:10CB90004FF0FF332DE00320FEF724FE174B93F8F0
:10CBA0002230002B02D08023FB7301E00023FB73B3
:10CBB000124B93F82330002B04D0FB7B43F030035F
:10CBC000DBB2FB730D4B5B6819780C4B1B68DA7D8D
:10CBD00007F10F0308461146012211F01FFA034620
:10CBE000002B02D04FF0FF3303E0044BFA799A7424
:10CBF000002318461037BD4680BD00BFD442002038
:10CC000080B584B000AF0346FB711F4B93F823300F
:10CC1000FA799A4201D1002332E0FB79002B02D04D
:10CC20003023FB7301E00023FB73174B9B7C002B2D
:10CC300004D0FB7B43F00203DBB2FB73124B93F88F
:10CC40002230002B04D0FB7B63F07F03DBB2FB734D
:10CC50000D4B5B6819780C4B1B68DA7D07F10F03ED
:10CC600008461146012211F0D9F90346002B02D0E3
:10CC70004FF0FF3304E0044BFA7983F823200023BC
:10CC800018461037BD4680BDD442002080B584B020
:10CC900000AF0B463A600246FA80BB803B68002B2F
:10CCA00002D14FF0FF3342E0234B9B7A002B02D19D
:10CCB0004FF0FF333BE0FB881B0A9BB2DBB23B73B8
:10CCC000FB88DBB27B737B7B1A46BB881A441A4B0A
:10CCD0005B685B899A4202DD4FF0FF3327E0164B19
:10CCE0005B681978144B1B68DA7E07F10C03084661
:10CCF0001146022211F092F90346002B02D04FF0A8
:10CD0000FF3314E00C4B5B6819780B4B1B681A7EE1
:10CD1000BB88DBB2084611461A463B6811F07EF923
:10CD20000346002B02D04FF0FF3300E000231846EB
:10CD30001037BD4680BD00BFD442002080B584B00E
:10CD400000AF0B463A600246FA80BB803B68002B7E
:10CD500002D14FF0FF3342E0234B9B7A002B02D1EC
:10CD60004FF0FF333BE0FB881B0A9BB2DBB23B7307
:10CD7000FB88DBB27B737B7B1A46BB881A441A4B59
:10CD80005B685B899A4202DD4FF0FF3327E0164B68
:10CD90005B681978144B1B68DA7E07F10C030846B0
:10CDA0001146022211F03AF90346002B02D04FF04F
:10CDB000FF3314E00C4B5B6819780B4B1B681A7E31
:10CDC000BB88DBB2084611461A463B6811F098F959
:10CDD0000346002B02D04FF0FF3300E0002318463B
:10CDE0001037BD4680BD00BFD442002080B588B05A
:10CDF00000AFB9600146F981BA81FB803B4B93F8E3
:10CE00002530002B02D04FF0FF336AE0BB68002BC7
:10CE100002D14FF0FF3364E00023FB833AE0FA894C
:10CE2000FB8BD31A082BA8BF0823BB83FB8BBA68E4
:10CE30001344F98BBA8B084611461A46FFF726FFB2
:10CE40000346002B02D04FF0FF334AE0F98BBA8B38
:10CE500007F11403084611461A46FFF76FFF034611
:10CE6000002B02D04FF0FF333BE0FB8BBA68D118A8
:10CE7000BB8B07F11402084611461A4622F068FBE4
:10CE80000346002B02D06FF001032AE0FA8BBB8B24
:10CE90001344FB83FA8BFB899A42C0D3BB891B0ADC
:10CEA0009BB2DBB23B74BB89DBB27B740F4B5B681C
:10CEB00019780E4B1B685A7F07F11003084611467C
:10CEC000022211F0ABF80346002B02D04FF0FF33E3
:10CED00007E0064B012283F82520044BFA88DA8408
:10CEE000002318462037BD4680BD00BFD442002035
:10CEF00080B584B000AF0346FB71274B93F8243014
:10CF0000FA799A4201D1002342E0FB79002B28D024
:10CF1000214B93F82530002B02D14FF0FF3337E03F
:10CF20000020FEF76FFC0020FFF798FD1A4BDB8C0A
:10CF30001846FFF78FF90023FB73174B5B681A78CD
:10CF400007F10F0310462321012211F067F8124B5D
:10CF5000012283F824200120FEF754FCFEF7CAFECC
:10CF600015E00020FEF74EFC0B4B1B7CFB730A4BBD
:10CF70005B681A7807F10F0310462321012211F094
:10CF80004DF8054B002283F82420FEF7B3FE002362
:10CF900018461037BD4680BDD442002080B584B00D
:10CFA00000AF0120FFF75AFD0C23FB7311E0FA7B61
:10CFB0003B1D10460021012211F0A2F8B860BB68A9
:10CFC000002B03D13B79482B00D105E0FB7B0133DB
:10CFD000FB73FB7B0F2BEAD9FB7B0F2B07D90620BA
:10CFE0000021984A01F034F94FF0FF3325E1964BC8
:10CFF000FA7B83F82A2010233B71934B93F82A2065
:10D000003B1D10460A21012211F008F80346002BAF
:10D0100002D04FF0FF3310E10120FEF7E3FB1F23A6
:10D020003B71894B93F82A203B1D10460A210122AF
:10D0300010F0F4FF0346002B02D04FF0FF33FCE06A
:10D040000120FEF7CFFB804B93F82A203B1D1046B2
:10D050001021032211F054F80346002B02D04FF0A8
:10D06000FF33EAE03B7980339BB29AB2764B9A85E4
:10D070007B7980339BB29AB2734BDA85BB7980336C
:10D080009BB29AB2704B1A8610233B716E4B93F889
:10D090002A203B1D10460A21012210F0BFFF034643
:10D0A000002B02D04FF0FF33C7E00120FEF79AFBC0
:10D0B0000020FFF7D3FC40233B71634B5B6819787A
:10D0C000614B1B689A7E3B1D08461146012210F0F9
:10D0D000A5FF0346002B02D04FF0FF33ADE05A4BC3
:10D0E00093F82A3063F07F03DBB23B71564B5B68E9
:10D0F0001978554B1B689A7F3B1D08461146012243
:10D1000010F08CFF0346002B02D04FF0FF3394E069
:10D1100002233B714C4B5B6819784B4B1B68DA7FE1
:10D120003B1D08461146012210F078FF0346002BF4
:10D1300002D04FF0FF3380E088233B71424B5B68A5
:10D140001978414B1B6893F820203B1D0846114677
:10D15000012210F063FF0346002B02D04FF0FF3393
:10D160006BE0394B93F82A303B71374B5B68197889
:10D17000354B1B6893F821203B1D084611460122C0
:10D1800010F04CFF0346002B02D04FF0FF3354E069
:10D190000A233B712C4B5B6819782B4B1B6893F867
:10D1A00022203B1D08461146012210F037FF03469E
:10D1B000002B02D04FF0FF333FE081233B71224B25
:10D1C0005B681978204B1B6893F823203B1D0846A9
:10D1D0001146012210F022FF0346002B02D04FF02F
:10D1E000FF332AE011233B71174B5B681978164B0C
:10D1F0001B6893F826203B1D08461146012210F0BB
:10D200000DFF0346002B02D04FF0FF3315E0032340
:10D210003B710D4B5B6819780B4B1B6893F827200B
:10D220003B1D08461146012210F0F8FE0346002B74
:10D2300002D04FF0FF3300E0002318461037BD4600
:10D2400080BD00BF80800500D442002080B586B03C
:10D2500000AF786039603F4B9B7A03F00103002BED
:10D2600002D14FF0FF3371E03A4B5B681978394BCC
:10D270001B6893F8282007F10C0308461146082282
:10D2800010F03EFF0346002B02D04FF0FF335DE06D
:10D290003B7B03F00103002B04D03B7B03F0020334
:10D2A000002B02D06FF0010350E0FB7CDBB25BB2DD
:10D2B000002B02DA6FF0020348E0BB7B1B029AB23C
:10D2C0007B7B13439AB27B681A807B6802333A7C7B
:10D2D000120291B2FA7B0A4392B21A807B6804333D
:10D2E000BA7C120291B27A7C0A4392B21A807B68AD
:10D2F0001B881BB2174A928D12B202FB03F31B125A
:10D300009AB27B681A807B6802337A68023212888C
:10D3100012B21049C98D09B201FB02F2121292B287
:10D320001A807B6804337A680432128812B2094981
:10D33000098E09B201FB02F2121292B21A803B6806
:10D34000002B02D0386810F02FFF00231846183742
:10D35000BD4680BDD442002080B483B000AF786069
:10D36000054B5B689A897B681A80002318460C3746
:10D37000BD465DF8047B7047D442002080B584B080
:10D3800000AF7860FCF71EF9F860FB684FF47A7222
:10D3900002FB03F3DA0B7B681A6000231846103790
:10D3A000BD4680BD80B500AF4FF4806340F6F630D7
:10D3B00003491A46C823FFF719FD0346184680BDE6
:10D3C0009480050080B588B000AF0346FB806C4AAE
:10D3D00007F114031188927819809A70694A07F14D
:10D3E00010031188927819809A70674A07F10C032C
:10D3F0001188927819809A70644A07F1080311889D
:10D40000927819809A70FB8803F0030307F12002D9
:10D41000134413F80C3C3B77FB88DB089BB203F00A
:10D42000030307F12002134413F80C3C7B77FB88BD
:10D430009B099BB203F0030307F12002134413F886
:10D440000C3CBB77FB8803F0030307F12002134475
:10D4500013F8103C3B76FB88DB089BB203F0030318
:10D4600007F12002134413F8103C7B76FB889B09DC
:10D470009BB203F0030307F12002134413F8103C9E
:10D48000BB7607F11C0340F2264003211A46FFF742
:10D49000FDFB0346002B02D04FF0FF336CE007F199
:10D4A000180340F22A4003211A46FFF7EFFB034618
:10D4B000002B02D04FF0FF335EE007F11C0207F1B2
:10D4C0000C0310461946032222F051F807F1180206
:10D4D00007F1080310461946032222F048F8FB889A
:10D4E00003F00403002B09D03B7F43F00103DBB2C0
:10D4F0003B773B7E43F00103DBB23B76FB8803F0D6
:10D500002003002B09D07B7F43F00103DBB27B7744
:10D510007B7E43F00103DBB27B76FB8803F48073F0
:10D52000002B09D0BB7F43F00103DBB2BB77BB7E8E
:10D5300043F00103DBB2BB7607F11C034FF48860B4
:10D5400003211A46FFF7A2FB0346002B02D04FF03F
:10D55000FF3311E007F1180340F2314003211A466E
:10D56000FFF794FB0346002B02D04FF0FF3303E09C
:10D57000074BFA881A81002318462037BD4680BD24
:10D580008C8C0500908C0500948C0500988C05000F
:10D590000054002080B588B000AF0346FB80204ACD
:10D5A00007F1100310685168926807C3FB88C82B05
:10D5B00002D94FF0FF332EE0FB88C82292FBF3F331
:10D5C0009BB2013BFB83FB8B1B0A9BB2DBB23B7222
:10D5D000FB8BDBB27B7207F1080340F216200221BD
:10D5E0001A46FFF753FB0346002B02D04FF0FF33E0
:10D5F00011E007F1100340F6C1200C211A46FFF795
:10D6000045FB0346002B02D04FF0FF3303E0054BF0
:10D61000FA889A81002318462037BD4680BD00BF96
:10D620009C8C05000054002080B586B000AF0246F7
:10D630000B46FA71BB80FB7903F00703002B03D084
:10D64000BB88B3F5C86F02D94FF0FF330AE1BB883E
:10D6500007EE903AB8EE677ADFED847AC7EE277A64
:10D66000C7ED047A07F10B031846FEF7E5FCFB7AD9
:10D67000023B0E2B7CD801A252F823F0B9D602004F
:10D6800071D70200E7D6020071D7020071D70200FD
:10D6900071D7020015D7020071D7020071D70200BE
:10D6A00071D7020071D7020071D7020071D7020052
:10D6B00071D7020043D7020097ED047ADFED6C7A50
:10D6C00067EE277AFCEEE77A17EE903AFB8297ED49
:10D6D000047ADFED687A67EE277AFCEEE77A17EED8
:10D6E000903ABB8247E097ED047ADFED637A67EE0C
:10D6F000277AFCEEE77A17EE903AFB8297ED047AF0
:10D70000DFED5E7A67EE277AFCEEE77A17EE903A65
:10D71000BB8230E097ED047ADFED597A67EE277A25
:10D72000FCEEE77A17EE903AFB8297ED047ADFED94
:10D73000557A67EE277AFCEEE77A17EE903ABB82CD
:10D7400019E097ED047ADFED507A67EE277AFCEE68
:10D75000E77A17EE903AFB8297ED047ADFED4B7A89
:10D7600067EE277AFCEEE77A17EE903ABB8202E08A
:10D770004FF0FF3376E0FB8A1B0A9BB2DBB23B73B0
:10D78000FB8ADBB27B73BB8A1B0A9BB2DBB2BB7327
:10D79000BB8ADBB2FB73FB7903F00103002B1CD0C7
:10D7A00007F10C034FF4EA7002211A46FFF76EFAF4
:10D7B0000346002B02D04FF0FF3353E007F10C0378
:10D7C00002334FF4927002211A46FFF75FFA0346C4
:10D7D000002B02D04FF0FF3344E0FB7903F002034B
:10D7E000002B1CD007F10C034FF4EC7002211A46F9
:10D7F000FFF74CFA0346002B02D04FF0FF3331E025
:10D8000007F10C0302334FF4947002211A46FFF71C
:10D810003DFA0346002B02D04FF0FF3322E0FB79A4
:10D8200003F00403002B1CD007F10C034FF4EE703F
:10D8300002211A46FFF72AFA0346002B02D04FF0C6
:10D84000FF330FE007F10C0302334FF4967002210F
:10D850001A46FFF71BFA0346002B02D04FF0FF33A6
:10D8600000E0002318461837BD4680BD000048433D
:10D870000000804600004046000000460000C04511
:10D880000000804500004045000000450000C04405
:10D8900080B584B000AF0346FB710023FB73FB79B6
:10D8A00003F00103002B04D0FB7B43F03003DBB219
:10D8B000FB73FB7903F00203002B04D0FB7B43F0E6
:10D8C0000C03DBB2FB73FB7903F00403002B04D0E1
:10D8D000FB7B43F00303DBB2FB7307F10F034FF451
:10D8E000A47001211A46FFF7D1F9034618461037F4
:10D8F000BD4680BD80B584B000AF0346FB71FB79A7
:10D90000002B02D10123FB7104E0FB79042B01D928
:10D910000423FB71FB79013BDBB2FB7307F10F03BF
:10D9200040F24F1001211A46FFF7B0F9034618469E
:10D930001037BD4680BD00BF80B584B000AF034640
:10D94000FB80FA880C4BA3FB02139B08FB81FB892D
:10D950001B0A9BB2DBB23B73FB89DBB27B7307F123
:10D960000C034FF4EF7002211A46FFF78FF90346BC
:10D9700018461037BD4680BDCDCCCCCC80B584B028
:10D9800000AF0346FB80FA880C4BA3FB02139B08F5
:10D99000FB81FB891B0A9BB2DBB23B73FB89DBB2C9
:10D9A0007B7307F10C034FF4ED7002211A46FFF769
:10D9B0006DF9034618461037BD4680BDCDCCCCCCA2
:10D9C00080B584B000AF78600B467B807B68134ADB
:10D9D00082FB03129211DB17D31A7A8802FB03F33E
:10D9E000FB60FB681B16DBB23B72FB681B14DBB2EF
:10D9F0007B72FB681B12DBB2BB72FB68DBB2FB7293
:10DA000007F108034FF4AE7004211A46FFF73EF900
:10DA1000034618461037BD4680BD00BFD34D621087
:10DA200080B584B000AF0346FB80FA880C4BA3FBA3
:10DA300002139B08FB80FB881B0A9BB2DBB23B7383
:10DA4000FB88DBB27B7307F10C034FF4AD7002214E
:10DA50001A46FFF71BF9034618461037BD4680BD2E
:10DA6000CDCCCCCC80B584B000AF0346FB80FA8827
:10DA70000C4BA3FB02139B08FB80FB881B0A9BB289
:10DA8000DBB23B73FB88DBB27B7307F10C034FF413
:10DA9000AC7002211A46FFF7F9F803461846103712
:10DAA000BD4680BDCDCCCCCC80B584B000AF786015
:10DAB0007B68002B02D14FF0FF331AE007F10C0313
:10DAC0004FF4587004211A46FFF738F90346002B2B
:10DAD00002D04FF0FF330CE03B7B1A067B7B1B042C
:10DAE0001A43BB7B1B021A43FB7B1A437B681A60F9
:10DAF000002318461037BD4680BD00BF80B584B0F6
:10DB000000AF78607B68002B02D14FF0FF331FE03D
:10DB100007F10C034FF4717004211A46FFF70EF958
:10DB20000346002B02D04FF0FF3311E03B7B1A0677
:10DB30007B7B1B041A43BB7B1B021A43FB7B1A43F0
:10DB400013469B0013449B001A467B681A6000230F
:10DB500018461037BD4680BD80B586B000AF03467D
:10DB6000FB8002233B73CA237B73E323BB7309232C
:10DB7000FB7307F10C03682004211A46FFF786F8AF
:10DB8000A3233B73FB8803F04003002B06D0C02384
:10DB90007B73C823BB73C223FB7305E0A3237B7392
:10DBA000A323BB73A323FB73FB8803F4C073002B75
:10DBB00006D0C4233B74CC237B74C623BB7405E01E
:10DBC000A3233B74A3237B74A323BB74A323FB7401
:10DBD000A3233B75A3237B7507F10C0340F6A72015
:10DBE0000A211A46FFF752F8FB8803F00303002BC3
:10DBF00002D020233B7301E0D8233B7307F10C03D1
:10DC000040F6B62001211A46FFF740F8FB8803F0E2
:10DC10002003002B03D0012000F0C6F802E0002012
:10DC200000F0C2F8FB8803F4C073002B1DD0FB8802
:10DC300003F48073002B08D0B2233B738B237B73D8
:10DC4000B623BB739B23FB7307E0B0233B73802396
:10DC50007B73B423BB739023FB7307F10C0340F673
:10DC6000A22004211A46FFF711F8FB8803F00103F4
:10DC7000002B25D0F8233B7307F10C034FF40B6006
:10DC800001211A46FFF702F80720FA21FFF7CCFC22
:10DC90000720FFF7FDFD0120FFF72CFE6420FFF7B2
:10DCA0004BFE4FF4FA70FFF769FE3D48C821FFF7BD
:10DCB00087FE2820FFF7B4FE0A20FFF7D3FE09E015
:10DCC000D8233B7307F10C034FF40B6001211A4674
:10DCD000FEF7DCFFFB8803F00203002B02D0D92300
:10DCE0003B7301E0D8233B7307F10C0340F23D7016
:10DCF00001211A46FEF7CAFFFB8803F00403002B3C
:10DD000003D0012000F084F802E0002000F080F849
:10DD1000FB8803F01003002B03D0012000F0A0F8D3
:10DD200002E0002000F09CF8FB8843F008039AB260
:10DD30001C4B5A81FDF7DEFF1A4B00229A73FB88B9
:10DD400003F04003002B05D0164B9B7B0633DAB261
:10DD5000144B9A73FB8803F4C073002B05D0114B4E
:10DD60009B7B0633DAB20F4B9A73FB8803F01403E4
:10DD7000002B05D00B4B9B7B1033DAB2094B9A7307
:10DD8000FB8803F00303002B05D0064B9B7B043379
:10DD9000DAB2044B9A73002318461837BD4680BD8B
:10DDA00009E3CA020054002080B588B000AF0346E2
:10DDB000FB71FB79002B11D0134A07F11403106893
:10DDC000516803C3127A1A7007F114034FF4976075
:10DDD00009211A46FEF75AFF034610E00B4A07F1E5
:10DDE00008031068516803C3127A1A7007F1080318
:10DDF0004FF4976009211A46FEF748FF034618467C
:10DE00002037BD4680BD00BFA88C0500B48C05003E
:10DE100080B584B000AF0346FB71FB79002B08D0BE
:10DE2000C0233B73C2237B73C423BB73C623FB7322
:10DE300006E007F10C0318468B21042221F0BBFBFE
:10DE400007F10C0340F6982004211A46FEF71EFF46
:10DE5000FDF750FF034618461037BD4680BD00BF92
:10DE600080B584B000AF0346FB71FB79002B08D06E
:10DE700020233B7328237B733023BB733823FB732E
:10DE800006E007F10C031846A321042221F093FBBE
:10DE900007F10C0340F69E2004211A46FEF7F6FE19
:10DEA000FDF728FF034618461037BD4680BD00BF6A
:10DEB00080B584B000AF78607B6803331B7823F0B3
:10DEC0003F03FB737B6803331B7803F03F03BB7393
:10DED0007B6801331B7803F00103002B13D0BB7B5D
:10DEE000DB087B73BB7B03F00703DBB201333B73BF
:10DEF000104B1B68002B06D00E4B1B68797B3A7BBE
:10DF00000846114698477B6801331B7803F00803E5
:10DF1000002B0AD0074B5B68002B06D0054B5B68D3
:10DF2000FA7B9209D2B21046984700231846103760
:10DF3000BD4680BD0054002080B592B000AFF860AF
:10DF4000B9607A603B60002387F847303B6D002260
:10DF50001A80AE4B9B7B1A4607F1200310461946E8
:10DF60007A6DFEF7F7FC0346002B02D04FF0FF332B
:10DF700048E1A64B5B8903F01403002B00F0868078
:10DF800097F820301A0697F821301B041A4397F8A7
:10DF900022301B021A4397F823301A437B681A6019
:10DFA0007B68043397F82420110697F82520120483
:10DFB000114397F826201202114397F827200A43AD
:10DFC0001A607B68083397F82820110697F82920F3
:10DFD0001204114397F82A201202114397F82B20BC
:10DFE0000A431A607B680C3397F82C20110697F8C7
:10DFF0002D201204114397F82E201202114397F896
:10E000002F200A431A6097F84730103387F84730BB
:10E010007B681B681B143B617B6804331B681B1403
:10E020007B617B6808331B681B14BB617B680C3306
:10E030001B681B14FB613B693A6902FB03F27B69B5
:10E04000796901FB03F31A44BB69B96901FB03F366
:10E050001A44FB69F96901FB03F313443B643B6C0D
:10E06000B3F1706F03DB3B6CB3F1885F07DDFDF745
:10E0700041FE3B6D00221A804FF0FF33C2E03B6D42
:10E080001B8843F480739AB23B6D1A805F4B5B89A7
:10E0900003F04003002B4ED097F8473007F14800BB
:10E0A000034413F8283C1B029AB297F84730013317
:10E0B00007F148010B4413F8283C13439AB2BB689C
:10E0C0001A80BB68023397F84720023207F14800F4
:10E0D000024412F8282C120291B297F8472003321A
:10E0E00007F14800024412F8282C0A4392B21A8021
:10E0F000BB68043397F84720043207F148010A440B
:10E1000012F8282C120291B297F84720053207F135
:10E110004800024412F8282C0A4392B21A8097F859
:10E120004730063387F847303B6D1B8843F00803C0
:10E130009AB23B6D1A80354B5B8903F4C073002B98
:10E140004ED097F8473007F148010B4413F8283CAC
:10E150001B029AB297F84730013307F14800034495
:10E1600013F8283C13439AB2FB681A80FB68023309
:10E1700097F84720023207F148010A4412F8282C88
:10E18000120291B297F84720033207F14800024487
:10E1900012F8282C0A4392B21A80FB68043397F8CD
:10E1A0004720043207F148010A4412F8282C1202D1
:10E1B00091B297F84720053207F14800024412F85F
:10E1C000282C0A4392B21A8097F84730063387F812
:10E1D00047303B6D1B8843F070039AB23B6D1A8049
:10E1E0000A4B5B8903F00303002B07D097F84730F5
:10E1F00007F1200213441846FFF75AFE3868FFF76C
:10E20000BDF8002318464837BD4680BD00540020A5
:10E2100080B483B000AF7860044B7A681A60002342
:10E2200018460C37BD465DF8047B7047005400204B
:10E2300080B483B000AF7860044B7A685A600023E2
:10E2400018460C37BD465DF8047B7047005400202B
:10E250000CB480B5CCB000AF3B1D18603B461960D4
:10E260003B1D1B68002B03DB062B03DD082B01D0B5
:10E2700000236BE000BF07F59E73C7F8203107F15C
:10E2800020031846D7F83811D7F8202121F09CFF39
:10E29000C7F82801D7F82831002B02DCD7F828313D
:10E2A00054E007F1080318460021172221F083F9F2
:10E2B00007F1080324221A7007F1080301225A709B
:10E2C0003B1D1B68DAB207F108039A7007F10803D7
:10E2D0000D225A7507F108030A229A750023C7F820
:10E2E0002C312CE0D7F82821D7F82C31D31A122B57
:10E2F000A8BF122387F8273107F108030333184614
:10E300000021122221F057F9D7F82C3107F1200211
:10E310001A4497F8273107F10801033108461146DE
:10E320001A4621F024F907F10803002019461722A4
:10E33000FDF792F8D7F82C311233C7F82C31D7F803
:10E340002C21D7F828319A42CCDB0023184607F558
:10E350009877BD46BDE8804002B0704780B584B074
:10E3600000AFF860B9607A60F868B9687A6801F05F
:10E37000CDF9064B9B6903F04003002B01D001232C
:10E3800000E0002318461037BD4680BD1054002021
:10E3900080B584B000AFF860B9607A60F868B96899
:10E3A0007A6801F0D7F9064B5B6903F04003002B54
:10E3B00001D0012300E0002318461037BD4680BD80
:10E3C0001054002080B584B000AFF860B9607A6066
:10E3D000F868B9687A6801F0EDF9064BDB6903F07B
:10E3E0004003002B01D0012300E000231846103722
:10E3F000BD4680BD1054002080B584B000AFF860E9
:10E40000B9607A60F8680949102221F0B0F8074B2A
:10E410001B69DAB2BB681A70044B5A6A7B681A60CF
:10E42000024B1B6A18461037BD4680BD10540020B1
:10E4300080B58CB000AFF860B9607A60394B1A686B
:10E44000384B1B681046194601F0ECFBB862354B9F
:10E450001A68344BDB681046194601F0E3FB78621A
:10E46000304B5A682F4B9B681046194601F0DAFB77
:10E4700038622C4B9A682B4B9B681046194601F06A
:10E48000D1FBF8613A6A7B6AD31ABB61FA69BB6A4D
:10E49000134403F140437B61BB6906EE903AB8EE4A
:10E4A000E67A7B6906EE903AF8EEE67AB0EE470A35
:10E4B000F0EE670A23F0B8FFB0EE407ADFED1A7A8B
:10E4C00027EE277ADFED197AC7EE277AC7ED0B7AA8
:10E4D000D7ED0B7AF5EEC07AF1EE10FA07D597ED8D
:10E4E0000B7ADFED137A77EE277AC7ED0B7A97ED8B
:10E4F0000B7ADFED107A67EE277AFDEEE77A17EEFA
:10E50000902AFB681A60074B1B69DAB2BB681A7065
:10E51000044B5A6A7B681A60024B1B6A18463037F4
:10E52000BD4680BD1054002000003443DB0F49403D
:10E530000000B4430000804780B52DED028B94B0FD
:10E5400000AFF860B9607A60B54B1A68B44B1B68CD
:10E550001046194601F066FBF864B14B1A68B04BDF
:10E560005B681046194601F05DFBB864AC4B1A6855
:10E57000AB4B9B681046194601F054FB7864A84BDE
:10E580001A68A74BDB681046194601F04BFB38644C
:10E59000A34B5A68A24B5B681046194601F042FB38
:10E5A000F8639F4B5A689E4B9B681046194601F0D2
:10E5B00039FBB8639A4B5A68994BDB681046194689
:10E5C00001F030FB7863964B9A68954B9B68104638
:10E5D000194601F027FB3863914B9A68904BDB6832
:10E5E0001046194601F01EFBF8628D4BDA688C4B21
:10E5F000DB681046194601F015FBB862BA6B3B6C3C
:10E60000D31A7B623A6BFB6C134403F140433B62C9
:10E610007B6A06EE103AB8EEC67A3B6A06EE903A8E
:10E62000F8EEE67AB0EE470AF0EE670A23F0FCFE59
:10E63000F0EE407AB1EE677ADFED7A7A27EE277A4C
:10E64000DFED797AC7EE277AC7ED067AFA6ABB6CF6
:10E650001344FB61FB6907EE903AB8EEE78A7B6AE8
:10E6600006EE103AB8EEC67A7B6A06EE903AF8EEFD
:10E67000E67A27EE277A3B6A07EE903AF8EEE76AE9
:10E680003B6A06EE103AF8EEC67A66EEA77A77EEA7
:10E69000277AB0EE670A23F0C9FEF0EE407AB0EEBA
:10E6A000480AF0EE670A23F0BFFEB0EE407ADFEDD5
:10E6B0005D7A27EE277ADFED5C7AC7EE277AC7ED21
:10E6C000047ABA6AFB6C134403F140433B623B6A31
:10E6D000002B17DAD7ED047AF5EEC07AF1EE10FAD6
:10E6E00008DBD7ED047A9FED4F7A77EE677AC7EDB6
:10E6F000047A07E0D7ED047A9FED4C7A77EE677ADB
:10E70000C7ED047AFA6BFB6C134403F140437B6260
:10E71000BA6B3B6C13443B627A6B7B6CD31AFB6124
:10E72000BA6AFB6C134403F1404306EE903AB8EE2C
:10E73000E67A7A6B7B6CD31A06EE103AF8EEC67A5C
:10E74000B0EE470AF0EE670A23F06EFEB0EE407AB4
:10E75000DFED347A27EE277ADFED337A87EE277AFA
:10E76000DFED337A77EE677AC7ED057A97ED057AB4
:10E77000DFED2F7AB4EEE77AF1EE10FA07DBD7ED92
:10E78000057A9FED287A77EE677AC7ED057A97EDDF
:10E79000057ADFED287AB4EEE77AF1EE10FA07D5C4
:10E7A000D7ED057A9FED217A77EE677AC7ED057A86
:10E7B00097ED047ADFED207A67EE277AFDEEE77AAF
:10E7C00017EE902AFB681A60FB68043397ED057A10
:10E7D000DFED197A67EE277AFDEEE77A17EE902AD9
:10E7E0001A60FB68083397ED067ADFED137A67EE5F
:10E7F000277AFDEEE77A17EE902A1A60084B1B691C
:10E80000DAB2BB681A70064B5A6A7B681A60044B0E
:10E810001B6A18465037BD46BDEC028B80BD00BF59
:10E820001054002000003443DB0F4940000034C383
:10E830000000B4420000B4C20000804780B584B03C
:10E8400000AFF860B9607A600948F96801F056FED7
:10E85000074B1B69DAB2BB681A70054B5A6A7B68B2
:10E860001A60034B1B6A18461037BD4680BD00BFB7
:10E870001054002080B584B000AF78604FF47A73F4
:10E88000BB6053485349544A02F0DCF97B681A6B69
:10E890004F4B5A617B685A6F4D4B9A617B68D3F836
:10E8A000B8204B4BDA617B681B6B03F48073002B41
:10E8B00004D07B68DB6ABB600023FB607B685B6F16
:10E8C00003F48073002B09D07B681A6FBB689A42EF
:10E8D00004DA7B681B6FBB600123FB607B68D3F8A5
:10E8E000B83003F48073002B0BD07B68D3F8B420CE
:10E8F000BB689A4205DA7B68D3F8B430BB60022368
:10E90000FB607B68D3F8203103F48073002B0BD0BD
:10E910007B68D3F82C21BB689A4205DA7B68D3F870
:10E920002C31BB600323FB60FB68022B25D0032B3B
:10E9300036D0012B10D07B681B6B03F04003002BFB
:10E940000CBF00230123DBB21A46214B1A627B68FD
:10E950009A6B1F4B5A6236E07B685B6F03F0400393
:10E96000002B0CBF00230123DBB21A46184B1A629E
:10E970007B68DA6F164B5A6225E07B68D3F8B830B3
:10E9800003F04003002B0CBF00230123DBB21A4627
:10E990000F4B1A627B68D3F8C0200D4B5A6212E00D
:10E9A0007B68D3F8203103F04003002B0CBF002319
:10E9B0000123DBB21A46064B1A627B68D3F8242186
:10E9C000034B5A6200BF002318461037BD4680BD76
:10E9D00010540020205400203454002080B500AF93
:10E9E00004484FF46171072200F092FC0346184678
:10E9F00080BD00BF75E8020080B500AF034800216C
:10EA0000282220F0D8FD0023184680BD1054002095
:10EA100080B582B000AFFFF7EFFF78607B68002B16
:10EA200001D07B6803E0044802F0B6FA03461846BA
:10EA30000837BD4680BD00BFDDE9020080B582B069
:10EA400000AF786010487968482220F090FD0F4BA5
:10EA5000D3F830210E4B5A630C4BD3F834210C4BB6
:10EA60009A670A4BD3F83821094BC3F8BC20084BEE
:10EA7000D3F8BC30032B02D1012002F093F900231C
:10EA800018460837BD4680BD2C550020385400205C
:10EA90007855002080B582B000AF7860786804496E
:10EAA000482220F064FD002318460837BD4680BD8B
:10EAB0002C55002080B500AF0B4800214FF4A07208
:10EAC00020F079FD094800214FF4CC7220F073FD4D
:10EAD00000F02CFF0648074948224DF2930302F04C
:10EAE000AFFA0346184680BD385400207855002000
:10EAF0003DEA020095EA020080B485B000AFF860FC
:10EB0000B9607A60FB687A685A62FB68BA681A6012
:10EB10001437BD465DF8047B704700BF80B582B0F6
:10EB200000AF78603960044879683A68FFF7E4FF1D
:10EB30000837BD4680BD00BF7855002080B483B043
:10EB400000AF78600D4B7A689A627B680C4A82FB52
:10EB500003129211DB17D21A084BDA62074B1B6CB7
:10EB6000002B05D1074A7B6892FBF3F2034B1A6432
:10EB70000C37BD465DF8047B704700BF7855002018
:10EB8000D34D621040420F0080B483B000AF786074
:10EB90000E4B7A68DA667B680D4A82FB031292118B
:10EBA000DB17D21A094B1A67084BD3F88430002BB5
:10EBB00006D1084A7B6892FBF3F2044BC3F8842029
:10EBC0000C37BD465DF8047B704700BF78550020C8
:10EBD000D34D621040420F0080B483B000AF786024
:10EBE0000F4B7A68C3F8B0207B680E4A82FB031291
:10EBF0009211DB17D21A0A4BC3F8B420084BD3F892
:10EC0000C830002B06D1084A7B6892FBF3F2044B14
:10EC1000C3F8C8200C37BD465DF8047B704700BFC1
:10EC200078550020D34D621040420F0080B400AFF1
:10EC3000074BD3F8B83003F48073002B0CBF0023CC
:10EC40000123DBB21846BD465DF8047B704700BF68
:10EC50007855002080B400AF064B1B6B03F4807323
:10EC6000002B0CBF00230123DBB21846BD465DF824
:10EC7000047B70477855002080B400AF064B5B6F73
:10EC800003F48073002B0CBF00230123DBB2184672
:10EC9000BD465DF8047B70477855002080B483B092
:10ECA00000AF00237B60204B5B6F03F48073002B6D
:10ECB00002D01D4BDB6F7B601B4B1B6B03F480731F
:10ECC000002B07D0184B9A6B7B689A4202D9164BDF
:10ECD0009B6B7B60144BD3F8B83003F48073002B2C
:10ECE00009D0114BD3F8C0207B689A4203D90E4B50
:10ECF000D3F8C0307B600C4BD3F8FC3003F4807346
:10ED0000002B09D0084BD3F804217B689A4203D921
:10ED1000054BD3F804317B607B6818460C37BD4641
:10ED20005DF8047B704700BF7855002080B582B045
:10ED300000AF78603960044879683A68FFF7DCFE14
:10ED40000837BD4680BD00BFBC55002080B582B0ED
:10ED500000AF78603960044879683A68FFF7CCFE04
:10ED60000837BD4680BD00BF0056002080B586B084
:10ED700000AF786039607B689B881BB2DB03FB6067
:10ED80007B68DB881BB2DB033B617B681B891BB2A2
:10ED9000DB037B617B681B6898B27B685B6A590008
:10EDA0007B680C3307F10C0201F002FDFA683B6846
:10EDB0001B685B10D31AFB603A693B6804331B681D
:10EDC0005B10D31A3B617A693B6808331B685B10A0
:10EDD000D31A7B617B681B6898B27B685B6A5900B9
:10EDE0007B68183307F10C0201F0E2FC7B681B6BB7
:10EDF00043F020027B681A631837BD4680BD00BF10
:10EE000080B582B000AF78607B68002B04D0786852
:10EE100003490C2220F0ABFB0837BD4680BD00BF84
:10EE20002C55002080B582B000AF78603960104862
:10EE300079680C2220F08CFB0346002B08D00C488C
:10EE400079680C2220F093FB0A480949FFF78EFFEE
:10EE5000094B3A68C3F8BC20084B3A68C3F838211C
:10EE600008200821002200F0F1FD0837BD4680BDD2
:10EE70002C550020005600207855002038540020E2
:10EE800080B483B000AF7860044B7A68C3F83C214B
:10EE90000C37BD465DF8047B704700BF3854002036
:10EEA00080B582B000AF7860074B7A689A67074BED
:10EEB0007A68C3F8342110201021002200F0C6FD2A
:10EEC0000837BD4680BD00BF78550020385400206B
:10EED00080B584B000AFF860B9607A60FB68002B41
:10EEE00021D07B6803F00103002B04D0FB681A6873
:10EEF000144BC3F814217B6803F00203002B04D0E9
:10EF0000FB685A680F4BC3F818217B6803F00403B1
:10EF1000002B04D0FB689A680A4BC3F81C210A48EE
:10EF20000A49FFF723FF0A4BBA689A67054BBA688C
:10EF3000C3F8342110201021002200F087FD103783
:10EF4000BD4680BD38540020BC5500204C550020E3
:10EF50007855002080B582B000AF786039607B685A
:10EF6000002B10D01A4879680C2220F0F1FA0346E1
:10EF7000002B08D0164879680C2220F0F8FA1548C2
:10EF80001349FFF7F3FE134B3A685A63124B3A6882
:10EF9000C3F830210F4BD3F8E430002B06D00D4BD3
:10EFA000D3F8E4200C4BC3F80C2104E00A4B4FF4D7
:10EFB000D812C3F80C2104200421002200F046FDE1
:10EFC000054B0122C3F810210837BD4680BD00BFA4
:10EFD00038550020785500203854002080B483B084
:10EFE00000AF0A4BD3F81031012B14BF00230123CB
:10EFF000DBB27B60054B0022C3F810217B6818460A
:10F000000C37BD465DF8047B704700BF38540020C4
:10F0100080B582B000AF786039607B68002B04D087
:10F02000786807490C2220F0A2FA3B68002B04D034
:10F03000044BD3F80C213B681A600837BD4680BDED
:10F04000385500203854002080B582B000AF786079
:10F0500039607B68002B04D0786807490C2220F0C7
:10F0600086FA3B68002B04D0044BD3F820213B6880
:10F070001A600837BD4680BD4C550020385400202A
:10F0800080B584B000AFF860B9607A60BB6803F007
:10F090002003002B1ED1FB681B689AB2254BA3F8F6
:10F0A0004820FB6804331B689AB2224BA3F84A201D
:10F0B000FB6808331B689AB21E4BA3F84C201D4B0B
:10F0C0005B6F43F080021B4B5A671B481B49FFF7DD
:10F0D0004DFE1CE0FB681A68164BDA65FB685A683F
:10F0E000144B1A66FB689A68124B5A66114B5B6F99
:10F0F00043F020020F4B5A67BB6803F003020D4B2D
:10F100009A67BB6803F003020D4BC3F83421094B27
:10F110005B6F43F4A072074B5A67064BDA6F054BDF
:10F12000C3F88020034B7A68DA670023184610374B
:10F13000BD4680BD78550020BC5500204C550020B0
:10F140003854002080B582B000AF786039600D4837
:10F150007968062220F00BFA0B4B1B6B43F4E0722C
:10F16000094B1A63084B9A6B074BDA63064B3A68F4
:10F170009A6305480549FFF7F9FD0023184608374B
:10F18000BD4680BD7C5500207855002038550020B4
:10F1900080B588B000AFF860B9607A60BB6803F0F2
:10F1A0002003002B23D1F86800F080FB07F1140343
:10F1B000184600F05BFB7B699AB22A4BA3F88C20BF
:10F1C000BB699AB2274BA3F88E20FB699AB2254BF4
:10F1D000A3F8902024482549FFF7C8FD214BD3F818
:10F1E000B83043F080021F4BC3F8B82022E0FB6820
:10F1F0001A681C4BC3F8A020FB685A68194BC3F867
:10F20000A420FB689A68174BC3F8A820154BD3F8C5
:10F21000B83043F02002134BC3F8B820BB6803F0AA
:10F220000302104BC3F8BC20BB6803F00302104B71
:10F23000C3F838210B4BD3F8C0200A4BC3F8C420C5
:10F24000084B7A68C3F8C020064BD3F8B83043F4B3
:10F25000A072044BC3F8B820002318462037BD46DF
:10F2600080BD00BF78550020005600202C5500209E
:10F270003854002080B483B000AF786039600E4B02
:10F280007A68C3F8E4200C4BD3F8FC3043F4E07206
:10F29000094BC3F8FC20084BD3F80421064BC3F8F4
:10F2A0000821054B3A68C3F80421002318460C379F
:10F2B000BD465DF8047B70477855002080B584B06A
:10F2C00000AFF860B9607A600F48F968102220F04A
:10F2D0004EF90E4B7A68C3F824210C4BD3F8203139
:10F2E00043F4E072094BC3F82021084BD3F82021E6
:10F2F000BB6803F400731A43044BC3F820210023B6
:10F3000018461037BD4680BD88560020785500202D
:10F3100080B588B000AFF860B9607A600023FB6107
:10F320000023BB611CE04A49BA6913465B001344E1
:10F330009B000B4404331A68FB689A420BD0444983
:10F34000BA6913465B0013449B000B4408331A68E8
:10F35000BB689A4201D1162376E0BB690133BB61D9
:10F360003B4B1A68BB699A42DDDC394B1B68132B97
:10F3700062DC0023BB61364B1B68002B38D002E0F7
:10F38000BB690133BB61324B1A68BB699A420BDD22
:10F390002F49BA6913465B0013449B000B440833A2
:10F3A0001A68BB689A42EBDB294B1A68BB699A4220
:10F3B0001ED0274B1B687B6116E07B695A1E2448D0
:10F3C00079690B465B000B449B00C118204813462B
:10F3D0005B0013449B00C2180B1D043207CA83E86C
:10F3E00007007B69013B7B617A69BB699A42E4DC77
:10F3F0001749BA6913465B0013449B000B4404335E
:10F40000FA681A601249BA6913465B0013449B00FC
:10F410000B440833BA681A600D49BA6913465B0099
:10F4200013449B000B440C337A681A60084B1B682A
:10F430005A1C074B1A6006E006200649064AFEF7EA
:10F4400007FF0C23FB61FB6918462037BD4680BDD2
:10F4500038540020D88C0500DC8C050080B485B0C1
:10F4600000AF78600023FB6035E02149FA6813465D
:10F470005B0013449B000B4404331A687B689A4278
:10F4800026D1FB680133BB6016E0BB685A1E1849E1
:10F4900013465B0013449B0019441548BA68134691
:10F4A0005B0013449B00C2180B1D043207CA83E89B
:10F4B0000700BB680133BB600D4B1A68BB689A42FA
:10F4C000E3DC0B4B1B685A1E094B1A60002308E053
:10F4D000FB680133FB60064B1A68FB689A42C4DC88
:10F4E000002318461437BD465DF8047B704700BF03
:10F4F0003854002080B584B000AF00237B60354BCA
:10F500001B6B03F04003002B03D07B6843F0020326
:10F510007B60304B5B6F03F04003002B03D07B68B4
:10F5200043F001037B602B4BD3F8B83003F040036A
:10F53000002B03D07B6843F004037B60254BD3F89A
:10F54000FC3003F04003002B03D07B6843F008033A
:10F550007B60204BD3F8203103F04003002B03D015
:10F560007B6843F010037B600023FB600023BB60DB
:10F5700023E01949BA6813465B0013449B000B440F
:10F580000C331A687B681340002B13D01249BA68F9
:10F5900013465B0013449B000B4404331B680D4867
:10F5A000984738603B68002B04D0FB68002B01D1E2
:10F5B0003B68FB60BB680133BB60074B1A68BB68E4
:10F5C0009A42D6DC00F00AF8FB6818461037BD46B0
:10F5D00080BD00BF785500203854002080B483B02F
:10F5E00000AF00237B60484B1B6B03F04003002BF4
:10F5F00008D0454B1B6B43F01002434B1A63424B40
:10F600009B6B7B60404B5B6F03F04003002B0CD087
:10F610003D4B5B6F43F010023B4B5A673A4BDB6F3D
:10F620007A689A4228BF13467B60374BD3F8B830CC
:10F6300003F04003002B0FD0334BD3F8B83043F026
:10F640001002314BC3F8B8202F4BD3F8C0307A6882
:10F650009A4228BF13467B602B4BD3F8FC3003F053
:10F660004003002B0FD0284BD3F8FC3043F010029E
:10F67000254BC3F8FC20244BD3F804317A689A4216
:10F6800028BF13467B60204BD3F8203103F04003A2
:10F69000002B0FD01C4BD3F8203143F010021A4B33
:10F6A000C3F82021184BD3F824317A689A4228BF36
:10F6B00013467B60144B1B6B23F04002124B1A6302
:10F6C000114B5B6F23F040020F4B5A670E4BD3F880
:10F6D000B83023F040020C4BC3F8B8200A4BD3F8E3
:10F6E000FC3023F04002084BC3F8FC20064BD3F853
:10F6F000203123F04002044BC3F820210C37BD46D3
:10F700005DF8047B704700BF7855002080B584B059
:10F7100000AFF860B9607A60FB68002B04D0F8682D
:10F720000A490C221FF023FF7B68002B03D0084BF3
:10F73000DA6F7B681A60BB68002B04D0044B9B6FA8
:10F74000DAB2BB681A701037BD4680BDD4550020B0
:10F750007855002080B584B000AFF860B9607A6059
:10F76000F8680B490C221FF002FF7B68002B03D0C6
:10F77000084B9A6B7B681A60BB68002B04D0054B62
:10F780005B6BDAB2BB681A701037BD4680BD00BF34
:10F79000905500207855002080B582B000AF786089
:10F7A000786803490C221FF0E2FE0837BD4680BD91
:10F7B0009055002080B584B000AFF860B9607A60E1
:10F7C000F86810490C221FF0D2FE7B68002B04D091
:10F7D0000D4BD3F8C0207B681A60BB68002B0ED09D
:10F7E0000A4BD3F83C31002B03D0BB6800221A70BF
:10F7F00005E0054BD3F8BC30DAB2BB681A7010379D
:10F80000BD4680BD18560020785500203854002091
:10F8100080B400AF034B5B6B1846BD465DF8047BBC
:10F82000704700BF7855002080B400AF074BD3F875
:10F830003C31002B01D0002302E0054BD3F8BC3053
:10F840001846BD465DF8047B704700BF3854002061
:10F850007855002080B400AF034B9B6F1846BD461F
:10F860005DF8047B704700BF7855002080B485B0F8
:10F8700000AF78600023FB600DE0FB689B007A68B6
:10F880001A440949FB684E339B000B445B681360C4
:10F89000FB680133FB60FB68022BEEDD1437BD46CD
:10F8A0005DF8047B704700BF7855002080B584B0B8
:10F8B00000AF78600023FB600CE0FB689B007A6877
:10F8C00013441968164BFA684C3243F82210FB684F
:10F8D0000133FB60FB68022BEFDD114BD3F8903155
:10F8E000012B05D10F4879680F4A00F0BFFF13E0E4
:10F8F0000023FB600DE0FB689B007A6813441A68E4
:10F900000749FB684E339B000B445A60FB68013388
:10F91000FB60FB68022BEEDD1037BD4680BD00BFEB
:10F9200078550020C0560020B456002080B582B023
:10F9300000AF00237B600BE0194A7B685A339B00C1
:10F94000134404334FF000021A607B6801337B607C
:10F950007B68082BF0DD1348002124221FF02BFECA
:10F9600000237B6014E07B689B000D4A5A339B00A8
:10F97000134404334FF07E521A607B689A00084BA0
:10F9800052324FF0804143F822107B6801337B6094
:10F990007B68022BE7DD00F007F80837BD4680BD25
:10F9A00078550020C056002080B400AF034B0022E1
:10F9B000C3F89021BD465DF8047B70477855002060
:10F9C00080B588B000AFF860B9607A601D4B5B68A5
:10F9D000DAB2BB681A701B4B9A687B681A6007F131
:10F9E0001403184601F0A8F87B699B1307EE903AC0
:10F9F000B8EEE77ADFED147A67EE277AFB68C3ED9D
:10FA0000007AFB680433BA69921307EE902AB8EEC5
:10FA1000E77ADFED0D7A67EE277AC3ED007AFB68AF
:10FA20000833FA69921307EE902AB8EEE77ADFED11
:10FA3000067A67EE277AC3ED007A0123184620374D
:10FA4000BD4680BD105700200AE81C3980B485B03F
:10FA500000AFF860B9607A607B68002B0CD1094B6D
:10FA60001A68BB68DB431A40064B1A60054B1A68DC
:10FA7000FB681A43034B1A601437BD465DF8047BDC
:10FA8000704700BFD457002080B483B000AF7860C7
:10FA90007B6807EE903AB8EEE77ADFED057AC7EEBD
:10FAA000277AB0EE670A0C37BD465DF8047B7047D5
:10FAB0000000804E90B52DED028B97B000AFF8603E
:10FAC000B9607A6000237B64FB6804331A68BB6802
:10FAD00008331B681046194600F0CCF80446FB6852
:10FAE00008331A68BB6804331B681046194600F0D7
:10FAF000C1F80346E31ABB64FB6808331A68BB68A5
:10FB00001B681046194600F0B5F80446FB681A68F1
:10FB1000BB6808331B681046194600F0ABF8034673
:10FB2000E31AFB64FB681A68BB6804331B68104661
:10FB3000194600F09FF80446FB6804331A68BB6856
:10FB40001B681046194600F095F80346E31A3B651A
:10FB500007F1440207F13403786811461A4600F0B1
:10FB6000B1F807F114037868194600F0A5F907F118
:10FB7000340107F1140207F12403084611461A461E
:10FB800000F0A0F8FB6A002B05D1BB6A002B02D164
:10FB90004FF0000318E0FB6A1846FFF775FFB0EE60
:10FBA000408ABB6A1846FFF76FFFF0EE407AB0EE6E
:10FBB000480AF0EE670A22F037FCF0EE407AF1EEE8
:10FBC000677AC7ED157A7B6D07EE903AB0EE670A5B
:10FBD0005C37BD46BDEC028B90BD00BF80B487B0E2
:10FBE00000AF786000237B6100233B6110E03B693C
:10FBF0009B007A6813441B685B13FB60FB68FA6820
:10FC000002FB03F37A6913447B613B6901333B6177
:10FC10003B69022BEBDD7B6918461C37BD465DF85E
:10FC2000047B7047F0B486B000AF786039607968C3
:10FC30000C464FEAE475396808464FEAE07100FB6C
:10FC400005FC04FB01F66644A4FB00017418214680
:10FC5000C7E90401C7E90401D7E90401420F42EAF8
:10FC6000C1024B171346FB60FB6818461837BD46A8
:10FC7000F0BC7047F0B486B000AF78603960796846
:10FC80000C464FEAE475396808464FEAE07100FB1C
:10FC900005FC04FB01F66644A4FB00017418214630
:10FCA000C7E90401C7E90401D7E90401820F42EA68
:10FCB00081028B171346FB60FB6818461837BD4658
:10FCC000F0BC7047B0B584B000AFF860B9607A603E
:10FCD000FB681A68BB681B6810461946FFF7CAFF25
:10FCE0000446FB6804331A68BB6804331B6810467B
:10FCF0001946FFF7BFFF0346E41AFB6808331A688A
:10FD0000BB6808331B6810461946FFF7B3FF03466C
:10FD1000E41AFB680C331A68BB680C331B68104686
:10FD20001946FFF7A7FF0346E21A7B681A607B6853
:10FD30001C1DFB681A68BB6804331B681046194613
:10FD4000FFF798FF0546FB6804331A68BB681B6819
:10FD500010461946FFF78EFF03461D44FB68083323
:10FD60001A68BB680C331B6810461946FFF782FF00
:10FD700003461D44FB680C331A68BB6808331B68D4
:10FD800010461946FFF776FF0346EB1A23607B689F
:10FD900003F10804FB681A68BB6808331B68104647
:10FDA0001946FFF767FF0546FB6804331A68BB680E
:10FDB0000C331B6810461946FFF75CFF0346ED1A2B
:10FDC000FB6808331A68BB681B6810461946FFF7C2
:10FDD00051FF03461D44FB680C331A68BB680433AB
:10FDE0001B6810461946FFF745FF03462B44236066
:10FDF0007B6803F10C04FB681A68BB680C331B6852
:10FE000010461946FFF736FF0546FB6804331A68AB
:10FE1000BB6808331B6810461946FFF72BFF0346E3
:10FE20001D44FB6808331A68BB6804331B6810461E
:10FE30001946FFF71FFF0346ED1AFB680C331A68DB
:10FE4000BB681B6810461946FFF714FF03462B4496
:10FE500023601037BD46B0BD80B485B000AFF860F8
:10FE6000B9607A60FB681A68BB681B681A447B68D3
:10FE70001A607B680433FA6804321168BA68043285
:10FE800012680A441A607B680833FA6808321168FD
:10FE9000BA68083212680A441A607B680C33FA6840
:10FEA0000C321168BA680C3212680A441A601437AE
:10FEB000BD465DF8047B704780B483B000AF7860C6
:10FEC00039607B681A683B681A603B6804337A685B
:10FED0000432126852421A603B6808337A6808326A
:10FEE000126852421A603B680C337A680C3212680E
:10FEF00052421A600C37BD465DF8047B704700BF64
:10FF000080B594B000AFF860B9607A6000233B62BE
:10FF100007F1200304331846B9680C221FF027FBB1
:10FF200007F1200207F14003F86811461A46FFF76F
:10FF3000C9FE07F13003F8681946FFF7BDFF07F166
:10FF4000400107F1300207F11003084611461A4636
:10FF5000FFF7B8FE07F110030433786819460C2246
:10FF60001FF005FB5037BD4680BD00BF80B485B093
:10FF700000AFF860B9607A60FB6893ED007ABB6807
:10FF8000D3ED007A27EE277AFB680433D3ED006ABD
:10FF9000BB680433D3ED007A66EEA77A37EE677A52
:10FFA000FB680833D3ED006ABB680833D3ED007AF1
:10FFB00066EEA77A37EE677AFB680C33D3ED006AFA
:10FFC000BB680C33D3ED007A66EEA77A77EE677ADA
:10FFD0007B68C3ED007A7B680433FA6892ED007A9F
:10FFE000BA680432D2ED007A27EE277AFA68043232
:10FFF000D2ED006ABA68D2ED007A66EEA77A37EEE3
:020000023000CC
:10000000277AFA680832D2ED006ABA680C32D2ED6B
:10001000007A66EEA77A37EE277AFA680C32D2EDCC
:10002000006ABA680832D2ED007A66EEA77A77EEF7
:10003000677AC3ED007A7B680833FA6892ED007A3C
:10004000BA680832D2ED007A27EE277AFA680432CD
:10005000D2ED006ABA680C32D2ED007A66EEA77A69
:1000600037EE677AFA680832D2ED006ABA68D2EDE4
:10007000007A66EEA77A37EE277AFA680C32D2ED6C
:10008000006ABA680432D2ED007A66EEA77A77EE9B
:10009000277AC3ED007A7B680C33FA6892ED007A18
:1000A000BA680C32D2ED007A27EE277AFA68043269
:1000B000D2ED006ABA680832D2ED007A66EEA77A0D
:1000C00037EE277AFA680832D2ED006ABA6804324D
:1000D000D2ED007A66EEA77A37EE677AFA680C32CC
:1000E000D2ED006ABA68D2ED007A66EEA77A77EEB2
:1000F000277AC3ED007A1437BD465DF8047B70475C
:1001000080B485B000AFF860B9607A60FB6893EDA9
:10011000007ABB68D3ED007A77EE277A7B68C3ED6F
:10012000007A7B680433FA68043292ED007ABA6888
:100130000432D2ED007A77EE277AC3ED007A7B683D
:100140000833FA68083292ED007ABA680832D2EDC4
:10015000007A77EE277AC3ED007A7B680C33FA6871
:100160000C3292ED007ABA680C32D2ED007A77EE5A
:10017000277AC3ED007A1437BD465DF8047B7047DB
:1001800080B485B000AF78604FF00003FB604FF0A3
:100190000003BB607B6893ED007A7B68D3ED007A47
:1001A00027EE277A7B680433D3ED006A7B6804333B
:1001B000D3ED007A66EEA77A37EE277A7B680833AC
:1001C000D3ED006A7B680833D3ED007A66EEA77A38
:1001D00037EE277A7B680C33D3ED006A7B680C33EB
:1001E000D3ED007A66EEA77A77EE277AC7ED037A29
:1001F00097ED037AF0EE007AB4EEE77AF1EE10FABA
:1002000040F1878097ED037AF6EE007A67EE277A61
:10021000C7ED027A97ED027AD7ED037A27EE277AB7
:10022000D7ED037A67EE277AB7EE087A77EE677A2A
:1002300097ED037A67EE277AC7ED037A97ED027A96
:10024000D7ED037A27EE277AD7ED037A67EE277A80
:10025000B7EE087A77EE677A97ED037A67EE277A3A
:10026000C7ED037A97ED027AD7ED037A27EE277A66
:10027000D7ED037A67EE277AB7EE087A77EE677ADA
:1002800097ED037A67EE277AC7ED037A97ED027A46
:10029000D7ED037A27EE277AD7ED037A67EE277A30
:1002A000B7EE087A77EE677A97ED037A67EE277AEA
:1002B000C7ED037A7B6893ED007AD7ED037A67EE9A
:1002C000277A7B68C3ED007A7B6804337A6804324E
:1002D00092ED007AD7ED037A67EE277AC3ED007AC4
:1002E0007B6808337A68083292ED007AD7ED037A9A
:1002F00067EE277AC3ED007A7B680C337A680C329C
:1003000092ED007AD7ED037A67EE277AC3ED007A93
:1003100012E07B684FF07E521A607B6804334FF026
:1003200000021A607B6808334FF000021A607B6895
:100330000C334FF000021A607B6893ED007A7B6803
:10034000D3ED007A27EE277A7B680433D3ED006A79
:100350007B680433D3ED007A66EEA77A37EE277A0E
:100360007B680833D3ED006A7B680833D3ED007AED
:1003700066EEA77A37EE277A7B680C33D3ED006AF6
:100380007B680C33D3ED007A66EEA77A77EE277A96
:10039000C7ED037A1437BD465DF8047B704700BF94
:1003A00080B584B000AF78607B6893ED007A7B689D
:1003B000D3ED007A27EE277A7B680433D3ED006A09
:1003C0007B680433D3ED007A66EEA77A37EE277A9E
:1003D0007B680833D3ED006A7B680833D3ED007A7D
:1003E00066EEA77A37EE277A7B680C33D3ED006A86
:1003F0007B680C33D3ED007A66EEA77A77EE277A26
:10040000B0EE670A22F012F887ED030AD7ED037AFF
:10041000F5EE407AF1EE10FA2ED07B6893ED007A7B
:10042000D7ED037AC7EE277A7B68C3ED007A7B6845
:1004300004337A68043292ED007AD7ED037AC7EE7E
:10044000277AC3ED007A7B6808337A68083292ED28
:10045000007AD7ED037AC7EE277AC3ED007A7B687E
:100460000C337A680C3292ED007AD7ED037AC7EE3E
:10047000277AC3ED007A12E07B684FF07E521A6053
:100480007B6804334FF000021A607B6808334FF03A
:1004900000021A607B680C334FF000021A601037BC
:1004A000BD4680BD80B483B000AF786039607B68A2
:1004B0001A683B681A603B6804337A680432D2EDEC
:1004C000007AF1EE677AC3ED007A3B6808337A6808
:1004D0000832D2ED007AF1EE677AC3ED007A3B681C
:1004E0000C337A680C32D2ED007AF1EE677AC3ED04
:1004F000007A0C37BD465DF8047B7047B0B582B01A
:1005000000AF786039607B6804331A687B68043315
:100510001B6810461946FFF785FB04467B681A687E
:100520007B681B6810461946FFF77CFB0346234493
:1005300003F140423B681A603B681C1D7B68043332
:100540001A687B6808331B6810461946FFF76AFB78
:1005500005467B680C331A687B681B681046194691
:10056000FFF760FB0346EB1A23603B6803F10804C6
:100570007B6804331A687B680C331B681046194685
:10058000FFF750FB05467B6808331A687B681B68D9
:1005900010461946FFF746FB03462B4423603B6891
:1005A00003F10C047B6804331A687B6808331B680A
:1005B00010461946FFF736FB05467B680C331A6870
:1005C0007B681B6810461946FFF72CFB03462B443B
:1005D00023603B6803F110047B6808331A687B686A
:1005E00008331B6810461946FFF71CFB05467B685D
:1005F0001A687B681B6810461946FFF713FB034611
:100600002B4403F1404323603B6803F114047B68EF
:1006100008331A687B680C331B6810461946FFF7CD
:1006200001FB05467B6804331A687B681B6810462B
:100630001946FFF7F7FA0346EB1A23603B6803F10C
:1006400018047B6804331A687B680C331B681046F7
:100650001946FFF7E7FA05467B6808331A687B6896
:100660001B6810461946FFF7DDFA0346EB1A2360B4
:100670003B6803F11C047B6808331A687B680C3301
:100680001B6810461946FFF7CDFA05467B68043310
:100690001A687B681B6810461946FFF7C3FA0346C1
:1006A0002B4423603B6803F120047B680C331A68F9
:1006B0007B680C331B6810461946FFF7B3FA0546F2
:1006C0007B681A687B681B6810461946FFF7AAFA10
:1006D00003462B4403F1404323600837BD46B0BDB9
:1006E00080B485B000AF78607B681B785BB2002B6C
:1006F00002DD0023FB812DE07B681B785BB2002BC1
:1007000002DA0423FB8125E07B6801331B785BB2AE
:10071000002B02DD0123FB811CE07B6801331B7889
:100720005BB2002B02DA0523FB8113E07B68023306
:100730001B785BB2002B02DD0223FB810AE07B68A1
:1007400002331B785BB2002B02DA0623FB8101E047
:100750000723FB81FB8918461437BD465DF8047BEF
:10076000704700BF80B584B000AF78607868FFF74D
:10077000B7FF0346FB817B6803331846FFF7B0FFE2
:100780000346DB009AB2FB8913439BB2FB817B6873
:1007900006331846FFF7A4FF03469B019AB2FB8974
:1007A00013439BB2FB81FB8918461037BD4680BDC1
:1007B00090B585B000AFB9607A603B600346FB81BD
:1007C000FB8903F003039B007A6813441A68FB89D2
:1007D00003F00403002B02D04FF0FF3300E00123AD
:1007E00003FB02F31846B968FFF744FA02463B6878
:1007F0001A603B681C1DFB89DB089BB203F00303F6
:100800009B007A6813441A68FB8903F02003002BCD
:1008100002D04FF0FF3300E0012303FB02F3184640
:10082000B968FFF727FA034623603B6803F1080421
:10083000FB899B099BB203F003039B007A68134476
:100840001A68FB8903F48073002B02D04FF0FF334A
:1008500000E0012303FB02F31846B968FFF70AFA28
:10086000034623601437BD4690BD00BF80B588B0F5
:1008700000AFF860B9607A600023FB612AE00023D2
:100880007B610023BB6119E0BA6913465B001A441F
:10089000FB6913449B00FA6813441A68BB699B0008
:1008A000B9680B441B6810461946FFF7E3F9034685
:1008B0007A6913447B61BB690133BB61BB69022B5D
:1008C000E2DDFB699B007A6813447A691A60FB6970
:1008D0000133FB61FB69022BD1DD2037BD4680BDB2
:1008E00080B588B004AFF860B9607A603B607B681F
:1008F00000933B680193FB68029306200021034AA2
:10090000BB68FDF7A5FC1037BD4680BD208D0500F6
:1009100080B500AF00F086FB00F0F0FA0346002B34
:100920000CD000F0EBFA034618461849184A222367
:10093000FFF7D6FF00F0E2FA034624E0FEF7BAF82C
:100940000346002B0CD0FEF7B5F8034618460F49B6
:100950000F4A2523FFF7C4FFFEF7ACF8034612E069
:1009600000F0F0F90346002B0CD000F0EBF9034641
:1009700018460649064A2723FFF7B2FF00F0E2F9BE
:10098000034600E00023184680BD00BF388D0500F7
:10099000888D050080B500AF00F01EFB0346002BDC
:1009A0000CD000F019FB034618460649064A4223BC
:1009B000FFF796FF00F010FB034600E00023184607
:1009C00080BD00BF388D0500988D050080B582B0D0
:1009D00000AF78603960084BDB6F43F00202064BD2
:1009E000DA670648796810221EF0C1FD024B3A68AA
:1009F0005A620837BD4680BDD8570020E85700200E
:100A000080B582B000AF78603960084BDB6F43F08F
:100A10000102064BDA670648796810221EF0A7FD2E
:100A2000024B3A681A620837BD4680BDD85700208D
:100A30001858002080B582B000AF786039607868BF
:100A4000054910221EF093FD044B1A6A3B681A6098
:100A50000837BD4680BD00BF18580020D857002079
:100A600080B400AF034B5B6F1846BD465DF8047B56
:100A7000704700BFD857002080B400AF034B1B6DF8
:100A80001846BD465DF8047B704700BFD85700206C
:100A900080B483B000AF7860064B9A6E7B681A60B2
:100AA000044B93F8643018460C37BD465DF8047B60
:100AB000704700BFD857002080B584B000AF034610
:100AC000FB71154B93F86430FA799A420CD1FB799B
:100AD000022B05D1104B9B6E5A1C0F4B9A6617E0E8
:100AE0000D4B00229A6613E00B4B00229A660A4BCC
:100AF000FA7983F86420FB79012B02D10123FB6092
:100B000001E00223FB60F86803210022FEF79EFF4C
:100B10001037BD4680BD00BFD857002080B582B0D9
:100B200000AF7860786803490C221EF020FD08377A
:100B3000BD4680BD00580020B0B582B000AF7860DF
:100B4000244B5A68234BDB6810461946FFF76AF8B6
:100B50000446204B9A681F4B1B6810461946FFF746
:100B600061F80346E21A7B681A607B681C1D194B0A
:100B70009A68184BDB6810461946FFF753F805468C
:100B8000144B5A68134B1B6810461946FFF74AF876
:100B900003462B4423607B6803F108040D4BDA689D
:100BA0000C4BDB6810461946FFF73CF80546094B2D
:100BB0001A68084B1B6810461946FFF733F80346BE
:100BC0002B4403F140432360002318460837BD46F9
:100BD000B0BD00BFD857002080B582B000AF7860AC
:100BE0007868044910221EF0C2FC0023184608371A
:100BF000BD4680BDE857002080B582B000AF786068
:100C00000D4BDB6F03F00303002B0AD00B480C499C
:100C1000094AFFF757F8084BDB6F23F00302064B36
:100C2000DA677868044910221EF0A1FC00231846F8
:100C30000837BD4680BD00BFD85700201858002097
:100C4000E857002080B584B000AFF860B9607A60E2
:100C5000F868FFF7D1FFFEF721F802467B681A60BB
:100C6000FDF7E4FF0346002B05D0FEF7DDFD02464D
:100C7000BB681A6018E0FDF7EDFF0346002B05D0B6
:100C8000FEF7C6FD0246BB681A600DE0FDF7F4FFF3
:100C90000346002B05D0FEF7DDFD0246BB681A6057
:100CA00002E0BB6800221A601037BD4680BD00BF5D
:100CB00080B483B000AF7860054B7A68C3F88020B9
:100CC000002318460C37BD465DF8047B704700BF13
:100CD000D857002080B500AF04484FF44871072270
:100CE000FEF716FB0023184680BD00BFB10C0300C1
:100CF00080B500AF1148002188221EF05CFC0F4B2C
:100D00004FF080425A630D4B4FF080429A630B4B79
:100D10004FF08042DA63094B4FF080421A64074B70
:100D20004FF080421A61054B4FF080421A60034B2E
:100D3000034AC3F884200023184680BDD8570020FA
:100D4000DB0F494080B582B000AFFFF7D1FF78607C
:100D50007B68002B01D07B6804E0044800F01CF99C
:100D600078607B6818460837BD4680BDD50C030007
:100D700080B483B000AF7860034B7A685A650C3753
:100D8000BD465DF8047B7047D857002080B400AFA3
:100D9000034B1B6F1846BD465DF8047B704700BFD0
:100DA000D857002080B483B000AF7860034B7A68D6
:100DB0001A670C37BD465DF8047B7047D857002092
:100DC00080B483B000AF7860034B7A689A670C37C1
:100DD000BD465DF8047B7047D857002080B400AF53
:100DE000034B9B6F1846BD465DF8047B704700BF00
:100DF000D857002080B582B000AF7860034879688A
:100E00000C221EF0B4FB0837BD4680BD30580020D0
:100E100080B582B000AF7860786803490C221EF07C
:100E2000A6FB0837BD4680BD3058002080B586B08F
:100E300000AF78607B68002B24D078680021002206
:100E4000FEF764FC07F10C031846FFF775FE7B689C
:100E50001A68FB689B13D21A7B681A607B6804339C
:100E60007A68043211683A6992138A1A1A607B68A8
:100E700008337A68083211687A6992138A1A1A60FC
:100E8000002300E0162318461837BD4680BD00BF7A
:100E900080B586B000AF78607B68002B27D007F163
:100EA00008031846FFF7C2FF0346002B1FD100239B
:100EB000FB7517E0FB7D9B007A681A44FB7D9B0065
:100EC00007F118010B4453F8103C07EE903AB8EEC6
:100ED000E77ADFED097AC7EE277AC2ED007AFB7D6B
:100EE0000133FB75FB7D022BE4D9002300E01623C0
:100EF00018461837BD4680BD0000804780B500AF5A
:100F00000348002154221EF056FB0023184680BDE2
:100F10006058002080B584B000AF78600023FB608B
:100F20002DE01C4AFB689B0013445A687B689A4278
:100F300022D1184B1B685A1EFB689A4215D0FB68D9
:100F40009A00144B1344191DFB6801339A00114B8E
:100F500013441A1D0F4B1868FB68C31A013B9B0012
:100F6000084611461A461EF00BFB0A4B1B685A1E18
:100F7000084B1A60002308E0FB680133FB60054B57
:100F80001A68FB689A42CCDC162318461037BD4617
:100F900080BD00BF6058002080B483B000AF78608F
:100FA0000C4B1B68132B01DD16230CE0094B1B684F
:100FB000084A9B0013447A685A60064B1B685A1C07
:100FC000044B1A60002318460C37BD465DF8047BBD
:100FD000704700BF6058002080B584B000AF002388
:100FE000FB600023BB6011E00D4ABB689B0013440B
:100FF0005B68984778607B68002B04D0FB68002B07
:1010000001D17B68FB60BB680133BB60044B1A688D
:10101000BB689A42E8DCFB6818461037BD4680BDC5
:101020006058002080B500AF044800214FF4CC7216
:101030001EF0C1FA014B0C225A6080BDB45800204A
:1010400080B487B000AFF860B9607A603B6000237D
:101050007B6110E029497A6913465B0013449B00C9
:101060000B44B0331A683B689A4201D116233FE023
:101070007B6901337B61214B1A687B699A42E9DC09
:101080001E4B1B68132B01DD162331E01B4B1A6826
:101090001A4913465B0013449B000B44B0333A6873
:1010A0001A60164B1A687968144813465B0013449B
:1010B0009B000344A8331960104B1A680F4B02328F
:1010C000F96843F822100D4B1A680C4B1632B968B8
:1010D00043F82210094B5A687B68134403F10C0251
:1010E000064B5A60054B1B685A1C044B1A600023C0
:1010F00018461C37BD465DF8047B7047B458002085
:1011000080B586B002AF786039603A6807F10C03A9
:10111000084900910121019178684FF40071FAF7B4
:10112000F7F9FB689AB23B68A3F884201037BD46F4
:1011300080BD00BF4C5A002080B500AF034B1F227A
:101140001A70F1F7F9FE0346184680BD545E002080
:1011500080B500AFF1F71CFF0346184680BD00BF05
:1011600080B582B000AF78600B467B80094B1B785E
:10117000002B06D0074B1B78013BDAB2054B1A70E7
:1011800005E0054B1B687A88786811469847083750
:10119000BD4680BD545E0020505E0020B0B588B0D2
:1011A00000AF7860124B07F108041D460FCD0FC445
:1011B00095E8030084E803007B68002B01D1072336
:1011C00011E00C4B7A681A6034233B7434237B742F
:1011D00001233B7200237B7207F10803184606497E
:1011E000F1F724FE034618462037BD46B0BD00BFC8
:1011F000A88D0500505E00206111030080B400AF8F
:10120000BFF34F8F054A054BDB6803F4E061044BE5
:101210000B43D360BFF34F8F00BFFDE700ED00E04D
:101220000400FA0532DF7047184600BF80B483B06F
:1012300000AF78604FF0A04318460C37BD465DF80C
:10124000047B704780B584B000AF7860F970BA70E5
:101250007B703B1D1846FFF7E9FFF8607A68F97864
:10126000BB785B0019437B789B0019433B7E1B02D4
:1012700019433B7F1B041943FB6802F5E07243F8F6
:1012800022101037BD4680BD80B584B002AF7860B3
:1012900013460A46FA70BB70FB7800220092BA78B7
:1012A0000192786800210022FFF7CCFF0837BD4685
:1012B00080BD00BF80B485B000AF7860254BFB6077
:1012C0007B68002B40D0244B1A68F9687B6800BF0C
:1012D00000BF00BF00BF00BF00BF00BF00BF8A4209
:1012E0002FD000BF00BF00BF00BF00BF00BF00BFC6
:1012F00000BF00BF00BF00BF00BF00BF00BF00BFF6
:1013000000BF00BF00BF00BF00BF00BF00BF00BFE5
:1013100000BF00BF00BF00BF00BF00BF00BF00BFD5
:1013200000BF00BF00BF00BF00BF00BF00BF00BFC5
:1013300000BF00BF00BF00BF00BF00BF00BF00BFB5
:1013400000BF013BC3D17B601437BD465DF8047B11
:10135000704700BF0024F400D042002080B582B066
:1013600000AF78607B684FF47A7202FB03F3184693
:10137000FFF7A0FF0837BD4680BD00BFF0B58BB0BA
:1013800004AFF860B9607A607B687B617B695B68F9
:101390001846F6F7ABFE06467B691B881D467B693F
:1013A0009C687B699B681846F7F760FA0346184605
:1013B000F6F79CFE034600960195029403930120E4
:1013C0000949FA68BB68F6F72FFF022015F04EFCBA
:1013D0000520FFF7C3FFF868B9687A68F8F712F9D3
:1013E0001C37BD46F0BD00BF388E050080B584B007
:1013F00000AF03202649F6F785FE012014F096FB86
:10140000F860FB68BB60BB68002B04D0B868812122
:10141000204AF8F7DFF816F01DFEF860FB687B60E5
:101420007B68002B04D0786884211A4AF8F7D2F838
:101430000B2003210322FFF727FF0C2000210222AB
:10144000FFF722FF0520FFF789FFFFF7EBFEF860AB
:1014500002201149F6F756FE16F0C6FB034683F04C
:101460000103DBB2002B0BD0FB683B603B68002B19
:1014700005D038689521074AF8F7ACF805E004E094
:1014800002200649F6F73EFEFEE71037BD4680BD56
:101490009C8E0500CC8E05001C8F0500A08F0500DA
:1014A00080B588B002AF78607B685B881A467B683D
:1014B0001B7979680978009103201F49F6F760FECF
:1014C0007B68002B35D07B681B78012B31D116F05F
:1014D000C1FD78617B693B613B69002B04D03869B1
:1014E000C321164AF8F776F80D2000210222FFF7F3
:1014F000CBFE02201249F6F705FEFFF793FE786156
:1015000016F072FB034683F00103DBB2002B0BD015
:101510007B69FB60FB68002B05D0F868D021074A87
:10152000F8F758F805E004E002200649F6F7EAFD6E
:10153000FEE71837BD4680BDDC8F0500CC8E050068
:1015400024900500A08F050080B582B000AF7860C0
:101550007B681B78012B08D0022B10D0002B17D1F1
:1015600003200D49F6F7CEFD12E003200B49F6F7F4
:10157000C9FD0520FFF7F2FEFFF740FE08E003205B
:101580000749F6F7BFFDFFF731FFFFF737FE00BF52
:101590000837BD4680BD00BF88900500C490050097
:1015A0000491050080B59AB000AF3B1D00221A607F
:1015B000043300221A60043300221A60043300222C
:1015C0001A60043300221A60043300221A600433C4
:1015D00000221A60043300221A60043300221A60C9
:1015E00004331C23BB720523FB720D233B731123B1
:1015F0007B730123BB730423FB7340F61C433B82C4
:1016000041F25E037B825A4B7B615A4BBB616F2375
:10161000BB8340F61C43FB830A2387F82030564BDC
:101620007B620F2017F098FA78667B6E3B663B6E04
:10163000002B05D0386E4FF48571504AF7F7CAFF7A
:101640004F4BFB6307F13C034E48194615F0B4FBC2
:1016500078667B6EFB65FB6D002B05D0F86D4FF453
:101660008871464AF7F7B6FF454BBB6307F138036D
:101670004548194612F0B2FF78667B6EBB65BB6DBC
:10168000002B05D0B86D4FF48B713C4AF7F7A2FFE1
:101690003B4B7B6307F134033C48194614F054FA82
:1016A00078667B6E7B657B6D002B05D0786D40F294
:1016B0001D11324AF7F78EFF354814F031FF786676
:1016C0007B6E3B653B6D002B05D0386D4FF4907100
:1016D0002A4AF7F77FFF2F4B7B603B1D2E481946A8
:1016E0000FF0E6FA78667B6EFB64FB6C002B05D08E
:1016F000F86C40F22511214AF7F76CFF41F288306F
:101700000FF054FA78667B6EBB64BB6C002B05D07F
:10171000B86C4FF49471194AF7F75CFF1F4BBB622A
:10172000194BFB6205233B6307F12803184610F0B1
:1017300009FF78667B6E7B647B6C002B05D0786C30
:101740004FF498710D4AF7F745FF012015F08EFA16
:1017500078667B6E3B643B6C002B05D0386C40F2A6
:101760003311064AF7F736FF6837BD4680BD00BF24
:1017700060E3160020BF0200C08D0500CC8E05007E
:10178000308E0500685E0020585E0020605E0020FC
:10179000705E0020A1140300785E0020491503004C
:1017A00080B584B000AF0C4B7B603B1D184616F033
:1017B000FBFBF860FB68BB60BB68002B05D0B8681A
:1017C0004FF4AB71054AF7F705FF6420FFF7C6FD3C
:1017D0001037BD4680BD00BF80910500CC8E05004E
:1017E00080B586B000AF0020F6F728FC78617B69F1
:1017F0003B613B69002B05D038694FF4B171164A43
:10180000F7F7E8FE03201549F6F77CFC08203C2199
:10181000134AF6F72DFFF860FB68BB60BB68002B2E
:1018200005D0B86840F267110B4AF7F7D3FEF7F717
:1018300007FE78617B697B607B68002B05D0786848
:1018400040F26911044AF7F7C5FEFFF7A9FFFFF759
:10185000A9FEF6F7C5FFFCE7CC8E05004091050018
:10186000805E0020A0DF7047184600BFA2DF7047EF
:10187000184600BFA4DF7047184600BFA8DF7047B6
:10188000184600BF62DF7047184600BF80B483B0BF
:1018900000AF786039603B689A887B68A3F8442081
:1018A0000C37BD465DF8047B704700BF80B483B041
:1018B00000AF786039607B684FF6FF72A3F8442070
:1018C0000C37BD465DF8047B704700BF90B58FB004
:1018D00000AF786039603B6806333B633B6B1B7835
:1018E000022B40F04881012387F83730012387F825
:1018F0003630002387F835303B6B5A887B689B88ED
:101900009A420BD1002387F835303B6B9B890A2B19
:1019100040F2EA80002387F83730E5E03B6B5A88D5
:101920007B689B899A4221D13B6B9B89032B03D017
:10193000002387F83730D7E03B6B0E33FB6201237F
:1019400087F83530FB6A1B889BB21F2B09D9FB6ACD
:101950001B889BB2B3F5FA5F03D8FB6A9B78B42B64
:1019600003D9002387F83730BEE0BDE03B6B5A88CF
:101970007B689B8A9A424BD13B6B9B89082B03D097
:10198000002387F83730AFE03B6B0E33BB62022396
:1019900087F83530BB6A1B889BB2052B21D9BB6AFF
:1019A0001B889BB2B3F5486F1BD8BB6A5B889BB2A0
:1019B000052B16D9BB6A5B889BB2B3F5486F10D86C
:1019C000BB6A9B889BB2B3F5FA7F0AD2BB6ADB88FD
:1019D0009BB2092B05D9BB6ADB889BB2B3F5486F74
:1019E00002D9002387F83730BB6ADB889BB29A00A4
:1019F000BB6A9B889BB20133B96A498889B201FBF3
:101A000003F39A4203DC002387F837306CE06BE085
:101A10003B6B5A887B689B8B9A4212D1032387F8D1
:101A200035303B6B9B89002B5ED03B6B9B89112B28
:101A300003D83B6B9B89022B56D8002387F837309D
:101A400052E03B6B5A887B689B8C9A420AD10423F4
:101A500087F835303B6B9B89FA2B45D9002387F8F3
:101A6000373041E03B6B5A887B689B8E9A4223D18A
:101A70003B6B9B89032B03D0002387F8373033E07F
:101A80003B6B0E337B62052387F835307B6A1B780E
:101A9000012B0CD87B6AB3F801309BB2162B06D908
:101AA0007B6AB3F801309BB2B3F58A7F03D9002378
:101AB00087F8373018E017E03B6B5A887B689B8FBC
:101AC0009A420BD13B6B9B89F72B03D9002387F8F4
:101AD000373009E0062387F8353005E0002387F822
:101AE0003730002387F8363097F83630002B2FD068
:101AF00002233B7397F83730002B0FD0BB7C43F0A9
:101B00000103BB7400233B823B6B0E33BB613B6B19
:101B10009B89FB823B6B5B89BB8206E0BB7C6FF3DE
:101B20000003BB7440F203133B823B689A8807F1C1
:101B30000C0310461946FFF7A1FE38623B6AFB61B1
:101B4000FB69002B04D0F869F8210C4AF7F742FD35
:101B500097F83730002B0ED07B689B6C002B0AD097
:101B60007B689C6C3B6B03F10E023B6B9B8997F887
:101B700035107868A0473C37BD4690BD9C91050064
:101B800080B590B000AF7860396007F12403184643
:101B900000211C221DF00FFD97F8243043F00803AC
:101BA00087F8243097F824306FF3820387F82430C5
:101BB00097F8243043F0020387F824300023BB62F7
:101BC00000233B6300237B630023BB630023FB6391
:101BD0007B681B78BB7340F20113BB8107F10803DC
:101BE0001846002103221DF0E6FC3B7A012262F335
:101BF00003033B723B7A012262F307133B727B7A49
:101C0000012262F303037B727B7A012262F30713E2
:101C10007B72BB7A012262F34203BB72BB7A6FF321
:101C2000C303BB72BB7A43F01003BB72BB7A43F0B1
:101C30000103BB7207F110031846002114221DF0A6
:101C4000BAFC07F10C033B6107F108037B613B68B9
:101C50001B68DB7A3B8300237B833B681B683B620A
:101C60000A23BB837B6858887B68043307F124010F
:101C700007F11002FFF7FAFD034618464037BD464C
:101C800080BD00BF80B590B000AF7860396007F1CB
:101C90002403184600211C221DF08DFC97F82430E7
:101CA00043F0080387F8243097F824306FF3820359
:101CB00087F8243097F8243043F0020387F8243063
:101CC0000023BB6200233B6300237B630023BB63D1
:101CD0000023FB637B681B78BB734FF48173BB816C
:101CE00007F108031846002103221DF064FC3B7A2B
:101CF000012262F303033B723B7A012262F3071372
:101D00003B727B7A012262F303037B727B7A0122AE
:101D100062F307137B72BB7A012262F34203BB7248
:101D2000BB7A6FF3C303BB72BB7A43F01003BB7281
:101D3000BB7A43F00103BB7207F110031846002180
:101D400014221DF038FC07F10C033B6107F1080376
:101D50007B6103233B8300237B833B681B680C333D
:101D60003B620323BB837B6858887B680C3307F195
:101D7000240107F11002FFF779FD034618464037AA
:101D8000BD4680BD80B590B000AF7860396007F186
:101D90002403184600211C221DF00DFC97F8243066
:101DA00043F0080387F8243097F824306FF3820358
:101DB00087F8243097F8243043F0020387F8243062
:101DC0000023BB6200233B6300237B630023BB63D0
:101DD0000023FB637B681B78BB734FF48273BB816A
:101DE00007F108031846002103221DF0E4FB3B7AAB
:101DF000012262F303033B723B7A012262F3071371
:101E00003B727B7A012262F303037B727B7A0122AD
:101E100062F307137B72BB7A012262F34203BB7247
:101E2000BB7A6FF3C303BB72BB7A43F01003BB7280
:101E3000BB7A43F00103BB7207F11003184600217F
:101E400014221DF0B8FB07F10C033B6107F10803F6
:101E50007B6108233B8300237B833B681B680F3334
:101E60003B620823BB837B6858887B68143307F187
:101E7000240107F11002FFF7F9FC0346184640372A
:101E8000BD4680BD80B590B000AF7860396007F185
:101E90002403184600211C221DF08DFB97F82430E6
:101EA00043F0080387F8243097F824306FF3820357
:101EB00087F8243097F8243043F0020387F8243061
:101EC0000023BB6200233B6300237B630023BB63CF
:101ED0000023FB637B681B78BB7340F20513BB8157
:101EE00007F108031846002103221DF064FB3B7A2A
:101EF000012262F303033B723B7A012262F3071370
:101F00003B727B7A012262F303037B727B7A0122AC
:101F100062F307137B72BB7A012262F34203BB7246
:101F2000BB7A6FF3C303BB72BB7A43F01003BB727F
:101F3000BB7A43F00103BB7207F11003184600217E
:101F400014221DF038FB07F10C033B6107F1080375
:101F50007B613B681B6893F828303B8300237B83BD
:101F60003B681B6817333B621423BB837B6858882C
:101F70007B681C3307F1240107F11002FFF776FCA0
:101F8000034618464037BD4680BD00BF80B590B0BF
:101F900000AF7860396007F12403184600211C2245
:101FA0001DF009FB97F8243043F0080387F824302C
:101FB00097F824306FF3820387F8243097F82430A1
:101FC00043F0020387F824300023BB6200233B6305
:101FD00000237B630023BB630023FB637B681B78C8
:101FE000BB734FF48373BB8107F1080318460021CC
:101FF00003221DF0E0FA3B7A012262F303033B72F5
:102000003B7A012262F307133B727B7A012262F36F
:1020100003037B727B7A012262F307137B72BB7A24
:10202000012262F34203BB72BB7A6FF3C303BB723C
:10203000BB7A43F01003BB72BB7A43F00103BB725F
:1020400007F110031846002114221DF0B4FA07F11D
:102050000C033B6107F108037B613B681B6893F845
:1020600023313B8300237B833B681B6829333B621E
:10207000FA23BB837B6858887B68243307F12401EB
:1020800007F11002FFF7F2FB034618464037BD4642
:1020900080BD00BF80B590B000AF7860396007F1B7
:1020A0002403184600211C221DF085FA97F82430DD
:1020B00043F0020387F824300023BB6200233B6314
:1020C00000237B630023BB630023FB637B681B78D7
:1020D000BB7340F20713BB8107F1080318460021C8
:1020E00003221DF068FA3B7A012262F303033B727C
:1020F0003B7A012262F307133B72BB7A012262F33F
:102100004203BB72BB7A6FF3C303BB72BB7A6FF33C
:102110000413BB72BB7A43F00103BB7207F11003D7
:102120001846002114221DF046FA07F10C033B610A
:1021300007F108037B6103233B8300237B833B6818
:102140001B6803F592733B620323BB837B6858884B
:102150007B682C3307F1240107F11002FFF786FB9F
:10216000034618464037BD4680BD00BF80B590B0DD
:1021700000AF7860396007F12403184600211C2263
:102180001DF019FA97F8243043F0020387F8243041
:1021900097F824306FF3820387F8243097F82430BF
:1021A00043F0080387F824300023BB6200233B631D
:1021B00000237B630023BB630023FB637B681B78E6
:1021C000BB734FF48473BB8107F1080318460021E9
:1021D00003221DF0F0F93B7A012262F303033B7204
:1021E0003B7A012262F307133B727B7A012262F38E
:1021F00003037B727B7A012262F307137B72BB7A43
:10220000012262F34203BB72BB7A6FF3C303BB725A
:10221000BB7A43F01003BB72BB7A43F00103BB727D
:1022200007F110031846002114221DF0C4F907F12C
:102230000C033B6107F108037B6103233B8300230D
:102240007B833B681B6803F227133B620323BB833A
:102250007B6858887B68343307F1240107F110024A
:10226000FFF704FB034618464037BD4680BD00BF5C
:1022700080B590B000AF7860396007F1240318464C
:1022800000211C221DF097F997F8243043F0080331
:1022900087F8243097F824306FF3820387F82430CE
:1022A00097F8243043F0020387F824300023BB6200
:1022B00000233B6300237B630023BB630023FB639A
:1022C0007B681B78BB7340F20913BB8107F10803DD
:1022D0001846002103221DF06EF93B7A012262F3B9
:1022E00003033B723B7A012262F307133B727B7A52
:1022F000012262F303037B727B7A012262F30713EC
:102300007B72BB7A012262F34203BB72BB7A6FF32A
:10231000C303BB72BB7A43F01003BB72BB7A43F0BA
:102320000103BB7207F110031846002114221DF0AF
:1023300042F907F10C033B6107F108037B613B683D
:102340001B6893F821323B8300237B833B681B6827
:1023500003F595733B62F723BB837B6858887B68E2
:102360003C3307F1240107F11002FFF77FFA03461F
:1023700018464037BD4680BD80B582B000AF78605A
:1023800039607B68002B02D03B68002B00D117E03E
:102390003B681B88112B09D0512B0CD0102B00D07F
:1023A0000EE078683968FFF771FA09E078683968F3
:1023B000FFF77CFA04E078683968FFF787FA00BF16
:1023C0000837BD4680BD00BF90B589B000AF7860CA
:1023D0003960494B07F10804186859689A68DB6846
:1023E0000FC47B68002B01D10E2380E03B68002BDB
:1023F00001D10E237BE07B684FF6FF72A3F84420E7
:102400003B685A687B689A647B6807F1080210464B
:102410001946FFF737FAF861FB69002B01D0FB6919
:1024200065E07B681B78BB764FF480733B837B68E9
:10243000023307F11802012011461A46FFF712FA7B
:10244000F861FB69002B01D0FB6950E078683968BE
:10245000FFF796FBF861FB69002B01D0FB6946E0B2
:1024600078683968FFF70EFCF861FB69002B01D032
:10247000FB693CE078683968FFF784FCF861FB6928
:10248000002B01D0FB6932E078683968FFF7FAFC6D
:10249000F861FB69002B01D0FB6928E07868396896
:1024A000FFF774FDF861FB69002B01D0FB691EE0AA
:1024B00078683968FFF7EEFDF861FB69002B01D001
:1024C000FB6914E078683968FFF750FEF861FB6932
:1024D000002B01D0FB690AE078683968FFF7C8FE75
:1024E000F861FB69002B01D0FB6900E0002318466E
:1024F0002437BD4690BD00BFEC91050080B586B085
:1025000000AF786039600323FB827B68002B01D128
:102510000E231BE07B68B3F844204FF6FF739A420A
:1025200001D1082312E0FB8ABB810023FB813B68B9
:102530003B617B68B3F844107B689A8E07F10C030B
:10254000084611461A46FFF795F90346184618370C
:10255000BD4680BD80B584B000AF786039607B68CF
:10256000002B01D10E2314E03B6893F8F7303B8138
:1025700000237B813B68FB607B68B3F844107B6879
:102580009A8F07F10803084611461A46FFF772F9B9
:10259000034618461037BD4680BD00BFA0DF704718
:1025A000184600BFA2DF7047184600BFA6DF70477D
:1025B000184600BFA8DF7047184600BF62DF7047AB
:1025C000184600BF80B483B000AF786039603B68C4
:1025D0009A887B689A870C37BD465DF8047B704704
:1025E00080B483B000AF786039607B684FF6FF72CB
:1025F0009A870C37BD465DF8047B704790B587B06D
:1026000000AF786039603B6806337B617B691A886C
:102610007B681B899A4224D17B695B89022B20D17C
:102620007B690C331846EFF7A3F80346FB747B680D
:1026300093F83E30FA7C9A4212D07B68FA7C83F899
:102640003E207B685B6C002B0AD07B685C6C7B69EE
:1026500003F10C027B695B8978680021A047D6E012
:10266000D5E07B691A887B681B8A9A4224D17B69F2
:102670005B89022B20D17B690C331846EFF778F881
:102680000346BB747B6893F83F30BA7C9A4212D001
:102690007B68BA7C83F83F207B685B6C002B0AD098
:1026A0007B685C6C7B6903F10C027B695B897868F1
:1026B0000121A047ABE0AAE07B691A887B681B8BED
:1026C0009A4224D17B695B89022B20D17B690C3330
:1026D0001846EFF74DF803467B747B6893F840305B
:1026E0007A7C9A4212D07B687A7C83F840207B689F
:1026F0005B6C002B0AD07B685C6C7B6903F10C027D
:102700007B695B8978680221A04780E07FE07B6974
:102710001A887B681B8C9A4224D17B695B89022BC7
:1027200020D17B690C331846EFF722F803463B743F
:102730007B6893F841303A7C9A4212D07B683A7CAD
:1027400083F841207B685B6C002B0AD07B685C6C53
:102750007B6903F10C027B695B8978680321A047E0
:1027600055E054E07B691A887B681B8D9A4224D11E
:102770007B695B89022B20D17B690C331846EEF70D
:10278000F7FF0346FB737B6893F84230FA7B9A426B
:1027900012D07B68FA7B83F842207B685B6C002B4D
:1027A0000AD07B685C6C7B6903F10C027B695B89F6
:1027B00078680421A0472AE029E07B691A887B68B1
:1027C0001B8E9A4223D17B695B89022B1FD17B69C7
:1027D0000C331846EEF7CCFF0346BB737B6893F8C7
:1027E0004330BA7B9A4212D07B68BA7B83F843208D
:1027F0007B685B6C002B0AD07B685C6C7B6903F1A7
:102800000C027B695B8978680521A047FFE71C37CC
:10281000BD4690BD90B58DB000AF786039603B6823
:102820000633BB62BB6A1B78022B40F09280BB6A06
:102830005A887B689B8E9A4240F08B80012387F8F0
:102840002F30BB6A9B890C2B03D0002387F82F30D5
:102850003DE0BB6A0E337B627B6A1B889BB2632BB5
:1028600032D97B6A1B889AB24EF660239A422BD8E3
:102870007B6A5B889BB2312B26D97B6A5B889AB2D4
:102880004EF660239A421FD87B6A9B889BB2632BCB
:102890001AD97B6A9B889AB24EF660239A4213D863
:1028A0007B6ADB889BB2C72B0ED97B6ADB889AB226
:1028B0004EF660239A4207D87B6A1B7A002B03D01E
:1028C0007B6A1B7A032B02D9002387F82F3002235F
:1028D0003B7397F82F30002B0FD0BB7C43F00103E4
:1028E000BB7400233B82BB6A0E33BB61BB6A9B890E
:1028F000FB82BB6A5B89BB8206E0BB7C6FF3000393
:10290000BB7440F203133B823B689A8807F10C03C7
:1029100010461946FFF74EFE38623B6AFB61FB69C1
:10292000002B04D0F869FD210B4AF6F753FE97F807
:102930002F30002B0DD07B685B6C002B09D07B689F
:102940005C6CBB6A03F10E02BB6A9B897868062146
:10295000A0473437BD4690BDFC91050080B592B0CC
:1029600000AF7860396007F1280318460021032280
:102970001CF021FE97F82830012262F3030387F848
:10298000283097F82830012262F3071387F828309F
:1029900097F82930012262F3030387F8293097F86A
:1029A0002930012262F3071387F8293097F82A307B
:1029B000012262F3420387F82A3007F12C031846FC
:1029C00000211C221CF0F7FD97F82C3043F0100377
:1029D00087F82C3000233B630023BB630023FB6399
:1029E00007F128033B6400237B647B681B78BB747E
:1029F00040F201233B8207F10C0318460021032219
:102A00001CF0D9FD3B7B6FF303033B733B7B6FF300
:102A100007133B737B7B6FF303037B737B7B6FF34A
:102A200007137B73BB7B012262F34203BB73BB7B47
:102A30006FF3C303BB73BB7B6FF30413BB73BB7B2D
:102A40006FF30003BB7307F114031846002114222F
:102A50001CF0B1FD07F110037B6107F10C03BB61B2
:102A60000223BB830023FB833B681B687B6202233A
:102A70003B847B6858887B68043307F12C0107F19D
:102A80001402FFF78FFD034618464837BD4680BD48
:102A900080B592B000AF7860396007F1280318461E
:102AA000002103221CF087FD97F82830012262F3F1
:102AB000030387F8283097F82830012262F30713C0
:102AC00087F8283097F82930012262F3030387F84A
:102AD000293097F82930012262F3071387F829304B
:102AE00097F82A30012262F3420387F82A3007F16F
:102AF0002C03184600211C221CF05DFD97F82C3099
:102B000043F0100387F82C3000233B630023BB63A2
:102B10000023FB6307F128033B6400237B647B688D
:102B20001B78BB7440F202233B8207F10C0318466A
:102B3000002103221CF03FFD3B7B6FF303033B733B
:102B40003B7B6FF307133B737B7B6FF303037B7359
:102B50007B7B6FF307137B73BB7B012262F3420322
:102B6000BB73BB7B6FF3C303BB73BB7B6FF30413FC
:102B7000BB73BB7B6FF30003BB7307F114031846F1
:102B8000002114221CF017FD07F110037B6107F1EF
:102B90000C03BB610523BB830023FB833B685B689D
:102BA0007B6205233B847B6858887B680C3307F184
:102BB0002C0107F11402FFF7F5FC034618464837CD
:102BC000BD4680BD80B592B000AF7860396007F136
:102BD00028031846002103221CF0EDFC97F828304A
:102BE000012262F3030387F8283097F82830012286
:102BF00062F3071387F8283097F82930012262F32F
:102C0000030387F8293097F82930012262F307136C
:102C100087F8293097F82A30012262F3420387F8B7
:102C20002A3007F12C03184600211C221CF0C3FC9B
:102C300097F82C3043F0100387F82C3000233B63C7
:102C40000023BB630023FB6307F128033B640023DD
:102C50007B647B681B78BB7440F203233B8207F1E3
:102C60000C031846002103221CF0A5FC3B7B6FF3EC
:102C700003033B733B7B6FF307133B737B7B6FF368
:102C800003037B737B7B6FF307137B73BB7B012297
:102C900062F34203BB73BB7B6FF3C303BB73BB7BAA
:102CA0006FF30413BB73BB7B6FF30003BB7307F1BC
:102CB00014031846002114221CF07DFC07F11003B8
:102CC0007B6107F10C03BB610123BB830023FB8302
:102CD0003B689B687B6201233B847B6858887B68E8
:102CE000143307F12C0107F11402FFF75BFC0346D4
:102CF00018464837BD4680BD80B592B000AF7860B9
:102D0000396007F128031846002103221CF053FC08
:102D100097F82830012262F3030387F8283097F8E8
:102D20002830012262F3071387F8283097F82930FA
:102D3000012262F3030387F8293097F82930012232
:102D400062F3071387F8293097F82A30012262F3DB
:102D5000420387F82A3007F12C03184600211C2271
:102D60001CF029FC97F82C3043F0100387F82C3026
:102D700000233B630023BB630023FB6307F12803AD
:102D80003B6400237B647B681B78BB744FF4017346
:102D90003B8207F10C031846002103221CF00BFCB8
:102DA0003B7B6FF303033B733B7B6FF307133B7377
:102DB0007B7B6FF303037B737B7B6FF307137B7367
:102DC000BB7B012262F34203BB73BB7B6FF3C30384
:102DD000BB73BB7B6FF30413BB73BB7B6FF300034D
:102DE000BB7307F114031846002114221CF0E3FB07
:102DF00007F110037B6107F10C03BB610423BB8364
:102E00000023FB833B68DB687B6204233B847B6895
:102E100058887B681C3307F12C0107F11402FFF777
:102E2000C1FB034618464837BD4680BD80B592B009
:102E300000AF7860396007F12803184600210322AB
:102E40001CF0B9FB97F82830012262F3030387F8DE
:102E5000283097F82830012262F3071387F82830CA
:102E600097F82930012262F3030387F8293097F895
:102E70002930012262F3071387F8293097F82A30A6
:102E8000012262F3420387F82A3007F12C03184627
:102E900000211C221CF08FFB97F82C3043F010030C
:102EA00087F82C3097F82C3043F0020387F82C3049
:102EB00000233B630023BB630023FB6307F128036C
:102EC0003B6400237B647B681B78BB7440F2052362
:102ED0003B8207F10C031846002103221CF06BFB18
:102EE0003B7B012262F303033B733B7B012262F3D2
:102EF00007133B737B7B6FF303037B737B7B6FF366
:102F000007137B73BB7B012262F34203BB73BB7B62
:102F10006FF3C303BB73BB7B6FF30413BB73BB7B48
:102F20006FF30003BB7307F114031846002114224A
:102F30001CF041FB07F110037B6107F10C03BB613F
:102F40000823BB830023FB833B681B697B62082348
:102F50003B847B6858887B68243307F12C0107F198
:102F60001402FFF71FFB034618464837BD4680BDD5
:102F700080B590B000AF7860396007F1240318463F
:102F800000211C221CF017FB97F8243043F00203A9
:102F900087F8243097F8243043F0080387F824306A
:102FA00097F824306FF3820387F824300023BB6244
:102FB00000233B6300237B630023BB630023FB638D
:102FC0007B681B78BB7340F20623BB8107F10803C3
:102FD0001846002103221CF0EEFA3B7A012262F32C
:102FE00003033B723B7A012262F307133B727B7A45
:102FF000012262F303037B727B7A012262F30713DF
:103000007B72BB7A012262F34203BB72BB7A6FF31D
:10301000C303BB72BB7A43F01003BB72BB7A6FF37E
:103020000003BB7207F110031846002114221CF0A4
:10303000C2FA07F10C033B6107F108037B610C2323
:103040003B8300237B833B689B693B620C23BB83F0
:103050007B6858887B68343307F1240107F110023C
:10306000FFF7A0FA034618464037BD4680BD00BFB3
:1030700080B592B000AF7860396007F12803184638
:10308000002103221CF097FA97F82830012262F3FE
:10309000030387F8283097F82830012262F30713DA
:1030A00087F8283097F82930012262F3030387F864
:1030B000293097F82930012262F3071387F8293065
:1030C00097F82A30012262F3420387F82A3007F189
:1030D0002C03184600211C221CF06DFA97F82C30A6
:1030E00043F0100387F82C3000233B630023BB63BD
:1030F0000023FB6307F128033B6400237B647B68A8
:103100001B78BB7440F207233B8207F10C0318467F
:10311000002103221CF04FFA3B7B6FF303033B7348
:103120003B7B6FF307133B737B7B6FF303037B7373
:103130007B7B6FF307137B73BB7B012262F342033C
:10314000BB73BB7B6FF3C303BB73BB7B6FF3041316
:10315000BB73BB7B6FF30003BB7307F1140318460B
:10316000002114221CF027FA07F110037B6107F1FC
:103170000C03BB610123BB830023FB833B685B69BA
:103180007B6201233B847B6858887B682C3307F182
:103190002C0107F11402FFF705FA034618464837D9
:1031A000BD4680BD80B582B000AF786039607B6875
:1031B000002B02D03B68002B00D121E03B681B882C
:1031C000112B0ED0112B02DC102B05D018E0502B48
:1031D0000CD0512B0FD013E078683968FFF7F2F963
:1031E0000EE078683968FFF7FBF909E0786839681C
:1031F000FFF704FA04E078683968FFF70BFB00BFBB
:103200000837BD4680BD00BF90B589B000AF78607B
:1032100039604F4B07F10804186859689A68DB68F1
:103220000FC47B68002B01D10E238DE03B68002B7F
:1032300001D10E2388E07B684FF6FF729A873B68C6
:10324000DA697B685A647B68002283F83E207B68D9
:10325000002283F83F207B68002283F840207B68AF
:10326000002283F841207B68002283F842207B689B
:10327000002283F843207B6807F1080210461946B4
:10328000FFF79CF9F861FB69002B01D0FB695BE05B
:103290007B681B78BB764FF400733B837B680233FB
:1032A00007F11802012011461A46FFF777F9F86175
:1032B000FB69002B01D0FB6946E078683968FFF7AD
:1032C0004DFBF861FB69002B01D0FB693CE078689D
:1032D0003968FFF7DDFBF861FB69002B01D0FB6962
:1032E00032E078683968FFF76DFCF861FB69002B04
:1032F00001D0FB6928E078683968FFF7FDFCF861C8
:10330000FB69002B01D0FB691EE078683968FFF784
:103310008DFDF861FB69002B01D0FB6914E0786832
:103320003968FFF725FEF861FB69002B01D0FB69C6
:103330000AE078683968FFF79BFEF861FB69002BAB
:1033400001D0FB6900E0002318462437BD4690BD3C
:103350004C92050080B588B000AF786039600223D8
:10336000FB817B68002B01D10E232EE07B689A8FB6
:103370004FF6FF739A4207D07B6893F83E3083F094
:103380000103DBB2002B01D008231EE0FB89142BC4
:1033900001D9072319E007F1100318460021102274
:1033A0001CF009F97B689B883B823B68FB6107F155
:1033B0000E03BB610123BB747B689A8F07F1100376
:1033C00010461946FFF7F2F8034618462037BD4667
:1033D00080BD00BF80B588B000AF7860396005233C
:1033E000FB817B68002B01D10E232EE07B689A8F36
:1033F0004FF6FF739A4207D07B6893F83F3083F013
:103400000103DBB2002B01D008231EE0FB89142B43
:1034100001D9072319E007F11003184600211022F3
:103420001CF0C9F87B689B893B823B68FB6107F114
:103430000E03BB610123BB747B689A8F07F11003F5
:1034400010461946FFF7B2F8034618462037BD4626
:1034500080BD00BF80B588B000AF786039600123BF
:10346000FB817B68002B01D10E232EE07B689A8FB5
:103470004FF6FF739A4207D07B6893F8403083F091
:103480000103DBB2002B01D008231EE0FB89142BC3
:1034900001D9072319E007F1100318460021102273
:1034A0001CF089F87B689B8A3B823B68FB6107F1D3
:1034B0000E03BB610123BB747B689A8F07F1100375
:1034C00010461946FFF772F8034618462037BD46E6
:1034D00080BD00BF80B588B000AF7860396004233C
:1034E000FB817B68002B01D10E232EE07B689A8F35
:1034F0004FF6FF739A4207D07B6893F8413083F010
:103500000103DBB2002B01D008231EE0FB89142B42
:1035100001D9072319E007F11003184600211022F2
:103520001CF049F87B689B8B3B823B68FB6107F191
:103530000E03BB610123BB747B689A8F07F11003F4
:1035400010461946FFF732F8034618462037BD46A5
:1035500080BD00BF80B588B000AF786039600823B7
:10356000FB817B68002B01D10E232EE07B689A8FB4
:103570004FF6FF739A4207D07B6893F8423083F08E
:103580000103DBB2002B01D008231EE0FB89142BC2
:1035900001D9072319E007F1100318460021102272
:1035A0001CF009F87B689B8C3B823B68FB6107F150
:1035B0000E03BB610123BB747B689A8F07F1100374
:1035C00010461946FEF7F2FF034618462037BD465F
:1035D00080BD00BF80B588B000AF7860396001233E
:1035E000FB817B68002B01D10E232EE07B689A8F34
:1035F0004FF6FF739A4207D07B6893F8433083F00D
:103600000103DBB2002B01D008231EE0FB89142B41
:1036100001D9072319E007F11003184600211022F1
:103620001BF0C9FF7B689B8D3B823B68FB6107F108
:103630000E03BB610123BB747B689A8F07F11003F3
:1036400010461946FEF7B2FF034618462037BD461E
:1036500080BD00BFA0DF7047184600BFA2DF7047E3
:10366000184600BFA6DF7047184600BFA8DF7047A6
:10367000184600BF62DF7047184600BF80B483B0B1
:1036800000AF786039603B689A887B68A3F8542063
:103690000C37BD465DF8047B704700BF80B483B033
:1036A00000AF786039607B684FF6FF72A3F8542052
:1036B0000C37BD465DF8047B704700BF90B587B0FE
:1036C00000AF786039603B6806337B617B691A889C
:1036D0007B681B8A9A4224D17B695B89022B20D1AB
:1036E0007B690C331846EEF743F80346FB747B689E
:1036F00093F85630FA7C9A4212D07B68FA7C83F8B1
:1037000056207B681B6E002B0AD07B681C6E7B6981
:1037100003F10C027B695B8978680121A0475AE1BB
:1037200059E17B691A887B681B8B9A4224D17B699B
:103730005B89022B20D17B690C331846EEF718F811
:103740000346BB747B6893F85730BA7C9A4212D018
:103750007B68BA7C83F857207B681B6E002B0AD0ED
:103760007B681C6E7B6903F10C027B695B8978685E
:103770000221A0472FE12EE17B691A887B681B8C10
:103780009A4224D17B695B89022B20D17B690C335F
:103790001846EDF7EDFF03467B747B6893F85830CD
:1037A0007A7C9A4212D07B687A7C83F858207B68B6
:1037B0001B6E002B0AD07B681C6E7B6903F10C0228
:1037C0007B695B8978680321A04704E103E17B6999
:1037D0001A887B681B8D9A4224D17B695B89022BF6
:1037E00020D17B690C331846EDF7C2FF03463B74CA
:1037F0007B6893F859303A7C9A4212D07B683A7CC5
:1038000083F859207B681B6E002B0AD07B681C6EE6
:103810007B6903F10C027B695B8978680421A0470E
:10382000D9E0D8E07B691A887B681B8E9A4224D144
:103830007B695B89022B20D17B690C331846EDF73D
:1038400097FF0346FB737B6893F85A30FA7B9A42E2
:1038500012D07B68FA7B83F85A207B681B6E002BA2
:103860000AD07B681C6E7B6903F10C027B695B8963
:1038700078680521A047AEE0ADE07B691A887B68D7
:103880001B8F9A4224D17B695B89022B20D17B69F3
:103890000C331846EDF76CFF0346BB737B6893F857
:1038A0005B30BA7B9A4212D07B68BA7B83F85B208C
:1038B0007B681B6E002B0AD07B681C6E7B6903F152
:1038C0000C027B695B8978680621A04783E082E06F
:1038D0007B691A887B68B3F840309A4224D17B69AF
:1038E0005B89022B20D17B690C331846EDF740FF32
:1038F00003467B737B6893F85C307A7B9A4212D0E4
:103900007B687A7B83F85C207B681B6E002B0AD077
:103910007B681C6E7B6903F10C027B695B897868AC
:103920000721A04757E056E07B691A887B68B3F807
:1039300048309A4224D17B695B89022B20D17B6974
:103940000C331846EDF714FF03463B737B6893F87E
:103950005D303A7B9A4212D07B683A7B83F85D20D7
:103960007B681B6E002B0AD07B681C6E7B6903F1A1
:103970000C027B695B8978680821A0472BE02AE06C
:103980007B691A887B68B3F850309A4223D17B69EF
:103990005B89022B1FD17B690C331846EDF7E8FEDB
:1039A0000346FB727B6893F85E30FA7A9A4212D033
:1039B0007B68FA7A83F85E207B681B6E002B0AD046
:1039C0007B681C6E7B6903F10C027B695B897868FC
:1039D0000921A047FFE71C37BD4690BD90B58DB0CB
:1039E00000AF786039603B680633BB62BB6A1B7806
:1039F000022B40F08C80BB6A5A887B689B889A4275
:103A000040F08580012387F82F30BB6A9B89092B02
:103A100003D0002387F82F3036E0BB6A0E337B6279
:103A20007B6A1B889BB2632B2BD97B6A1B889AB25B
:103A300041F288339A4224D87B6A5B889BB2632B1D
:103A40001FD97B6A5B889AB241F288339A4218D8B0
:103A50007B6A9B889BB2632B13D97B6A9B889BB242
:103A6000B3F57A7F0DD87B6ADB889BB2042B08D92B
:103A70007B6ADB889BB2C82B03D87B6A1B7A012B3D
:103A800002D9002387F82F3002233B7397F82F3099
:103A9000002B0FD0BB7C43F00103BB7400233B829F
:103AA000BB6A0E33BB61BB6A9B89FB82BB6A5B89C5
:103AB000BB8206E0BB7C6FF30003BB7440F20313D0
:103AC0003B823B689A8807F10C0310461946FFF7C2
:103AD000CDFD38623B6AFB61FB69002B05D0F869BC
:103AE00040F231110B4AF5F775FD97F82F30002B96
:103AF0000DD07B681B6E002B09D07B681C6EBB6AE7
:103B000003F10E02BB6A9B8978680021A047343715
:103B1000BD4690BD5C92050080B592B000AF786064
:103B2000396000233B8107F1280318460021032256
:103B30001BF041FD97F82830012262F3030387F858
:103B4000283097F82830012262F3071387F82830CD
:103B500097F82930012262F3030387F8293097F898
:103B60002930012262F3071387F8293097F82A30A9
:103B7000012262F3420387F82A3007F12C0318462A
:103B800000211C221BF017FD97F82C3043F0100386
:103B900087F82C3000233B630023BB630023FB63C7
:103BA00007F128033B6400237B647B681B78BB74AC
:103BB00040F202433B8207F10C0318460021032226
:103BC0001BF0F9FC3B7B6FF303033B733B7B6FF311
:103BD00007133B737B7B6FF303037B737B7B6FF379
:103BE00007137B73BB7B012262F34203BB73BB7B76
:103BF0006FF3C303BB73BB7B6FF30413BB73BB7B5C
:103C000043F00103BB7307F114031846002114228B
:103C10001BF0D1FC07F110037B6107F10C03BB61C2
:103C20000223BB830023FB8307F108037B6202238B
:103C30003B847B6858887B680C3307F12C0107F1C3
:103C40001402FFF70BFD034618464837BD4680BDFA
:103C500080B592B000AF786039600023FB7207F145
:103C600028031846002103221BF0A5FC97F82830F2
:103C7000012262F3030387F8283097F828300122E5
:103C800062F3071387F8283097F82930012262F38E
:103C9000030387F8293097F82930012262F30713CC
:103CA00087F8293097F82A30012262F3420387F817
:103CB0002A3007F12C03184600211C221BF07BFC44
:103CC00097F82C3043F0100387F82C3000233B6327
:103CD0000023BB630023FB6307F128033B6400233D
:103CE0007B647B681B78BB7440F203433B8207F123
:103CF0000C031846002103221BF05DFC3B7B6FF395
:103D000003033B733B7B6FF307133B737B7B6FF3C7
:103D100003037B737B7B6FF307137B73BB7B0122F6
:103D200062F34203BB73BB7B6FF3C303BB73BB7B09
:103D30006FF30413BB73BB7B43F00103BB7307F149
:103D400014031846002114221BF035FC07F1100360
:103D50007B6107F10C03BB610123BB830023FB8361
:103D600007F10B037B6201233B847B6858887B68E7
:103D7000143307F12C0107F11402FFF76FFC03461F
:103D800018464837BD4680BD80B596B000AF786014
:103D9000396007F10C0300221A60043300221A6014
:103DA000043300221A60043300221A60043307F13E
:103DB00038031846002103221BF0FDFB97F838302A
:103DC000012262F3030387F8383097F83830012274
:103DD00062F3071387F8383097F83930012262F31D
:103DE000030387F8393097F83930012262F307135B
:103DF00087F8393097F83A30012262F3420387F8A6
:103E00003A3007F13C03184600211C221BF0D3FB7B
:103E100097F83C3043F0100387F83C3000233B64B4
:103E20000023BB640023FB6407F138033B650023D8
:103E30007B657B681B7887F8223040F204433B8423
:103E400007F11C031846002103221BF0B4FB3B7F43
:103E50006FF303033B773B7F6FF307133B777B7F66
:103E60006FF303037B777B7F6FF307137B77BB7F56
:103E7000012262F34203BB77BB7F6FF3C303BB77BF
:103E8000BB7F6FF30413BB77BB7F43F00103BB77AA
:103E900007F124031846002114221BF08CFB07F1C4
:103EA00020037B6207F11C03BB621023BB85002348
:103EB000FB8507F10C037B6310233B867B685888E6
:103EC0007B681C3307F13C0107F12402FFF7C6FBB6
:103ED000034618465837BD4680BD00BF80B596B032
:103EE00000AF7860396007F10803184600211222FC
:103EF0001BF061FB07F138031846002103221BF079
:103F00005AFB97F83830012262F3030387F8383000
:103F100097F83830012262F3071387F8383097F8A2
:103F20003930012262F3030387F8393097F83930CA
:103F3000012262F3071387F8393097F83A300122EB
:103F400062F3420387F83A3007F13C031846002138
:103F50001C221BF030FB97F83C3043F0100387F82D
:103F60003C3000233B640023BB640023FB6407F167
:103F700038033B6500237B657B681B7887F822301C
:103F800040F206433B8407F11C031846002103223C
:103F90001BF011FB3B7F6FF303033B773B7F6FF31A
:103FA00007133B777B7F6FF303037B777B7F6FF395
:103FB00007137B77BB7F012262F34203BB77BB7F92
:103FC0006FF3C303BB77BB7F6FF30413BB77BB7F78
:103FD00043F00103BB7707F12403184600211422A4
:103FE0001BF0E9FA07F120037B6207F11C03BB62B7
:103FF0001223BB850023FB8507F108037B63122393
:104000003B867B6858887B682C3307F13C0107F1BD
:104010002402FFF723FB034618465837BD4680BDF0
:1040200080B594B000AF7860396007F108030022D2
:104030001A60043300221A60043300221A60043329
:1040400007F130031846002103221BF0B4FA97F859
:104050003030012262F3030387F8303097F83030B4
:10406000012262F3071387F8303097F831300122CC
:1040700062F3030387F8313097F83130012262F39D
:10408000071387F8313097F83230012262F3420388
:1040900087F8323007F13403184600211C221BF048
:1040A0008AFA97F8343043F0100387F8343000234D
:1040B000BB6300233B6400237B6407F13003BB64D4
:1040C0000023FB647B681B78BB7640F207433B838D
:1040D00007F114031846002103221BF06CFA3B7D04
:1040E0006FF303033B753B7D6FF307133B757B7DDC
:1040F0006FF303037B757B7D6FF307137B75BB7DCC
:10410000012262F34203BB75BB7D6FF3C303BB7532
:10411000BB7D6FF30413BB75BB7D43F00103BB751F
:1041200007F11C031846002114221BF044FA07F182
:104130001803FB6107F114033B620C23BB840023CB
:10414000FB8407F10803FB620C233B857B685888DE
:104150007B68343307F1340107F11C02FFF77EFA64
:10416000034618465037BD4680BD00BF80B596B0A7
:1041700000AF7860396007F1080318460021122269
:104180001BF019FA07F138031846002103221BF02F
:1041900012FA97F83830012262F3030387F83830B7
:1041A00097F83830012262F3071387F8383097F810
:1041B0003930012262F3030387F8393097F8393038
:1041C000012262F3071387F8393097F83A30012259
:1041D00062F3420387F83A3007F13C0318460021A6
:1041E0001C221BF0E8F997F83C3043F0100387F8E5
:1041F0003C3000233B640023BB640023FB6407F1D5
:1042000038033B6500237B657B681B7887F8223089
:104210004FF481633B8407F11C03184600210322FD
:104220001BF0C9F93B7F6FF303033B773B7F6FF3D1
:1042300007133B777B7F6FF303037B777B7F6FF302
:1042400007137B77BB7F012262F34203BB77BB7FFF
:104250006FF3C303BB77BB7F6FF30413BB77BB7FE5
:1042600043F00103BB7707F1240318460021142211
:104270001BF0A1F907F120037B6207F11C03BB626D
:104280001223BB850023FB8507F108037B63122300
:104290003B867B6858887B683C3307F13C0107F11B
:1042A0002402FFF7DBF9034618465837BD4680BDA8
:1042B00080B592B000AF786039600023BB6007F131
:1042C00028031846002103221BF075F997F82830BF
:1042D000012262F3030387F8283097F8283001227F
:1042E00062F3071387F8283097F82930012262F328
:1042F000030387F8293097F82930012262F3071366
:1043000087F8293097F82A30012262F3420387F8B0
:104310002A3007F12C03184600211C221BF04BF910
:1043200097F82C3043F0100387F82C3000233B63C0
:104330000023BB630023FB6307F128033B640023D6
:104340007B647B681B78BB7440F209433B8207F1B6
:104350000C031846002103221BF02DF93B7B6FF361
:1043600003033B733B7B6FF307133B737B7B6FF361
:1043700003037B737B7B6FF307137B73BB7B012290
:1043800062F34203BB73BB7B6FF3C303BB73BB7BA3
:104390006FF30413BB73BB7B43F00103BB7307F1E3
:1043A00014031846002114221BF005F907F110032D
:1043B0007B6107F10C03BB610423BB830023FB83F8
:1043C00007F108037B6204233B847B6858887B6881
:1043D000443307F12C0107F11402FFF73FF90346BC
:1043E00018464837BD4680BD80B594B000AF7860B0
:1043F000396007F1080300221A60043300221A60B2
:10440000043300221A60043307F1300318460021F8
:1044100003221BF0D0F897F83030012262F3030337
:1044200087F8303097F83030012262F3071387F8AD
:10443000303097F83130012262F3030387F83130CE
:1044400097F83130012262F3071387F8313097F87B
:104450003230012262F3420387F8323007F134032D
:10446000184600211C221BF0A6F897F8343043F0C0
:10447000100387F834300023BB6300233B64002320
:104480007B6407F13003BB640023FB647B681B780B
:10449000BB7640F20A433B8307F114031846002120
:1044A00003221BF088F83B7D6FF303033B753B7DD4
:1044B0006FF307133B757B7D6FF303037B757B7D88
:1044C0006FF307137B75BB7D012262F34203BB755B
:1044D000BB7D6FF3C303BB75BB7D6FF30413BB756B
:1044E000BB7D43F00103BB7507F11C031846002197
:1044F00014221BF060F807F11803FB6107F11403A5
:104500003B620C23BB840023FB8407F10803FB629E
:104510000C233B857B6858887B684C3307F134015A
:1045200007F11C02FFF79AF8034618465037BD46BC
:1045300080BD00BF80B594B000AF786039600023C3
:10454000FB6000233B6107F1300318460021032282
:104550001BF031F897F83030012262F3030387F83B
:10456000303097F83030012262F3071387F830308B
:1045700097F83130012262F3030387F8313097F85E
:104580003130012262F3071387F8313097F8323067
:10459000012262F3420387F8323007F134031846F0
:1045A00000211C221BF007F897F8343043F0100369
:1045B00087F834300023BB6300233B6400237B6413
:1045C00007F13003BB640023FB647B681B78BB7678
:1045D00040F205433B8307F11403184600210322F0
:1045E0001AF0E9FF3B7D6FF303033B753B7D6FF3EF
:1045F00007133B757B7D6FF303037B757B7D6FF347
:1046000007137B75BB7D012262F34203BB75BB7D43
:104610006FF3C303BB75BB7D6FF30413BB75BB7D29
:1046200043F00103BB7507F11C0318460021142257
:104630001AF0C1FF07F11803FB6107F114033B6295
:104640000823BB840023FB8407F10C03FB620823CF
:104650003B857B6858887B68243307F1340107F178
:104660001C02FEF7FBFF034618465037BD4680BDCF
:1046700080B590B000AF7860396007F12403184628
:1046800000211C221AF097FF97F8243043F0020310
:1046900087F8243097F8243043F0080387F8243053
:1046A00097F824306FF3820387F824300023BB622D
:1046B00000233B6300237B630023BB630023FB6376
:1046C0007B681B78BB7340F20143BB8107F1080391
:1046D0001846002103221AF06EFF3B7A012262F392
:1046E00003033B723B7A012262F307133B727B7A2E
:1046F000012262F303037B727B7A012262F30713C8
:104700007B72BB7A012262F34203BB72BB7A6FF306
:10471000C303BB72BB7A43F01003BB72BB7A43F096
:104720000103BB7207F110031846002114221AF08E
:1047300042FF07F10C033B6107F108037B6109238A
:104740003B8300237B833B681B683B620923BB835D
:104750007B6858887B68043307F1240107F1100255
:10476000FEF77CFF034618464037BD4680BD00BFBC
:1047700080B582B000AF786039607B68002B02D0D2
:104780003B68002B00D121E03B681B88112B0ED029
:10479000112B02DC102B05D018E0502B0CD0512B24
:1047A0000FD013E078683968FEF768FF0EE078688C
:1047B0003968FEF773FF09E078683968FEF77EFF15
:1047C00004E078683968FFF709F900BF0837BD468B
:1047D00080BD00BF90B589B000AF78603960654B8F
:1047E00007F10804186859689A68DB680FC47B6889
:1047F000002B01D10E23B8E03B68002B01D10E2322
:10480000B3E07B684FF6FF72A3F854203B685A6808
:104810007B681A667B68002283F856207B6800223A
:1048200083F857207B68002283F858207B68002299
:1048300083F859207B68002283F85A207B68002285
:1048400083F85B207B68002283F85C207B68002271
:1048500083F85D207B68002283F85E207B6807F187
:10486000080210461946FEF705FFF861FB69002BA8
:1048700001D0FB6979E07B681B78BB764FF48063DD
:104880003B837B68023307F11802012011461A4668
:10489000FEF7E0FEF861FB69002B01D0FB6964E0E4
:1048A00078683968FFF7E4FEF861FB69002B01D0F6
:1048B000FB695AE078683968FFF72EF9F861FB69FF
:1048C000002B01D0FB6950E078683968FFF7C0F928
:1048D000F861FB69002B01D0FB6946E07868396814
:1048E000FFF752FAF861FB69002B01D0FB693CE04D
:1048F00078683968FFF71EFEF861FB69002B01D06C
:10490000FB6932E078683968FFF7E8FAF861FB691B
:10491000002B01D0FB6928E078683968FFF780FB3D
:10492000F861FB69002B01D0FB691EE078683968EB
:10493000FFF71CFCF861FB69002B01D0FB6914E058
:1049400078683968FFF7B4FCF861FB69002B01D087
:10495000FB690AE078683968FFF746FDF861FB6992
:10496000002B01D0FB6900E0002318462437BD4628
:1049700090BD00BFAC92050080B588B000AF7860F4
:1049800039600223FB817B68002B01D10E2330E0CC
:104990007B68B3F854204FF6FF739A4207D07B68C8
:1049A00093F8563083F00103DBB2002B01D00823CB
:1049B0001FE0FB89142B01D907231AE007F110032C
:1049C0001846002110221AF0F6FD7B689B893B8275
:1049D0003B68FB6107F10E03BB610123BB747B687D
:1049E000B3F8542007F1100310461946FEF73AFEBB
:1049F000034618462037BD4680BD00BF80B588B04D
:104A000000AF786039600123FB817B68002B01D106
:104A10000E2330E07B68B3F854204FF6FF739A42C0
:104A200007D07B6893F8573083F00103DBB2002B8B
:104A300001D008231FE0FB89142B01D907231AE0BA
:104A400007F110031846002110221AF0B4FD7B680C
:104A50009B8A3B823B68FB6107F10E03BB6101232C
:104A6000BB747B68B3F8542007F110031046194655
:104A7000FEF7F8FD034618462037BD4680BD00BF4F
:104A800080B588B000AF786039601023FB817B6807
:104A9000002B01D10E2330E07B68B3F854204FF691
:104AA000FF739A4207D07B6893F8583083F0010374
:104AB000DBB2002B01D008231FE0FB89142B01D9A6
:104AC00007231AE007F110031846002110221AF0FC
:104AD00072FD7B689B8B3B823B68FB6107F10E0399
:104AE000BB610123BB747B68B3F8542007F110034A
:104AF00010461946FEF7B6FD034618462037BD4658
:104B000080BD00BF80B588B000AF786039600823F1
:104B1000FB817B68002B01D10E2330E07B68B3F86A
:104B200054204FF6FF739A4207D07B6893F85930B0
:104B300083F00103DBB2002B01D008231FE0FB89C7
:104B4000142B01D907231AE007F11003184600219E
:104B500010221AF030FD7B689B8C3B823B68FB6126
:104B600007F10E03BB610123BB747B68B3F85420CB
:104B700007F1100310461946FEF774FD0346184668
:104B80002037BD4680BD00BF80B588B000AF7860DB
:104B900039601223FB817B68002B01D10E2330E0AA
:104BA0007B68B3F854204FF6FF739A4207D07B68B6
:104BB00093F85A3083F00103DBB2002B01D00823B5
:104BC0001FE0FB89142B01D907231AE007F110031A
:104BD0001846002110221AF0EEFC7B689B8D3B8268
:104BE0003B68FB6107F10E03BB610123BB747B686B
:104BF000B3F8542007F1100310461946FEF732FDB2
:104C0000034618462037BD4680BD00BF80B588B03A
:104C100000AF786039600C23FB817B68002B01D1E9
:104C20000E2330E07B68B3F854204FF6FF739A42AE
:104C300007D07B6893F85B3083F00103DBB2002B75
:104C400001D008231FE0FB89142B01D907231AE0A8
:104C500007F110031846002110221AF0ACFC7B6803
:104C60009B8E3B823B68FB6107F10E03BB61012316
:104C7000BB747B68B3F8542007F110031046194643
:104C8000FEF7F0FC034618462037BD4680BD00BF46
:104C900080B588B000AF786039601223FB817B68F3
:104CA000002B01D10E2330E07B68B3F854204FF67F
:104CB000FF739A4207D07B6893F85C3083F001035E
:104CC000DBB2002B01D008231FE0FB89142B01D994
:104CD00007231AE007F110031846002110221AF0EA
:104CE0006AFC7B689B8F3B823B68FB6107F10E038C
:104CF000BB610123BB747B68B3F8542007F1100338
:104D000010461946FEF7AEFC034618462037BD464E
:104D100080BD00BF80B588B000AF786039600423E3
:104D2000FB817B68002B01D10E2331E07B68B3F857
:104D300054204FF6FF739A4207D07B6893F85D309A
:104D400083F00103DBB2002B01D0082320E0FB89B4
:104D5000142B01D907231BE007F11003184600218B
:104D600010221AF028FC7B68B3F844303B823B6881
:104D7000FB6107F10E03BB610123BB747B68B3F8D1
:104D8000542007F1100310461946FEF76BFC03464A
:104D900018462037BD4680BD80B588B000AF78602A
:104DA00039600C23FB817B68002B01D10E2331E09D
:104DB0007B68B3F854204FF6FF739A4207D07B68A4
:104DC00093F85E3083F00103DBB2002B01D008239F
:104DD00020E0FB89142B01D907231BE007F1100306
:104DE0001846002110221AF0E6FB7B68B3F84C301D
:104DF0003B823B68FB6107F10E03BB610123BB747F
:104E00007B68B3F8542007F1100310461946FEF7EB
:104E100029FC034618462037BD4680BDA0DF7047F9
:104E2000184600BFA2DF7047184600BFA6DF7047D4
:104E3000184600BFA8DF7047184600BF62DF704702
:104E4000184600BF80B483B000AF786039603B681B
:104E50009A887B689A840C37BD465DF8047B70475E
:104E600080B483B000AF786039607B684FF6FF7222
:104E70009A840C37BD465DF8047B704790B585B0C9
:104E800000AF786039603B680633FB60FB681A88C6
:104E90007B681B8A9A4224D1FB685B89022B20D154
:104EA000FB680C331846ECF763FC0346FB727B6827
:104EB00093F82630FA7A9A4212D07B68FA7A83F80D
:104EC00026207B689B6A002B0AD07B689C6AFB6863
:104ED00003F10C02FB685B8978680021A0473FE082
:104EE0003EE0FB681A887B681B8B9A4224D1FB68E2
:104EF0005B89022B20D1FB680C331846ECF738FC99
:104F00000346BB727B6893F82730BA7A9A4212D074
:104F10007B68BA7A83F827207B689B6A002B0AD0CB
:104F20007B689C6AFB6803F10C02FB685B8978680C
:104F30000321A04714E013E0FB681A887B689B8874
:104F40009A420DD17B689B6A002B09D07B689C6AD2
:104F5000FB6803F10C02FB685B8978680221A047BB
:104F60001437BD4690BD00BF90B58DB000AF7860DE
:104F700039603B680633BB62BB6A1B78022B68D181
:104F8000BB6A5A887B689B8B9A4262D1012387F85F
:104F90002F30BB6A9B89022B03D0002387F82F3068
:104FA00015E0BB6A0E337B627B6A1B78002B0BD04B
:104FB0007B6A1B78032B07D87B6A5B78002B03D0B6
:104FC0007B6A5B78022B02D9002387F82F300223FB
:104FD0003B7397F82F30002B0FD0BB7C43F00103BD
:104FE000BB7400233B82BB6A0E33BB61BB6A9B89E7
:104FF000FB82BB6A5B89BB8206E0BB7C6FF300036C
:10500000BB7440F203133B823B689A8807F10C03A0
:1050100010461946FFF70EFF38623B6AFB61FB69D9
:10502000002B04D0F869B6210B4AF4F7D3FA97F8AD
:105030002F30002B0DD07B689B6A002B09D07B683A
:105040009C6ABB6A03F10E02BB6A9B8978680121E6
:10505000A0473437BD4690BDBC92050080B5B2B0C4
:1050600000AF7860396007F10803184600218322F9
:105070001AF0A1FA07F1A8031846002103221AF03A
:105080009AFA97F8A830012262F3030387F8A83050
:1050900097F8A830012262F3071387F8A83097F831
:1050A000A930012262F3030387F8A93097F8A930E9
:1050B000012262F3071387F8A93097F8AA3001227A
:1050C00062F3420387F8AA3007F1AC0318460021C7
:1050D0001C221AF070FA97F8AC3043F0100387F8EE
:1050E000AC300023C7F8B0300023C7F8B830002335
:1050F000C7F8BC3007F1A803C7F8C0300023C7F8D1
:10510000C4307B681B7887F8923040F20453A7F8CC
:10511000903007F18C031846002103221AF04BFA55
:1051200097F88C306FF3030387F88C3097F88C3046
:105130006FF3071387F88C3097F88D306FF3030304
:1051400087F88D3097F88D306FF3071387F88D301F
:1051500097F88E30012262F3420387F88E3097F879
:105160008E306FF3C30387F88E3097F88E306FF36D
:10517000041387F88E3097F88E306FF3000387F8AA
:105180008E3007F194031846002114221AF013FA06
:1051900007F19003C7F8943007F18C03C7F89830F3
:1051A0008323A7F89C300023A7F89E3007F108035B
:1051B000C7F8A4308323A7F8A0307B6858887B68A1
:1051C0000C3307F1AC0107F19402FFF72BFE034605
:1051D0001846C837BD4680BD80B5D6B000AF3B1D70
:1051E00018603B46196007F10C031846002140F295
:1051F00011121AF0E0F907F59E73184600211C22DF
:105200001AF0D9F997F83C316FF3410387F83C3134
:1052100097F83C316FF3C30387F83C3197F83C3182
:1052200043F0040387F83C310023C7F840310023E2
:10523000C7F848310023C7F84C310023C7F8503174
:105240000023C7F854313B1D1B681B7887F82631B3
:1052500040F20253A7F8243107F590731846002155
:1052600003221AF0A8F997F820316FF3030387F8A7
:10527000203197F820316FF3071387F8203197F822
:105280002131012262F3030387F8213197F821319C
:10529000012262F3071387F8213197F822310122A6
:1052A00062F3420387F8223197F822316FF3C30388
:1052B00087F8223197F822316FF3041387F82231EF
:1052C00097F822316FF3000387F8223107F59473C2
:1052D0001846002114221AF06EF907F59273C7F8E8
:1052E000283107F59073C7F82C3140F21113A7F855
:1052F00030310023A7F8323107F10C03C7F83831F9
:1053000040F21113A7F834313B1D1B6858883B1D30
:105310001B68043307F59E7107F59472FFF782FD51
:105320000346184607F5AC77BD4680BD80B592B000
:1053300000AF7860396007F10B03184600210122A5
:105340001AF039F907F128031846002103221AF050
:1053500032F997F82830012262F3030387F82830E6
:1053600097F82830012262F3071387F8283097F85E
:105370002930012262F3030387F8293097F8293096
:10538000012262F3071387F8293097F82A300122A7
:1053900062F3420387F82A3007F12C0318460021F4
:1053A0001C221AF008F997F82C306FF3410387F8A4
:1053B0002C3097F82C3043F0100387F82C30002362
:1053C0003B630023BB630023FB6307F128033B64BB
:1053D00000237B647B681B78BB7440F203533B82E1
:1053E00007F10C031846002103221AF0E4F83B7B76
:1053F0006FF303033B733B7B6FF307133B737B7BC1
:105400006FF303037B737B7B6FF307137B73BB7BB0
:10541000012262F34203BB73BB7B6FF3C303BB7315
:10542000BB7B6FF30413BB73BB7B6FF30003BB73D6
:1054300007F114031846002114221AF0BCF807F1F2
:1054400010037B6107F10C03BB610123BB830023C5
:10545000FB8307F10B037B6201233B847B68588845
:105460007B68143307F12C0107F11402FFF7DAFC13
:10547000034618464837BD4680BD00BF80B590B092
:1054800000AF7860396007F12403184600211C2220
:105490001AF091F897F8243043F0020387F824308B
:1054A00097F8243043F0080387F8243097F8243025
:1054B0006FF3820387F824300023BB6200233B6331
:1054C00000237B630023BB630023FB637B681B78A3
:1054D000BB7340F20153BB8107F10803184600215A
:1054E00003221AF068F83B7A012262F303033B724D
:1054F0003B7A012262F307133B727B7A012262F34B
:1055000003037B727B7A012262F307137B72BB7AFF
:10551000012262F34203BB72BB7A6FF3C303BB7217
:10552000BB7A43F01003BB72BB7A6FF30003BB720C
:1055300007F110031846002114221AF03CF807F175
:105540000C033B6107F108037B6102233B830023CB
:105550007B833B681B683B620223BB837B68588864
:105560007B681C3307F1240107F11002FFF75AFC96
:10557000034618464037BD4680BD00BF80B582B0A7
:1055800000AF786039607B68002B02D03B68002B4D
:1055900000D121E03B681B88112B0ED0112B02DCBF
:1055A000102B05D018E0502B0CD0512B0FD013E04E
:1055B00078683968FFF746FC0EE078683968FFF7CD
:1055C0004FFC09E078683968FFF758FC04E0786818
:1055D0003968FFF7C9FC00BF0837BD4680BD00BF72
:1055E00090B589B000AF78603960384B07F1080496
:1055F000186859689A68DB680FC47B68002B01D172
:105600000E235FE03B68002B01D10E235AE07B683C
:105610004FF6FF729A843B685A687B689A627B688F
:10562000002283F826207B68002283F827207B68ED
:1056300007F1080210461946FFF700FCF861FB6904
:10564000002B01D0FB693DE07B681B78BB764FF4F3
:10565000A0633B837B68023307F1180201201146E7
:105660001A46FFF7DBFBF861FB69002B01D0FB69F1
:1056700028E078683968FFF701FFF861FB69002BC3
:1056800001D0FB691EE078683968FFF7A5FDF86175
:10569000FB69002B01D0FB6914E078683968FFF7DB
:1056A00045FEF861FB69002B01D0FB690AE07868D0
:1056B0003968FFF7D3FCF861FB69002B01D0FB6967
:1056C00000E0002318462437BD4690BD0C9305002A
:1056D00080B588B000AFF860B9601346FB80FB6806
:1056E000002B01D10E232DE0FB689A8C4FF6FF733F
:1056F0009A4207D0FB6893F8263083F00103DBB2AF
:10570000002B01D008231DE0FB88832B01D9072340
:1057100018E007F1100318460021102219F04BFF82
:10572000FB689B893B82BB68FB61BB1DBB6101239E
:10573000BB74FB689A8C07F1100310461946FFF7FB
:1057400075FB034618462037BD4680BD80B588B03E
:1057500000AF78600B46FB700123FB817B68002B58
:1057600001D10E232EE07B689A8C4FF6FF739A428C
:1057700007D07B6893F8273083F00103DBB2002B5E
:1057800001D008231EE0FB89142B01D9072319E05F
:1057900007F1100318460021102219F00CFF7B6856
:1057A0009B8A3B82FB1CFB6107F10E03BB6101235B
:1057B000BB747B689A8C07F1100310461946FFF7FB
:1057C00035FB034618462037BD4680BDA0DF704735
:1057D000184600BFA2DF7047184600BFA6DF70471B
:1057E000184600BFA8DF7047184600BF62DF704749
:1057F000184600BF80B483B000AF786039603B6862
:105800009A887B689A830C37BD465DF8047B7047A5
:1058100080B483B000AF786039607B684FF6FF7268
:105820009A830C37BD465DF8047B704780B584B021
:1058300000AF786039603B680633FB60FB681A880C
:105840007B68DB8A9A4212D1FB685B89022B0ED1FE
:10585000FB680C331846EBF78BFF0346002B03D095
:105860007B6801229A7702E07B6800229A771037E2
:10587000BD4680BD80B483B000AF03463960FB8075
:105880003B681B78032B01D9002358E03B681B7849
:10589000032B51D801A252F823F000BFAD580300EA
:1058A000B9580300C55803000D590300FB88012BAC
:1058B00001D0002343E041E0FB88042B01D000230A
:1058C0003DE03BE0FB88052B1DD13B685B78002B5E
:1058D00019D03B685B78072B15D83B689B78002B69
:1058E00011D03B689B78642B0DD83B68B3F803302C
:1058F0009BB2312B07D93B68B3F803309AB242F21E
:1059000010739A4201D9002319E017E0FB88032B9A
:105910000FD13B685B78002B0BD03B685B78072B83
:1059200007D83B689B78002B03D03B689B78642B9F
:1059300001D9002303E001E0002300E00123184621
:105940000C37BD465DF8047B704700BF80B594B04E
:1059500000AF786039603B680633BB64BB6C1B7872
:10596000022B40F0DE80BB6C5A887B685B889A42D1
:105970005FD1012387F84F30BB6C9B89A7F8463075
:10598000B7F84630052B03D9002387F84F300BE0DA
:10599000BB6C0E333B64B7F846301846396CFFF7E2
:1059A00069FF034687F84F3002233B7797F84F3063
:1059B000002B11D097F8223043F0010387F82230F2
:1059C00000233B84BB6C0E33BB62BB6C9B89FB84A6
:1059D000BB6C5B89BB8408E097F822306FF300034F
:1059E00087F8223040F203133B843B689A8807F122
:1059F0001C0310461946FFF7F5FEF863FB6BBB630B
:105A0000BB6B002B04D0B86BCC21474AF3F7E2FD07
:105A100097F84F30002B0BD07B681B6A002B07D008
:105A20007B681B6ABA6C0E3278681146984778E03A
:105A300077E0BB6C5A887B685B899A4271D10123FD
:105A400087F84E30BB6C9B89FB86FB8E042B03D002
:105A5000002387F84E3025E0BB6C0E333B633B6B75
:105A60001B78002B03D03B6B1B78FF2B17D13B6BB4
:105A70005B78002B03D03B6B5B78FF2B0FD13B6B2C
:105A80009B78002B03D03B6B9B78FF2B07D13B6BA4
:105A9000DB78002B06D03B6BDB78FF2B02D000239A
:105AA00087F84E3002233B7397F84E30002B0FD00F
:105AB000BB7C43F00103BB7400233B82BB6C0E3301
:105AC000BB61BB6C9B89FB82BB6C5B89BB8206E0C4
:105AD000BB7C6FF30003BB7440F203133B823B6853
:105AE0009A8807F10C0310461946FFF77BFEF8630E
:105AF000FB6BFB62FB6A002B04D0F86AFE210A4AAA
:105B0000F3F768FD97F84E30002B0AD07B681B6ACC
:105B1000002B06D07B685B6ABA6C0E32786811463F
:105B200098475037BD4680BD1C93050080B582B0B4
:105B300000AF786039607B68002B02D03B68002B97
:105B400000D121E03B681B88112B0ED0112B02DC09
:105B5000102B05D018E0502B0CD0512B0FD013E098
:105B600078683968FFF746FE0EE078683968FFF715
:105B70004FFE09E078683968FFF758FE04E078685E
:105B80003968FFF7E3FE00BF0837BD4680BD00BFA0
:105B900080B590B000AF7860396007F124031846F3
:105BA00000211C2219F007FD97F8243043F002036E
:105BB00087F8243097F8243043F0080387F824301E
:105BC0000023BB6200233B6300237B630023BB6392
:105BD0000023FB637B689B7EBB7340F20133BB8178
:105BE00007F1080318460021032219F0E4FC3B7A70
:105BF000012262F303033B723B7A012262F3071333
:105C00003B727B7A012262F303037B727B7A01226F
:105C100062F307137B72BB7A012262F34203BB7209
:105C2000BB7A6FF3C303BB72BB7A43F01003BB7242
:105C3000BB7A6FF30003BB7207F110031846002113
:105C4000142219F0B8FC07F10C033B6107F10803BB
:105C50007B6105233B8300237B830523BB833B6858
:105C60005B683B627B6818887B68023307F124011C
:105C700007F11002FFF7AEFD034618464037BD4658
:105C800080BD00BF80B592B000AF7860396000235E
:105C9000FB7207F1280318460021032219F08BFC40
:105CA00097F82830012262F3030387F8283097F829
:105CB0002830012262F3071387F8283097F829303B
:105CC000012262F3030387F8293097F82930012273
:105CD00062F3071387F8293097F82A30012262F31C
:105CE000420387F82A3007F12C03184600211C22B2
:105CF00019F061FC97F82C3043F0100387F82C3032
:105D000000233B630023BB630023FB6307F12803ED
:105D10003B6400237B647B689B7EBB7440F2023350
:105D20003B8207F10C0318460021032219F043FCC3
:105D30003B7B6FF303033B733B7B6FF307133B73B7
:105D40007B7B6FF303037B737B7B6FF307137B73A7
:105D5000BB7B012262F34203BB73BB7B6FF3C303C4
:105D6000BB73BB7B6FF30413BB73BB7B6FF300038D
:105D7000BB7307F1140318460021142219F01BFC11
:105D800007F110037B6107F10C03BB610123BB83A7
:105D90000023FB8301233B8407F10B037B627B68B9
:105DA00018887B68123307F12C0107F11402FFF702
:105DB00011FD034618464837BD4680BD80B590B0FA
:105DC00000AF7860396007F12403184600211C22D7
:105DD00019F0F1FB97F8243043F0020387F82430E0
:105DE00097F8243043F0080387F8243097F82430DC
:105DF0006FF3820387F824300023BB6200233B63E8
:105E000000237B630023BB630023FB637B689B7ED3
:105E1000BB7340F20333BB8107F10803184600212E
:105E2000032219F0C8FB3B7A012262F303033B72A1
:105E30003B7A012262F307133B727B7A012262F301
:105E400003037B727B7A012262F307137B72BB7AB6
:105E5000012262F34203BB72BB7A6FF3C303BB72CE
:105E6000BB7A43F01003BB72BB7A6FF30003BB72C3
:105E700007F1100318460021142219F09CFB07F1CA
:105E80000C033B6107F108037B6104233B83002380
:105E90007B830423BB833B683B627B6818887B68F9
:105EA0000A3307F1240107F11002FFF793FC0346C0
:105EB00018464037BD4680BD90B589B000AF7860C8
:105EC00039607B684FF6FF729A833B689A687B68FB
:105ED0001A623B68DA687B685A627B6800229A77AC
:105EE000264B07F10804186859689A68DB680FC4E4
:105EF0007B681A3307F1080210461946FFF776FC53
:105F0000F861FB69002B01D0FB6932E07B689B7E66
:105F1000BB764FF440733B837B6807F11802012086
:105F200011461A46FFF752FCF861FB69002B01D0BD
:105F3000FB691EE078683968FFF7A4FEF861FB6929
:105F4000002B01D0FB6914E078683968FFF720FE68
:105F5000F861FB69002B01D0FB690AE078683968B9
:105F6000FFF72CFFF861FB69002B01D0FB6900E013
:105F7000002318462437BD4690BD00BF6C93050032
:105F800080B588B000AF78600B46FB700123FB81C1
:105F90007B68002B01D10E2328E07B689A8B4FF69B
:105FA000FF739A4206D07B689B7F83F00103DBB2CC
:105FB000002B01D0082319E007F110031846002137
:105FC000102219F0F8FA0123BB747B685B8A3B82CC
:105FD000FB1CFB6107F10E03BB617B689A8B07F129
:105FE000100310461946FFF7F9FB03461846203701
:105FF000BD4680BD80B483B000AF78604FF0A04351
:1060000018460C37BD465DF8047B704780B584B0F8
:1060100000AF7860F970BA707B703B1D1846FFF7CF
:10602000E9FFF8607A68F978BB785B0019437B7800
:106030009B0019433B7E1B0219433B7F1B04194302
:10604000FB6802F5E07243F822101037BD4680BDB0
:1060500080B584B002AF786013460A46FA70BB7010
:10606000FB7800220092BA78019278680021002221
:10607000FFF7CCFF0837BD4680BD00BF80B485B0B8
:1060800000AF7860254BFB607B68002B40D0244B31
:106090001A68F9687B6800BF00BF00BF00BF00BF7F
:1060A00000BF00BF00BF8A422FD000BF00BF00BFAB
:1060B00000BF00BF00BF00BF00BF00BF00BF00BFE8
:1060C00000BF00BF00BF00BF00BF00BF00BF00BFD8
:1060D00000BF00BF00BF00BF00BF00BF00BF00BFC8
:1060E00000BF00BF00BF00BF00BF00BF00BF00BFB8
:1060F00000BF00BF00BF00BF00BF00BF00BF00BFA8
:1061000000BF00BF00BF00BF00BF013BC3D17B6029
:106110001437BD465DF8047B704700BF0024F400CF
:10612000D042002080B582B000AF78607B684FF429
:106130007A7202FB03F31846FFF7A0FF0837BD464B
:1061400080BD00BF80B584B002AF134B5A68124BBC
:106150009B68104619460022002312F0BFFC7860AD
:106160007B68002B0DD00D48F1F7C0FF03467A681D
:10617000009202200A491A465323F2F701F87B687D
:1061800005E0054B5B681846EEF7FEFC0023184659
:106190000837BD4680BD00BF546200207C930500D7
:1061A000D093050080B500AF064B5B681846EEF74C
:1061B00009FD044B5B681846EEF79EFC0023184669
:1061C00080BD00BF5462002080B584B002AF802340
:1061D000FB70FB1C24201946012200F0B7F8786000
:1061E0007B68002B0DD00B48F1F780FF03467A68DF
:1061F0000092022008491A466F23F1F7C1FF7B681D
:1062000003E00A20FFF78EFF002318460837BD463B
:1062100080BD00BF7C930500D093050080B584B09D
:1062200002AFFB1C0F20194600F044F878607B6831
:10623000002B0DD00B48F1F759FF03467A68009206
:10624000022009491A467F23F1F79AFF7B6805E08F
:10625000FB78332B14BF00230123DBB21846083729
:10626000BD4680BD7C930500D093050080B584B009
:1062700002AFFB1C3120194600F01CF878607B68E7
:10628000002B0DD00948F1F731FF03467A680092E0
:10629000022007491A468D23F1F772FF7B6800E060
:1062A000002318460837BD4680BD00BF7C9305001B
:1062B000D093050080B586B002AF03463960FB710C
:1062C0001F4B59681E4B1A78FB1D01200090084691
:1062D00011461A460123EEF77BFFF860FB68002B9E
:1062E0000DD01848F1F702FF0346FA680092022029
:1062F00015491A46A123F1F743FFFB681CE0104B38
:106300005A680F4B1B78104619463A680123EEF77E
:106310008BFFF860FB68002B0DD00A48F1F7E6FE12
:106320000346FA680092022007491A46A723F1F7AC
:1063300027FFFB6800E0002318461037BD4680BDEC
:10634000546200207C930500D093050090B58DB079
:1063500002AF396013460246FA71BB71BB79013353
:10636000182B01DD012335E0FB7903F07F03FB717E
:10637000BB79012B03D9FB7963F07F03FB71FB79B8
:106380003B73BB7907F10C020132104639681A469B
:1063900019F0EDF8114B5868104B1978BB7901339F
:1063A000DBB207F10C0200240094EEF711FF7862D3
:1063B0007B6A002B0DD00A48F1F798FE03467A6AF3
:1063C0000092022007491A46D023F1F7D9FE7B6AD2
:1063D00000E0002318462C37BD4690BD54620020D3
:1063E0007C930500D093050080B58AB002AF0346C8
:1063F000FB71784B1B7883F00103DBB2002B01D0DB
:106400000323E3E0FFF79EFEF861FB69002B0DD04C
:106410007148F1F76BFE0346FA69009202206F495A
:106420001A46E023F1F7ACFEFB69CFE0FB79002BC5
:1064300000F0AF806A4A07F11403106818601279FF
:106440001A7104233B7400237B742A233B7307F1E6
:106450001403202019460522FFF778FFF861FB6935
:10646000002B0DD05C48F1F741FE0346FA6900921B
:1064700002205A491A46F023F1F782FEFB69A5E093
:1064800007F11003322019460222FFF75FFFF8617F
:10649000FB69002B0DD05048F1F728FE0346FA693E
:1064A000009202204D491A46F323F1F769FEFB6979
:1064B0008CE007F10B0326201946FFF7FBFEF8617D
:1064C000FB69002B0DD04448F1F710FE0346FA6932
:1064D0000092022041491A46F723F1F751FEFB6969
:1064E00074E007F10C03302019460122FFF72EFF5C
:1064F000F861FB69002B0DD03748F1F7F7FD034633
:10650000FA690092022035491A46FA23F1F738FE5B
:10651000FB695BE06E20FFF705FEFFF7A7FEF86161
:10652000FB69002B0ED02C48F1F7E0FD0346FA6919
:106530000092022029491A464FF48073F1F720FE99
:10654000FB6943E01420FFF7EDFD264B1B7B18464B
:1065500000210222FFF77CFD90233B7207F1080324
:106560001E2019460122FFF7F1FEF861FB69002B9E
:106570000ED01948F1F7BAFD0346FA6900920220DD
:1065800016491A464FF48573F1F7FAFDFB691DE0D1
:1065900006E0144B1B7B184600210022FFF758FD34
:1065A000FFF700FEF861FB69002B0ED00A48F1F7F7
:1065B0009DFD0346FA690092022008491A464FF4ED
:1065C0008A73F1F7DDFDFB6900E0002318462037F0
:1065D000BD4680BD506200207C930500D09305002D
:1065E000249405005462002080B586B002AF786024
:1065F0007B68002B01D10E2392E04B487968102272
:1066000018F0B5FF484B1B7B002B05D102204749F2
:10661000F1F778FD012383E0FFF794FDF860FB6854
:10662000002B0ED04248F1F761FD0346FA68009254
:10663000022040491A464FF49473F1F7A1FDFB681C
:106640006EE0FFF7C1FDF860FB68002B0ED0384804
:10665000F1F74CFD0346FA680092022035491A46CC
:106660004FF49673F1F78CFDFB6859E00823FB7239
:1066700007F10B03202019460122FFF767FEF8609F
:10668000FB68002B0ED02A48F1F730FD0346FA686C
:106690000092022027491A4640F23113F1F770FDAB
:1066A000FB683DE0FFF7BAFD0346002B01D1022352
:1066B00036E0FFF7DBFD90233B7207F108031E2055
:1066C00019460122FFF742FEF860FB68002B0ED04E
:1066D0001748F1F70BFD0346FA68009202201549AE
:1066E0001A4640F23F13F1F74BFDFB6818E0FFF745
:1066F00059FDF860FB68002B0ED00D48F1F7F6FC51
:106700000346FA68009202200A491A464FF4A17320
:10671000F1F736FDFB6803E0074B01221A700023F6
:1067200018461037BD4680BD546200202C940500E9
:106730007C930500D09305005062002080B584B0A2
:1067400002AF144B1B685A68124B1B689B681046BB
:1067500019460022002312F0C1F978607B68002BF3
:106760000DD00D48F1F7C2FC03467A680092022072
:106770000A491A464723F1F703FD7B6806E0054BFB
:106780001B685B681846EEF7FFF9002318460837C8
:10679000BD4680BD646200206C940500BC94050079
:1067A00080B500AF074B1B685B681846EEF70AFA26
:1067B000044B1B685B681846EEF79EF900231846E9
:1067C00080BD00BF6462002080B586B002AF034682
:1067D0003960FB71214B1B685968204B1B681A7884
:1067E000FB1D01200090084611461A460123EEF7D2
:1067F000EFFCF860FB68002B0DD01948F1F776FC30
:106800000346FA680092022016491A466C23F1F7F3
:10681000B7FCFB681EE0114B1B685A680F4B1B68E6
:106820001B78104619463A680123EEF7FDFCF86024
:10683000FB68002B0DD00A48F1F758FC0346FA68B4
:106840000092022007491A467223F1F799FCFB686F
:1068500000E0002318461037BD4680BD646200206A
:106860006C940500BC94050080B586B002AF02466A
:106870000B46FA71BB71FB793B72BB797B72134B90
:106880001B685968114B1B681A7807F10803002030
:106890000090084611461A460223EEF799FCF8606C
:1068A000FB68002B0DD00A48F1F720FC0346FA687C
:1068B0000092022007491A468A23F1F761FCFB681F
:1068C00000E0002318461037BD4680BD64620020FA
:1068D0006C940500BC94050080B588B002AF0346F7
:1068E000B9607A60FB73234B1B685968214B1B68A6
:1068F0001A7807F10F0301200090084611461A4646
:106900000123EEF765FC78617B69002B0DD01A48F6
:10691000F1F7ECFB03467A690092022017491A4608
:10692000A223F1F72DFC7B691FE0124B1B6859680D
:10693000104B1B681A787B68DBB208461146BA68B0
:10694000EEF772FC78617B69002B0DD00A48F1F7F5
:10695000CDFB03467A690092022008491A46A82313
:10696000F1F70EFC7B6900E0002318461837BD469E
:1069700080BD00BF646200206C940500BC940500DB
:1069800080B400AF044B00221A6000231846BD46B5
:106990005DF8047B704700BF6462002080B582B060
:1069A00000AF7860044B7A681A60FFF7C7FE0346B1
:1069B00018460837BD4680BD6462002080B582B0AD
:1069C00000AFFFF7EDFE7860034B00221A607B6892
:1069D00018460837BD4680BD6462002080B582B08D
:1069E00000AF7860074B1B68002B01D1082304E03F
:1069F00092207968FFF7E8FE034618460837BD463F
:106A000080BD00BF6462002080B586B002AF7860B0
:106A1000144B1B68002B01D108231EE007F10B0368
:106A200040201946FFF7D0FEF860FB68002B0DD020
:106A30000D48F1F75BFB0346FA68009202200B4910
:106A40001A46D823F1F79CFBFB6806E0FB7A03F0BB
:106A50003F03DAB27B681A70002318461037BD4630
:106A600080BD00BF646200206C940500BC940500EA
:106A700080B584B002AF164B1B68002B01D10823F0
:106A800021E0FB1C40201946FFF79EFE78607B68E2
:106A9000002B0DD00F48F1F729FB03467A680092CE
:106AA00002200D491A46E823F1F76AFB7B680AE0E9
:106AB000FB7863F07F03DBB2FB70FB784020194664
:106AC000FFF7D2FE034618460837BD4680BD00BF1B
:106AD000646200206C940500BC94050080B584B00D
:106AE00000AF0346FB710023FB730D4B1B68002BAB
:106AF00001D1082310E0FB7923F00703002B01D01C
:106B0000072309E0FB7903F00703FB73FB7B4120BC
:106B10001946FFF7A9FE034618461037BD4680BD4B
:106B20006462002080B586B002AF0346FB71274B3C
:106B30001B68002B01D1082343E007F10B0342201F
:106B40001946FFF741FEF860FB68002B0ED0204885
:106B5000F1F7CCFA0346FA68009202201D491A4662
:106B600040F21913F1F70CFBFB682AE0FB79002BCC
:106B700005D0FB7A43F01003DBB2FB7204E0FB7A32
:106B800023F01003DBB2FB72FB7A42201946FFF7B9
:106B90006BFEF860FB68002B0ED00D48F1F7A6FAEB
:106BA0000346FA68009202200A491A4640F2251369
:106BB000F1F7E6FAFB6804E044200221FFF754FEF7
:106BC000034618461037BD4680BD00BF64620020F2
:106BD0006C940500BC94050080B586B002AF0346F6
:106BE000FB711F4B1B68002B01D1082334E0FB799C
:106BF00023F00303002B01D007232DE007F10B0343
:106C000042201946FFF7E0FDF860FB68002B0ED02C
:106C10001448F1F76BFA0346FA6800920220124911
:106C20001A464FF49C73F1F7ABFAFB6814E0FB7A59
:106C300023F00303DBB2FB72FB7903F00303DAB248
:106C4000FB7ADBB21343DBB2DBB2FB72FB7A42208E
:106C50001946FFF709FE034618461037BD4680BDAA
:106C6000646200206C940500BC94050080B588B077
:106C700002AF7860284B1B68002B01D1082347E046
:106C80007B68002B01D10E2342E007F10C0350205A
:106C900019460822FFF720FE78617B69002B0ED091
:106CA0001E48F1F723FA03467A69009202201C4934
:106CB0001A464FF4A573F1F763FA7B6928E03B7B32
:106CC0001A467B7B1B029BB213439BB29AB27B6832
:106CD0001A80BB7B1A46FB7B1B029BB213439BB201
:106CE0009AB27B685A803B7C1A467B7C1B029BB223
:106CF00013439BB29AB27B689A80BB7C1A46FB7C9A
:106D00001B029BB213439BB29AB27B68DA800023CA
:106D100018461837BD4680BD646200206C9405009B
:106D2000BC94050080B582B000AF7860074B1B684B
:106D3000002B01D1082304E060207968FFF744FDAF
:106D4000034618460837BD4680BD00BF6462002078
:106D500080B582B000AF0346FB710B4B1B68002B64
:106D600001D108230CE0FB7923F01D03002B01D097
:106D7000072305E0FB7960201946FFF775FD034600
:106D800018460837BD4680BD6462002080B582B0D9
:106D900000AF7860074B1B68002B01D1082304E08B
:106DA00061207968FFF710FD034618460837BD4695
:106DB00080BD00BF6462002080B582B000AF034692
:106DC000FB710B4B1B68002B01D108230CE0FB79F6
:106DD00023F00303002B01D0072305E0FB7961209A
:106DE0001946FFF741FD034618460837BD4680BDEA
:106DF0006462002080B586B002AF02460B46FA718D
:106E0000BB71134B1B68002B1DD0114B1B685B68BB
:106E1000FB600F4B1B681B78FB72FB793B72BB79E5
:106E20007B72FA7A07F1080300210091F868114695
:106E30001A460223EEF7CCF90346002B14BF0023B9
:106E40000123DBB200E0002318461037BD4680BDA9
:106E50006862002080B586B002AF03463960FB71DE
:106E6000174B1B68002B25D0154B1B685B68FB601C
:106E7000134B1B681B78FB72FA7AFB1D01210091F2
:106E8000F86811461A460123EEF7A2F90346002BD3
:106E90000BD1FB7AF86819463A680123EEF7C4F97A
:106EA0000346002B01D1012300E0002303F001037E
:106EB000DBB200E0002318461037BD4680BD00BF9E
:106EC0006862002080B584B000AF13460246FA71B4
:106ED0000A46BA717B71BA797B791340DBB2002B19
:106EE00023D1144B1B68002B1FD0FA7907F10F0335
:106EF00010461946FFF7AEFF0346002B15D0FA7B6C
:106F0000BB791343DBB2FB737B79DB43DAB2FB7BE8
:106F1000DBB21340DBB2DBB2FB73FB7BFA791046CA
:106F20001946FFF767FF034600E0002318461037B5
:106F3000BD4680BD6862002080B586B002AF0B46BA
:106F40003A600246FA71BB71144B1B68002B20D0CB
:106F5000124B1B685B68FB60104B1B681B78FB7255
:106F6000FA7AFB1D01210091F86811461A460123A7
:106F7000EEF72EF90346002B0BD1FA7ABB79F868AD
:106F800011463A68EEF750F90346002B01D1012370
:106F900000E0002318461037BD4680BD686200201F
:106FA00080B586B002AF03463960FB71104B1B6899
:106FB000002B17D00E4B1B685B68FB600C4B1B68EB
:106FC0001B78FB72FA7AFB7900210091F868114670
:106FD0003A68EEF7FDF80346002B14BF00230123A7
:106FE000DBB200E0002318461037BD4680BD00BF6D
:106FF0006862002080B400AF034B00221A60BD46D7
:107000005DF8047B704700BF6862002080B584B0E3
:1070100000AF7860114B1B68002B19D17B685A6850
:107020007B689B68104619460022002311F056FD2C
:10703000F860FB68002B01D001230AE07B685B68E5
:107040001846EDF7A1FD054B7A681A60002300E0B1
:10705000012318461037BD4680BD00BF686200207E
:1070600080B582B000AF786000207968FFF7F2FE4B
:107070000346002B01D0002300E001231846083707
:10708000BD4680BD80B582B000AF786001207968D0
:10709000FFF7E0FE0346002B01D0002300E00123B0
:1070A00018460837BD4680BD80B582B000AF0246A5
:1070B0000B46FA71BB71FA79BB791340DBB2002B36
:1070C0000DD1FA79BB791343DBB2002B07D0FA79E3
:1070D000BB791343DBB203F08303002B01D00223FF
:1070E0000CE0FA79BB79012011461A46FFF7EAFE57
:1070F0000346002B01D0002300E001231846083787
:10710000BD4680BD80B586B000AF03463960FB71D7
:107110000023FB75FB79042B18D801A252F823F049
:10712000357103003B7103003B71030041710300A3
:10713000477103000223FB7509E00423FB7506E099
:107140000523FB7503E00823FB7500E000BFFB7D12
:10715000002B02D03B68002B01D10223A3E0FA7D73
:1071600007F10C03022011461A46FFF7E5FE03461D
:10717000002B00F09780FB79042B00F2908001A295
:1071800052F823F099710300B5710300D171030027
:1071900007720300437203003B7B1A463B681A8068
:1071A0003B681B881B029AB27B7B13449AB23B68F4
:1071B0001A8075E0BB7B1A463B685A803B685B8847
:1071C0001B029AB2FB7B13449AB23B685A8067E079
:1071D0003B7B1A463B681A803B681B881B029AB2AD
:1071E0007B7B13449AB23B681A80BB7B1A463B6890
:1071F0005A803B685B881B029AB2FB7B13449AB2AD
:107200003B685A804CE03B7B1A463B681A803B68DF
:107210001B881B029AB27B7B13449AB23B681A808C
:10722000BB7B1A463B685A803B685B881B029AB25C
:10723000FB7B13449AB23B685A803A7C3B681A71D4
:107240002EE03B7B1A463B681A803B681B881B027A
:107250009AB27B7B13449AB23B681A80BB7B1A4676
:107260003B685A803B685B881B029AB2FB7B1344E5
:107270009AB23B685A803A7C3B681A717A7C3B68C8
:107280005A71BB7C1A463B68DA803B68DB881B027C
:107290009AB2FB7C13449AB23B68DA8000E000BFEC
:1072A000002300E0012318461837BD4680BD00BF0B
:1072B000F0B585B000AF39600146F98069460E46E9
:1072C00005210139F9600521C8B24FF00001CD0058
:1072D00045EA5075C4000521C8B24FF00001CB004B
:1072E00043EA5073C20005230733DB08DB00ADEB34
:1072F000030D6B460033BB60BB6805221A70FB8828
:10730000B3F57A7F08D83A685E4B9A4204DB3A6854
:107310004CF250339A4201DD0223ADE0FA885A4B19
:10732000A3FB0213D9080B469B000B445B00D31A46
:107330009BB2072B0DD9FA88534BA3FB0213DB0832
:107340009BB2DBB20133DBB25B00DAB2BB685A70CE
:107350000AE0FA884C4BA3FB0213DB089BB2DBB2BA
:107360005B00DAB2BB685A70FA88474BA3FB021382
:10737000D9080B469B000B445B00D31A9BB2022B2F
:1073800013D9FA88404BA3FB0213D9080B469B0084
:107390000B445B00D31A9BB2072B06D8BB685B7803
:1073A00043F00103DAB2BB685A70BB6800229A70DE
:1073B0003B6803F5C34328333B603A68334B83FB98
:1073C00002139911D317CB1A4FF47A7101FB03F30F
:1073D000D31A40F2ED2293420EDD3B682B4A82FB2A
:1073E00003129211DB17D31ADBB20133DBB25B005D
:1073F000DAB2BB68DA700BE03B68244A82FB031206
:107400009211DB17D31ADBB25B00DAB2BB68DA7019
:107410003A681E4B83FB02139911D317CB1A4FF412
:107420007A7101FB03F3D31AF92B16DD3A68174B77
:1074300083FB02139911D317CB1A4FF47A7101FB16
:1074400003F3D31A40F2ED22934206DCBB68DB78EB
:1074500043F00103DAB2BB68DA70BB6800221A712C
:107460000522BB6810461946FFF79AFD0346002B1C
:1074700001D0002300E00123B54618461437BD466D
:10748000F0BD00BF589EFFFFCDCCCCCCD34D6210D9
:10749000F0B585B000AF786069460E46022101392B
:1074A000F9600221C8B24FF00001CD0045EA5075E5
:1074B000C4000221C8B24FF00001CB0043EA507370
:1074C000C20002230733DB08DB00ADEB030D6B4684
:1074D0000033BB607B68002B01D1022316E002223F
:1074E000BB68112011461A46FFF726FD0346002B04
:1074F0000BD0BB685B781B029AB2BB681B78134445
:107500009AB27B681A80002300E00123B546184632
:107510001437BD46F0BD00BFF0B585B000AF0146E1
:10752000F98069460E4603210139F9600321C8B28A
:107530004FF00001CD0045EA5075C4000321C8B2E8
:107540004FF00001CB0043EA5073C200032307331E
:10755000DB08DB00ADEB030D6B460033BB60BB68A3
:1075600011221A70FB88DAB2BB685A70FB881B0ABA
:107570009BB2DAB2BB689A700322BB681046194608
:10758000FFF70EFD0346002B01D0002300E001238E
:10759000B54618461437BD46F0BD00BF80B582B071
:1075A00000AF78607B68002B01D1022309E0202026
:1075B0007968FFF74FFC0346002B01D0002300E061
:1075C000012318460837BD4680BD00BF80B582B094
:1075D00000AF7860E0207968FFF73CFC0346002BA1
:1075E00001D0002300E0012318460837BD4680BDC6
:1075F00080B582B000AFF423BB71FB1D1846FFF7C6
:107600002FFD0346002B0ED1FB7903F01003002B56
:1076100009D0BB1D01201946FFF7C2FC0346002B11
:1076200001D0002300E0012318460837BD4680BD85
:1076300080B500AF0B4B1B68002B10D0094B1B68AB
:107640005B681846EDF7BEFA064B1B685B68184688
:10765000EDF752FA034B00221A60002300E00123E9
:10766000184680BD6862002080B483B000AF7860A7
:107670004FF0A04318460C37BD465DF8047B7047B9
:1076800080B584B000AF78603B1D1846FFF7ECFF73
:10769000F860F86800F00AF802467B6822FA03F303
:1076A00003F0010318461037BD4680BD80B483B097
:1076B00000AF78607B68D3F8103518460C37BD46AC
:1076C0005DF8047B704700BF80B58CB000AF786078
:1076D0000B467B802C48FFF761F9F862FB6ABB62BE
:1076E000BB6A002B04D0B86A3A21284AF1F772FF2E
:1076F00007F10F031846FFF715FBF862FB6A7B6280
:107700007B6A002B04D0786A3D21204AF1F762FFA2
:1077100007F110031846FFF7A9FAF862FB6A3B620B
:107720003B6A002B04D0386A4021184AF1F752FF17
:107730001F20EAF78FFF0020FFF7F4F9F862FB6AD9
:10774000FB61FB69002B04D0F86945210F4AF1F772
:1077500041FFFFF733F9F862FB6ABB61BB69002B9D
:1077600004D0B8694821094AF1F734FF084B1B7867
:10777000002B05D0074B1B6807F1100210469847F5
:107780003037BD4680BD00BF6C62002010950500FB
:107790007C6200207862002080B584B002AF31485E
:1077A000FFF7FCF878607B68002B0DD02E48F0F7CF
:1077B0009DFC03467A68009202202C491A46582301
:1077C000F0F7DEFC7B6848E0FB1C1846FFF706F983
:1077D00078607B68002B0DD02348F0F787FC0346C8
:1077E0007A680092022021491A465B23F0F7C8FC10
:1077F0007B6832E0BB1C1846FFF706F978607B68AF
:10780000002B0DD01848F0F771FC03467A680092FF
:10781000022016491A465E23F0F7B2FC7B681CE092
:10782000FFF7CCF878607B68002B0DD00E48F0F79E
:107830005DFC03467A68009202200C491A466123D7
:10784000F0F79EFC7B6808E0FB78E02B04D1BB7866
:107850000B2B01D1002300E0062318460837BD4654
:1078600080BD00BF6C62002010950500609505008A
:1078700080B584B000AF78600B46FB707B681F2B2F
:1078800015D11F20FFF7FCFE0346002B0FD100206F
:107890000021084AF0F72AFFF860FB68BB60BB686C
:1078A000002B04D0B8686E21034AF1F793FE10371D
:1078B000BD4680BDC97603001095050080B586B031
:1078C00002AF7860EAF7F2FD034683F00103DBB212
:1078D000002B13D0EAF7AAFDF860FB68002B0DD04F
:1078E0001948F0F703FC0346FA6800920220174992
:1078F0001A467B23F0F744FCFB6821E00023BB72AF
:107900000023FB7203237B7203233B7207F10803FE
:10791000786819460E4AEAF7DBFDF860FB68002B31
:107920000DD00948F0F7E2FB0346FA680092022006
:1079300006491A468423F0F723FCFB6800E0002385
:1079400018461037BD4680BD1095050060950500AE
:107950007178030080B582B000AF78607868EAF78C
:10796000A1FE0837BD4680BD80B586B002AF786005
:107970007B68002B01D10E238AE07B68DB68002B3B
:1079800001D10E2384E07B685B68002B01D10E23BC
:107990007EE07B681B68002B01D10E2378E07B68BA
:1079A0001A683D4B5A607B685A683B4B9A607B680B
:1079B0001A7A394B1A707B68DA68384B1A60FEF70E
:1079C000DFFFF860FB68002B0DD03548F0F78EFB29
:1079D0000346FA680092022032491A469F23F0F7C4
:1079E000CFFBFB6854E02C48FEF7D8FFF860FB683B
:1079F000002B0DD02A48F0F779FB0346FA68009275
:107A0000022028491A46A223F0F7BAFBFB683FE0A0
:107A1000FFF72EF8F860FB68002B0DD02048F0F738
:107A200065FB0346FA68009202201E491A46A52308
:107A3000F0F7A6FBFB682BE0FEF7C0FFF860FB68E1
:107A4000002B0DD01648F0F751FB0346FA68009260
:107A5000022014491A46A823F0F792FBFB6817E0AE
:107A6000FFF79AFEF860FB68002B0DD00C48F0F78A
:107A70003DFB0346FA68009202200A491A46AB23EE
:107A8000F0F77EFBFB6803E00020FFF74BF80023D4
:107A900018461037BD4680BD6C6200207862002019
:107AA000109505006095050080B584B002AF1F20D9
:107AB0000121EAF767FD2C48FEF770FF78607B68CC
:107AC000002B0DD02948F0F711FB03467A6800928D
:107AD000022027491A46BB23F0F752FB7B683FE0A0
:107AE0000120FFF71FF878607B68002B0DD01F483E
:107AF000F0F7FCFA03467A68009202201C491A4605
:107B0000BE23F0F73DFB7B682AE0FB1C1846FFF71D
:107B100009F978607B68002B0DD01448F0F7E6FA7D
:107B200003467A680092022011491A46C123F0F7F1
:107B300027FB7B6814E0FEF741FF78607B68002B31
:107B40000DD00A48F0F7D2FA03467A680092022074
:107B500007491A46C423F0F713FB7B6800E00023B3
:107B600018460837BD4680BD6C62002010950500A0
:107B70006095050080B584B002AF684B1B78002B80
:107B800001D00023C6E0654B01221A706448FEF75D
:107B900005FF78607B68002B0DD06248F0F7A6FAED
:107BA00003467A68009202205F491A46D923F0F70B
:107BB000E7FA7B68AEE0FB1C1846FFF7E7F8786051
:107BC0007B68002B0DD05748F0F790FA03467A688F
:107BD0000092022054491A46DC23F0F7D1FA7B6860
:107BE00098E0FB7823F00303DBB2FB70FB781846C8
:107BF000FFF7E2F878607B68002B0DD04948F0F77A
:107C000075FA03467A680092022047491A46E12332
:107C1000F0F7B6FA7B687DE01D20FFF799F87860F1
:107C20007B68002B0DD03F48F0F760FA03467A6876
:107C3000009202203C491A46E423F0F7A1FA7B683F
:107C400068E00020FEF74AFF78607B68002B0DD0CB
:107C50003448F0F74BFA03467A6800920220324922
:107C60001A46E723F0F78CFA7B6853E00220FEF710
:107C7000B3FF78607B68002B0DD02A48F0F736FA06
:107C800003467A680092022027491A46EA23F0F751
:107C900077FA7B683EE00020FEF744FF78607B685F
:107CA000002B0DD01F48F0F721FA03467A680092A6
:107CB00002201D491A46ED23F0F762FA7B6829E09D
:107CC000FEF77CFE78607B68002B0DD01548F0F73E
:107CD0000DFA03467A680092022013491A46F023EF
:107CE000F0F74EFA7B6815E01F20FFF7E7FD78609C
:107CF0007B68002B0DD00B48F0F7F8F903467A6843
:107D00000092022008491A46F323F0F739FA7B68FB
:107D100000E0002318460837BD4680BD7C62002085
:107D20006C620020109505006095050080B584B058
:107D300002AF2D4B1B7883F00103DBB2002B01D087
:107D400000234CE0284B00221A701F20EAF782FC27
:107D50001F20FFF7FFFD2548FEF720FE78607B68B7
:107D6000002B0ED02248F0F7C1F903467A68009242
:107D7000022020491A464FF48573F0F701FA7B6818
:107D80002DE0FEF775FE78607B68002B0ED018485A
:107D9000F0F7ACF903467A680092022015491A46BA
:107DA00040F20D13F0F7ECF97B6818E00020FEF7C5
:107DB000B9FE78607B68002B0ED00D48F0F796F97D
:107DC00003467A68009202200A491A464FF48873E3
:107DD000F0F7D6F97B6802E0FEF7F0FD034618469F
:107DE0000837BD4680BD00BF7C6200206C62002069
:107DF000109505006095050080B485B000AF7860EF
:107E0000254BFB607B68002B40D0244B1A68F96837
:107E10007B6800BF00BF00BF00BF00BF00BF00BF46
:107E200000BF8A422FD000BF00BF00BF00BF00BF0D
:107E300000BF00BF00BF00BF00BF00BF00BF00BF4A
:107E400000BF00BF00BF00BF00BF00BF00BF00BF3A
:107E500000BF00BF00BF00BF00BF00BF00BF00BF2A
:107E600000BF00BF00BF00BF00BF00BF00BF00BF1A
:107E700000BF00BF00BF00BF00BF00BF00BF00BF0A
:107E800000BF00BF00BF013BC3D17B601437BD46BC
:107E90005DF8047B704700BF0024F400D04200204E
:107EA00080B582B000AF78607B684FF47A7202FBD5
:107EB00003F31846FFF7A0FF0837BD4680BD00BF9B
:107EC00080B584B000AF7860F970BA707B707B6861
:107ED0000F2B06D90120AD497A68F0F723F9022368
:107EE000D7E1AB4B1B68184607F064FEF860FB68EF
:107EF000002B09D00120A7496222FB68F0F728F97E
:107F000008F0BEF9FB68C4E17B78002B2DD17B68BB
:107F1000012202FA03F39BB20020194607F0E4FEA7
:107F2000F860FB68002B09D001209A496722FB68A2
:107F3000F0F70EF908F0A4F9FB68AAE17B680122CA
:107F400002FA03F39BB20020194607F007FFF8601E
:107F5000FB68002B7AD001208E496A22FB68F0F77B
:107F6000F7F808F08DF9FB6893E17B78012B2DD1B0
:107F70007B68012202FA03F39BB20020194607F046
:107F8000B3FEF860FB68002B09D0012081496F2205
:107F9000FB68F0F7DDF808F073F9FB6879E17B68BE
:107FA000012202FA03F39BB21846002107F0D6FE25
:107FB000F860FB68002B49D0012076497222FB68EB
:107FC000F0F7C6F808F05CF9FB6862E17B78022BF9
:107FD0002DD17B68012202FA03F39BB200201946DF
:107FE00007F0BCFEF860FB68002B09D0012069494E
:107FF0007722FB68F0F7ACF808F042F9FB6848E13B
:108000007B68012202FA03F39BB21846002107F0B5
:108010006BFEF860FB68002B18D001205D497A22C6
:10802000FB68F0F795F808F02BF9FB6831E10123C4
:10803000FB60FB68002B09D0012056497F22FB68BA
:10804000F0F786F808F01CF9FB6822E1BB78002BFA
:1080500016D17B68012202FA03F39BB20020194675
:1080600007F0CEFDF860FB68002B32D001204949B3
:108070008522FB68F0F76CF808F002F9FB6808E16C
:10808000BB78012B16D17B68012202FA03F39BB265
:108090001846002107F0B4FDF860FB68002B18D0EB
:1080A00001203C498A22FB68F0F752F808F0E8F812
:1080B000FB68EEE00123FB60FB68002B09D0012088
:1080C00034498F22FB68F0F743F808F0D9F8FB68D1
:1080D000DFE03B7E002B16D17B68012202FA03F31E
:1080E0009BB20020194607F073FEF860FB68002B76
:1080F00032D0012027499522FB68F0F729F808F0D3
:10810000BFF8FB68C5E03B7E012B16D17B680122DE
:1081100002FA03F39BB21846002107F059FEF860FB
:10812000FB68002B18D001201A499A22FB68F0F74F
:108130000FF808F0A5F8FB68ABE00123FB60FB68D3
:10814000002B09D0012013499F22FB68F0F700F8AB
:1081500008F096F8FB689CE03B7F002B1CD17B6805
:10816000012202FA03F39BB20020194607F082FDB8
:10817000F860FB68002B38D001200649A522FB6877
:10818000EFF7E6FF08F07CF8FB6882E0B4950500A5
:1081900080620020FC9505003B7F012B16D17B6897
:1081A000012202FA03F39BB21846002107F062FD98
:1081B000F860FB68002B18D001203849AA22FB6820
:1081C000EFF7C6FF08F05CF8FB6862E00123FB6094
:1081D000FB68002B09D001203049AF22FB68EFF784
:1081E000B7FF08F04DF8FB6853E0FB78002B16D181
:1081F0007B68012202FA03F39BB20020194607F0C4
:1082000021FEF860FB68002B32D001202349B52203
:10821000FB68EFF79DFF08F033F8FB6839E0FB7867
:10822000012B16D17B68012202FA03F39BB2184698
:10823000002107F007FEF860FB68002B18D0012032
:108240001649BA22FB68EFF783FF08F019F8FB68BC
:108250001FE00123FB60FB68002B09D001200F49C0
:10826000BF22FB68EFF774FF08F00AF8FB6810E024
:1082700008F006F8F860FB68002B09D001200749D8
:10828000C322FB68EFF764FF07F0FAFFFB6800E02A
:10829000002318461037BD4680BD00BFFC95050081
:1082A00080B582B000AF1D4B1B68184607F082FCFA
:1082B00078607B68002B09D001201949CE227B68A9
:1082C000EFF746FF07F0DCFF7B6823E007F0ACFF29
:1082D00078607B68002B09D001201149D1227B688E
:1082E000EFF736FF07F0CCFF7B6813E007F0C8FF1D
:1082F00078607B68002B09D001200949D4227B6873
:10830000EFF726FF07F0BCFF7B6803E00520FFF7CF
:10831000C7FD002318460837BD4680BD8062002097
:10832000FC95050080B584B000AF78607B68B3F53C
:10833000803F06D3012020497A68EFF7F3FE02233D
:1083400036E01E4B1B68184607F034FCF860FB68EB
:10835000002B09D001201A49E322FB68EFF7F8FE51
:1083600007F08EFFFB6823E07B689BB2184607F09E
:10837000A3FDF860FB68002B09D001201049E6221C
:10838000FB68EFF7E5FE07F07BFFFB6810E007F006
:1083900077FFF860FB68002B09D001200849E9222B
:1083A000FB68EFF7D5FE07F06BFFFB6800E00023EA
:1083B00018461037BD4680BD389605008062002003
:1083C000FC95050080B584B000AF78607B680F2B0A
:1083D00006D9012022497A68EFF7A4FE02233AE089
:1083E000204B1B68184607F0E5FBF860FB68002B84
:1083F00009D001201C49F622FB68EFF7A9FE07F01F
:108400003FFFFB6827E07B68012202FA03F39BB27F
:108410000020194607F016FDF860FB68002B09D014
:1084200001201149F922FB68EFF792FE07F028FFBF
:10843000FB6810E007F024FFF860FB68002B09D010
:1084400001200949FC22FB68EFF782FE07F018FFC4
:10845000FB6800E0002318461037BD4680BD00BF12
:10846000B495050080620020FC95050080B584B0BD
:1084700000AF78607B680F2B06D9012023497A680A
:10848000EFF750FE02233DE0214B1B68184607F032
:1084900091FBF860FB68002B0AD001201D4940F2D7
:1084A000BB12FB68EFF754FE07F0EAFEFB6829E019
:1084B0007B68012202FA03F39BB21846002107F001
:1084C00021FDF860FB68002B0AD0012011494FF410
:1084D000DF72FB68EFF73CFE07F0D2FEFB6811E0AD
:1084E00007F0CEFEF860FB68002B0AD00120094996
:1084F00040F2C112FB68EFF72BFE07F0C1FEFB68EC
:1085000000E0002318461037BD4680BDB495050035
:1085100080620020FC95050080B584B000AF7860D3
:108520007B680F2B06D9012023497A68EFF7FAFD03
:1085300002233DE0214B1B68184607F03BFBF86027
:10854000FB68002B0AD001201D4940F2E112FB68B4
:10855000EFF7FEFD07F094FEFB6829E07B6801223F
:1085600002FA03F39BB20020194607F0CBFCF86037
:10857000FB68002B0AD0012011494FF4F272FB680E
:10858000EFF7E6FD07F07CFEFB6811E007F078FEF0
:10859000F860FB68002B0AD00120094940F2E7127D
:1085A000FB68EFF7D5FD07F06BFEFB6800E00023EA
:1085B00018461037BD4680BDB49505008062002086
:1085C000FC95050080B584B000AF78600B46FB7069
:1085D0007B68002B01D10E2311E07B681A680A4BDF
:1085E0001A6007F0DBFAFB78002B07D0FFF758FE84
:1085F000F860FB68002B01D0FB6800E00023184600
:108600001037BD4680BD00BF8062002080B483B0BB
:1086100000AF78604FF0A04318460C37BD465DF8B8
:10862000047B704780B584B000AF7860F970BA7091
:108630007B703B1D1846FFF7E9FFF8607A68F97810
:10864000BB785B0019437B789B0019433B7E1B0280
:1086500019433B7F1B041943FB6802F5E07243F8A2
:1086600022101037BD4680BD80B584B002AF78605F
:108670000023009300230193786801210122002345
:10868000FFF7D0FF0837BD4680BD00BF80B584B07E
:1086900000AF78603B1D1846FFF7B8FFF8607B68B5
:1086A000012202FA03F3F868194600F017F81037B0
:1086B000BD4680BD80B584B000AF78603B1D1846D4
:1086C000FFF7A4FFF8607B68012202FA03F3F86861
:1086D000194600F011F81037BD4680BD80B483B054
:1086E00000AF786039607B683A68C3F808250C37BA
:1086F000BD465DF8047B704780B483B000AF7860FE
:1087000039607B683A68C3F80C250C37BD465DF8C4
:10871000047B704780B485B000AF7860254BFB6068
:108720007B68002B40D0244B1A68F9687B6800BF37
:1087300000BF00BF00BF00BF00BF00BF00BF8A4234
:108740002FD000BF00BF00BF00BF00BF00BF00BFF1
:1087500000BF00BF00BF00BF00BF00BF00BF00BF21
:1087600000BF00BF00BF00BF00BF00BF00BF00BF11
:1087700000BF00BF00BF00BF00BF00BF00BF00BF01
:1087800000BF00BF00BF00BF00BF00BF00BF00BFF1
:1087900000BF00BF00BF00BF00BF00BF00BF00BFE1
:1087A00000BF013BC3D17B601437BD465DF8047B3D
:1087B000704700BF0024F400D042002080B483B092
:1087C00000AF7860084B1A687B68DB0013441B78A5
:1087D000012B14BF00230123DBB218460C37BD4622
:1087E0005DF8047B704700BF8462002080B483B0D2
:1087F00000AF7860084B1A687B68DB0013441B7875
:10880000002B14BF00230123DBB218460C37BD46F2
:108810005DF8047B704700BF8462002080B483B0A1
:1088200000AF0346FB71FB79102B01D9012300E057
:10883000002318460C37BD465DF8047B704700BF27
:1088400080B584B000AFF8600B467A60FB727B683D
:1088500000221A80F868FFF7C9FF0346002B0CD0EE
:108860002F4B1A68FB68DB0013445B78012202FA85
:1088700003F39AB27B681A804DE0F868FFF79EFF19
:108880000346002B45D0FB7A03F00103002B11D0E7
:108890007B681B889AB2224B1968FB68DB000B448B
:1088A0005B78012101FA03F39BB213439BB29AB2A6
:1088B0007B681A80FB7A03F00203002B11D07B68DF
:1088C0001B889AB2164B1968FB68DB000B449B7837
:1088D000012101FA03F39BB213439BB29AB27B6866
:1088E0001A80FB7A03F00403002B14D07B681B88EA
:1088F0009AB20B4B1968FB68DB000B44DB78012153
:1089000001FA03F39BB213439BB29AB27B681A80BD
:1089100001E0012300E0002318461037BD4680BD6A
:108920008462002080B483B000AF78607A68084B1E
:10893000A3FB02135A0913469B001344DB001A469B
:108940007B68134418460C37BD465DF8047B7047BE
:108950001F85EB5180B586B002AF0346FB80FB88D4
:108960001846002107F0CEFAF860FB68002B0DD006
:108970001448EFF7BBFB0346FA6800920220124945
:108980001A46C723EFF7FCFBFB6817E0FB880020C3
:10899000194607F0B7FAF860FB68002B0DD00948BC
:1089A000EFF7A4FB0346FA680092022006491A4634
:1089B000CA23EFF7E5FBFB6800E0002318461037F9
:1089C000BD4680BD089705005C97050080B58AB05C
:1089D00000AF0346FB71434B1B7887F82730414BB0
:1089E0001B78002B06D197F90730B3F1FF3F01D177
:1089F000022373E03B4B1A78FB791344DAB2394B0C
:108A00001A70384B1B78012B31D197F82730002B87
:108A10002DD1354B1B68184607F0CCF838623B6AFD
:108A2000FB61FB69002B04D0F869EC212F4AF0F7B9
:108A3000D1FD4020602107F09FFA38623B6ABB619C
:108A4000BB69002B04D0B869F021284AF0F7C2FDB9
:108A500007F016FC38623B6A7B617B69002B05D00E
:108A60007869F721214AF0F7B5FD36E035E01D4B76
:108A70001B78002B31D197F82730012B2DD11A4BC1
:108A80001B68184607F096F838623B6A3B613B6901
:108A9000002B04D03869FC21144AF0F79BFD00201C
:108AA000602107F069FA38623B6AFB60FB68002BC3
:108AB00004D0F868FF210D4AF0F78CFD07F0E0FBC9
:108AC00038623B6ABB60BB68002B06D0B8684FF4C5
:108AD0008371064AF0F77EFDFFE70023184628372A
:108AE000BD4680BD9962002088620020089705007D
:108AF00080B586B002AF78600B46FB70314B1A68C8
:108B00007B68DB0013445B681B685B7AFB73FB7B51
:108B10002D4AD25CFB782C49CB5C52B25BB29A42B4
:108B200042D0FB7B284AD25CFB782749CB5C52B20F
:108B30005BB29A4215DA0120FFF748FFB860BB68C4
:108B4000002B31D02148EFF7D1FA0346BA680092E2
:108B500002201F491A464FF4A473EFF711FBBB68BC
:108B60002CE0FB7B184AD25CFB781749CB5C52B2F5
:108B70005BB29A4216DD4FF0FF30FFF727FFB86077
:108B8000BB68002B10D01148EFF7B0FA0346BA6863
:108B9000009202200E491A464FF4A773EFF7F0FA3D
:108BA000BB680BE0022309E0064B1A687B68DB0018
:108BB00013445B681B68FA785A7200231846103712
:108BC000BD4680BD8462002004970500089705001B
:108BD0005C970500F0B591B000AF78607968F963F3
:108BE00096490868F96BC900014449680968497ADF
:108BF000032900F2108101A050F821F0338E030008
:108C00000D8C0300D58C0300338E03008B4908685C
:108C1000F96BC9000144496809684968002947D0CF
:108C200086490868F96BC900014449684C68834962
:108C30000868F96BC9000144496809684968084631
:108C40004FF00001CB0343EA5043C20312F5FA721E
:108C500043F10003104619464FF47A724FF00003B7
:108C60001EF03CF802460B46FB6B204611461A46A6
:108C7000F0F750FCB863BB6B7B637B6B002B05D0BC
:108C8000786B4FF4B9716E4AF0F7A4FCF86B0221CF
:108C9000FFF72EFFB863BB6B3B633B6B002B06D02B
:108CA000386B4FF4BB71664AF0F794FC11E010E0AA
:108CB000F86B0021FFF71CFFB863BB6BFB62FB6A1C
:108CC000002B06D0F86A4FF4BE715D4AF0F782FCC3
:108CD000B0E0AFE0594B1A68FB6BDB0013445B68F4
:108CE0001B685B68002B00F09580544B1A68FB6B87
:108CF000DB0013445B685E68504B1A68FB6BDB005B
:108D000013445B681B681B681846FFF70BFE03469D
:108D10001A464FF00003DD0345EA5245D40314F52B
:108D2000FA7245F10003104619464FF47A724FF07B
:108D300000031DF0D3FF02460B46FB6B3046114685
:108D40001A46F0F7E7FBB863BB6BBB62BB6A002B4C
:108D500005D0B86A4FF4C571394AF0F73BFCF86B9F
:108D60000121FFF7C5FEB863BB6B7B627B6A002BFA
:108D700005D0786A40F28F11314AF0F72BFC314B65
:108D80001B68184606F016FFB863BB6B3B623B6A74
:108D9000002B05D0386A4FF4C971294AF0F71AFC44
:108DA000264B1A68FB6BDB0013445B681B681A7A5E
:108DB00007F10E03F86B11461A46FFF741FDB86341
:108DC000BB6BFB61FB69002B05D0F86940F2951184
:108DD0001B4AF0F7FFFBFB891846FFF7BBFDB863A2
:108DE000BB6BBB61BB69002B05D0B8694FF4CC717C
:108DF000134AF0F7EFFB07F043FAB863BB6B7B61F4
:108E00007B69002B06D0786940F29B110C4AF0F781
:108E1000E1FBFFE70EE00123BB63BB6B3B613B69FA
:108E2000002B07D0386940F2AD11054AF0F7D2FBAC
:108E300000E000BF4437BD46F0BD00BF84620020A3
:108E4000089705008862002080B485B000AFF86004
:108E5000B9607A603B607B6800221A70FB681B78FF
:108E6000002B1AD1FB685B78FF2B16D1FB689B782F
:108E7000002B12D1FB68DB78002B0ED1FB681B792D
:108E8000002B0AD1FB685B79002B06D1BB6800225E
:108E90001A707B6801221A704FE0FB681B78002B68
:108EA0001AD1FB685B78002B16D1FB689B78002BEE
:108EB00012D1FB68DB78002B0ED1FB681B79002BED
:108EC0000AD1FB685B79002B06D1BB6801221A70BE
:108ED0007B6801221A7030E0FB681B78002B13D1ED
:108EE000FB689B78002B0FD1FB68DB78002B0BD144
:108EF000FB681B79002B07D1FB685B79002B03D142
:108F0000BB6802221A7018E0FB689B78002B0AD11C
:108F1000BB6803221A70FB68DB78002B0DD17B68DD
:108F200001221A7009E0BB6804221A70FB68DB7822
:108F3000002B02D17B6801221A701437BD465DF800
:108F4000047B704780B588B002AFF8607A600A464B
:108F5000FA72BB72FB7A012202FA03F3FB82904B96
:108F60001B68184606F026FE38613B69002B0ED0C0
:108F70008C48EFF7BBF803463A69009202208A4911
:108F80001A4640F2F913EFF7FBF83B6903E1BB7AAD
:108F9000002B30D1FB8A0020194607F04FF83861CA
:108FA0003B69002B0ED07F48EFF7A0F803463A69E3
:108FB000009202207C491A4640F2FF13EFF7E0F8D6
:108FC0003B69E8E0FB8A0020194606F09BFF386108
:108FD0003B69002B00F0C9807248EFF787F8034621
:108FE0003A690092022070491A4640F20223EFF7D4
:108FF000C7F83B69CFE0BB7A012B30D1FB8A18461A
:10900000002106F07FFF38613B69002B0ED06548D8
:10901000EFF76CF803463A690092022062491A465B
:109020004FF40273EFF7ACF83B69B4E0FB8A002021
:10903000194607F003F838613B69002B00F0958072
:109040005848EFF753F803463A6900920220564910
:109050001A4640F20B23EFF793F83B699BE07B68DD
:10906000002B01D10E2396E07B681B781A047B68E5
:109070005B781B021A437B689B78DB001A437B6892
:10908000DB781343FA7A10461946484A07F010F87D
:1090900038613B69002B0ED04248EFF727F80346B2
:1090A0003A690092022040491A4640F21B23EFF72A
:1090B00067F83B696FE0FB8A18460EF0F5FF034640
:1090C000002B22D07B681B791B029AB27B685B79EC
:1090D00013439BB29BB2FA7A1046194641F61F72AF
:1090E00007F04CF838613B69002B0ED02D48EEF7A5
:1090F000FDFF03463A69009202202B491A464FF4BD
:109100000973EFF73DF83B6945E0FB8A18460021FB
:1091100006F094FF38613B69002B0ED02148EEF732
:10912000E5FF03463A69009202201F491A464FF4B0
:109130000A73EFF725F83B692DE0FB8A00201946FA
:1091400006F0E0FE38613B69002B0ED01548EEF7C3
:10915000CDFF03463A690092022013491A464FF4A4
:109160000B73EFF70DF83B6915E007F089F83861EC
:109170003B69002B0ED00B48EEF7B8FF03463A6967
:109180000092022008491A464FF40C73EEF7F8FFDC
:109190003B6900E0002318461837BD4680BD00BF7C
:1091A00088620020089705005C970500FFFF1F00FC
:1091B00080B586B000AFF860B9607A6000233B7478
:1091C000FF237B740023BB740023FB7400233B75D7
:1091D00000237B757B68002B09D1BB68DBB2F86884
:1091E000194600220123FFF7ADFE03461AE07B6813
:1091F000FF2B09D1BB68DBB2F868194600220023B7
:10920000FFF7A0FE03460DE07B68DBB27B74BB6812
:10921000DAB207F11003F86811461A460223FFF785
:1092200091FE034618461837BD4680BD80B586B00E
:1092300002AF786039606A4B1A687B68DB001344C0
:109240005B681B6800221A72654B1A687B68DB003A
:1092500013445B685B681846F0F790F9F860FB68A8
:10926000002B0ED05F48EEF741FF0346FA680092EC
:1092700002205D491A4640F25923EEF781FFFB6850
:10928000AAE03B681B78002B03D03B681B78FF2BC0
:1092900027D13B685B78002B03D03B685B78FF2BC2
:1092A0001FD13B689B78002B03D03B689B78FF2B3A
:1092B00017D178680021FFF71BFCF860FB68002BD2
:1092C0000ED04848EEF712FF0346FA6800920220DB
:1092D00045491A464FF41873EEF752FFFB687BE0DE
:1092E00016E078680321FFF703FCF860FB68002BA9
:1092F0000ED03C48EEF7FAFE0346FA6800920220D0
:1093000039491A4640F26523EEF73AFFFB6863E0FD
:10931000334B1A687B68DB0013445B781A463B6862
:109320001B78786811461A46FFF742FFF860FB6821
:10933000002B0ED02B48EEF7D9FE0346FA680092B8
:10934000022029491A4640F26923EEF719FFFB680B
:1093500042E0234B1A687B68DB0013449B781A4673
:109360003B685B78786811461A46FFF721FFF86082
:10937000FB68002B0ED01B48EEF7B8FE0346FA68D8
:109380000092022018491A464FF41B73EEF7F8FEBC
:10939000FB6821E0124B1A687B68DB001344DB7822
:1093A0001A463B689B78786811461A46FFF700FF1B
:1093B000F860FB68002B0ED00A48EEF797FE0346D4
:1093C000FA680092022008491A4640F26F23EEF72D
:1093D000D7FEFB6800E0002318461037BD4680BD6D
:1093E00084620020089705005C97050080B58CB06A
:1093F00002AFF860B9607A603B60F868FFF7F6F991
:109400000346002B20D0554B1A68FB68DB00134441
:109410005A783B681B78F8681146BA68FFF792FDE6
:1094200038623B6A002B00F093804D48EEF75EFEF9
:1094300003463A6A009202204A491A4640F28123C2
:10944000EEF79EFE3B6A84E0F868FFF7B7F9034643
:10945000002B7BD0414B1A68FB68DB0013445B7820
:109460007B613E4B1A68FB68DB0013449B78BB6151
:109470003A4B1A68FB68DB001344DB78FB613A4A1D
:1094800007F110031188927819809A70002387F8E9
:10949000273056E07B681A7897F8273007F12801C3
:1094A0000B4413F8183C1340DBB2002B22D097F882
:1094B00027309B0007F12802134453F8143CDAB21A
:1094C0003B681B78F8681146BA68FFF73BFD3862C5
:1094D0003B6A002B30D02248EEF708FE03463A6A7A
:1094E000009202201F491A4640F28E23EEF748FEF2
:1094F0003B6A2EE097F827309B0007F128010B44C8
:1095000053F8143CDBB2F8681946BA680123FFF738
:1095100019FD38623B6A002B0ED01148EEF7E6FDCC
:1095200003463A6A009202200E491A4640F29323FB
:10953000EEF726FE3B6A0CE097F82730013387F8F8
:10954000273097F82730022BA4D901E0012300E04F
:10955000002318462837BD4680BD00BF8462002026
:10956000089705005C970500B09705002DE9F043CA
:109570008BB002AF78603960A54B1A687B68DB005E
:1095800013445B681B683A6812781A723B68DB68A0
:10959000FB619F4B1A687B68DB0013445B685B6868
:1095A0001846EFF7EBFFB861BB69002B0ED0994866
:1095B000EEF79CFD0346BA690092022096491A46CE
:1095C00040F2B323EEF7DCFDBB6934E207F116038A
:1095D000786807211A46FFF733F9B861BB69002B99
:1095E0000ED08C48EEF782FD0346BA690092022045
:1095F00089491A4640F2B623EEF7C2FDBB691AE26A
:10960000F98A3B681A1D07F11003084611461A46ED
:109610000FF0C8F9B861BB69012B11D0BB69002BF1
:109620000ED07C48EEF762FD0346BA690092022034
:1096300079491A464FF42F73EEF7A2FDBB69FAE1A0
:109640003B68043307F1100007F10F0107F10E0228
:10965000FFF7FAFBFB7B042B00F2EC8101A252F82E
:1096600023F000BF79960300DF96030045970300BF
:10967000AB970300DD98030078680021FFF738FA04
:10968000B861BB69002B0ED06248EEF72FFD034690
:10969000BA690092022060491A464FF43273EEF71D
:1096A0006FFDBB69C7E13A6807F1100107F10F03CD
:1096B0007868FFF79BFEB861BB69002B0ED0554858
:1096C000EEF714FD0346BA690092022052491A4689
:1096D00040F2CB23EEF754FDBB69ACE1AAE1786818
:1096E0000021FFF705FAB861BB69002B0ED049488D
:1096F000EEF7FCFC0346BA690092022046491A467E
:1097000040F2D123EEF73CFDBB6994E13A6807F1E2
:10971000100107F10F037868FFF768FEB861BB69B5
:10972000002B0ED03B48EEF7E1FC0346BA690092ED
:10973000022039491A464FF43573EEF721FDBB6913
:1097400079E177E178680321FFF7D2F9B861BB6965
:10975000002B0ED02F48EEF7C9FC0346BA690092E1
:1097600002202D491A4640F2DA23EEF709FDBB69C3
:1097700061E13A6807F1100107F10F037868FFF71C
:1097800035FEB861BB69002B0ED02248EEF7AEFC67
:109790000346BA69009202201F491A4640F2DD23AF
:1097A000EEF7EEFCBB6946E144E178680121FFF782
:1097B0009FF9B861BB69002B0ED01648EEF796FCF6
:1097C0000346BA690092022013491A4640F2E32385
:1097D000EEF7D6FCBB692EE13A6807F1100107F1FC
:1097E0000F037868FFF702FEB861BB69002B15D044
:1097F0000848EEF77BFC0346BA690092022006494E
:109800001A4640F2E623EEF7BBFCBB6913E100BF4A
:1098100084620020089705005C970500BB7B002B45
:109820005BD0874B1A687B68DB0013445B681B685E
:1098300000225A60824B1A687B68DB0013445B6825
:109840001B683A6851693A68526811443A689269EB
:109850000A441A607A4B1A687B68DB0013445B6821
:109860005C68774B1A687B68DB0013445B681B6895
:109870001B681846FFF756F803461A464FF00003D8
:109880004FEAC33949EA52494FEAC23818F5FA7229
:1098900049F10003104619464FF47A724FF0000365
:1098A0001DF01CFA02460B467B68204611461A46FC
:1098B000EFF730FEB861BB69002B0ED06148EEF7C0
:1098C00015FC0346BA69009202205F491A4640F22D
:1098D000F223EEF755FCBB69ADE0ABE0BB7B002BA0
:1098E00018D00023BB7478680121FFF701F9B86133
:1098F000BB69002B25D05348EEF7F8FB0346BA6945
:109900000092022050491A464FF43F73EEF738FC9C
:10991000BB6990E078680321FFF7EAF8B861BB699A
:10992000002B0ED04748EEF7E1FB0346BA690092E0
:10993000022045491A4640F20133EEF721FCBB698B
:1099400079E03A6807F1100107F10F037868FFF733
:109950004DFDB861BB69002B0ED03A48EEF7C6FB4F
:109960000346BA690092022037491A4640F205338D
:10997000EEF706FCBB695EE0BB7B002B59D0304B99
:109980001A687B68DB0013445B681B68FA695A60DD
:109990002B4B1A687B68DB0013445B681B683A68D2
:1099A00051693A68526811443A6892690A441A60E7
:1099B000234B1A687B68DB0013445B685E68204BAE
:1099C0001A687B68DB0013445B681B681B681846D9
:1099D000FEF7A8FF03461A464FF00003DD0345EAF1
:1099E0005245D40314F5FA7245F1000310461946A6
:1099F0004FF47A724FF000031DF070F902460B46E7
:109A00007B68304611461A46EFF784FDB861BB69A2
:109A1000002B0ED00B48EEF769FB0346BA690092A3
:109A2000022009491A4640F21133EEF7A9FBBB693F
:109A300001E000BF002318462437BD46BDE8F0838F
:109A400084620020089705005C97050080B500AF90
:109A5000064B1B781846FEF72DFE0120FEF75AFE36
:109A6000024B1B781846FEF711FE80BD986200205D
:109A700080B58CB002AF78601E4B1B685A1E7B68A5
:109A80009A4202D37B68102B06D901201A49012281
:109A9000EEF748FB012329E00023FB60FF233B7422
:109AA00000237B6100233B760023FB6100233B62A4
:109AB00000233B7407233B7207F1080378681946BB
:109AC000FFF754FD78627B6A002B0ED00B48EEF74F
:109AD0000DFB03467A6A0092022009491A4640F2B9
:109AE0005A33EEF74DFB7B6A00E000231846283717
:109AF000BD4680BD94620020B4970500089705001C
:109B00005C97050080B586B002AF786039601C4B69
:109B10001B685A1E7B689A4202D37B68102B06D9B9
:109B2000012018490122EEF7FDFA012324E03B68E9
:109B3000002B01D10E231FE07868FEF757FE034685
:109B4000002B01D0032317E078683968FFF76EFB1C
:109B5000F860FB68002B0ED00B48EEF7C7FA0346FF
:109B6000FA680092022009491A4640F28333EEF760
:109B700007FBFB6800E0002318461037BD4680BD98
:109B800094620020B4970500089705005C970500D3
:109B900080B586B002AF786039601D4B1B685A1ED5
:109BA0007B689A4202D37B68102B06D901201949A1
:109BB0000122EEF7B7FA012326E03B68002B01D122
:109BC0000E2321E0FFF742FF7868FEF70FFE034601
:109BD000002B01D0032317E078683968FFF7C6FC33
:109BE000F860FB68002B0ED00B48EEF77FFA0346B7
:109BF000FA680092022009491A4640F2B233EEF7A1
:109C0000BFFAFB6800E0002318461037BD4680BD50
:109C100094620020B4970500089705005C97050042
:109C200080B588B002AF78600B46FB700023FB81E3
:109C30007B68002B01D10E23C9E27B681B68002BD7
:109C400001D10E23C3E27B681B685B68002B01D146
:109C50000E23BCE27B689B68002B01D10E23B6E289
:109C60007B681B79102B03D87B681B79002B13D1E1
:109C700001233B613B69002B0ED09C48EEF736FA7E
:109C800003463A690092022099491A4640F2C533C8
:109C9000EEF776FA3B699AE27B685B79072B13D97A
:109CA00001233B613B69002B0ED09048EEF71EFA72
:109CB00003463A69009202208D491A464FF47373A5
:109CC000EEF75EFA3B6982E27B681B681B78002B2B
:109CD00018D07B681B681B78012B13D001233B61D4
:109CE0003B69002B0ED08148EEF700FA03463A6933
:109CF000009202207E491A4640F2D333EEF740FA32
:109D00003B6964E27B681A687A4B1A607B681B794E
:109D10001A46794B1A607B685A79784B1A70774BE0
:109D20001B78013B764A42FA03F31A46754B1A60D8
:109D30007B689A68744B1A607B681A7B734B1A7045
:109D4000704B1B684FF2F00019460EF0A7FE05F0AD
:109D500025FF6D4B1B68184605F02CFF38613B69E9
:109D6000002B0ED06148EEF7C1F903463A69009224
:109D700002205F491A464FF47A73EEF701FA3B6905
:109D800025E2FB78002B14D006F04EFA38613B69CF
:109D9000002B0ED05548EEF7A9F903463A69009218
:109DA000022053491A4640F2ED33EEF7E9F93B69D8
:109DB0000DE2524B1B781B01DBB21846702106F0F6
:109DC00013F938613B69002B0ED04848EEF78EF945
:109DD00003463A690092022045491A4640F2F2339E
:109DE000EEF7CEF93B69F2E1484B1B78FF2B20D010
:109DF0000420042106F0F8F838613B69002B0ED0EE
:109E00003A48EEF773F903463A690092022038495E
:109E10001A464FF47E73EEF7B3F93B69D7E13B4B3B
:109E20001B781846FEF720FC384B1B781846FEF7C7
:109E30002DFC00237B61AEE12E4B1A687B69DB00B1
:109E400013445B681B6800225A722A4B1A687B69AC
:109E5000DB0013445B680433184600212C4AEFF7FB
:109E600025FB38613B69002B0ED02048EEF73EF908
:109E700003463A69009202201D491A4640F2044303
:109E8000EEF77EF93B69A2E107F10E03786907213D
:109E90001A46FEF7D5FC38613B69002B0ED01348FB
:109EA000EEF724F903463A690092022010491A4657
:109EB00040F20743EEF764F93B6988E1FB89002033
:109EC000194605F09DFE38613B69002B22D00748FA
:109ED000EEF70CF903463A690092022004491A464B
:109EE00040F20B43EEF74CF93B6970E1089705002F
:109EF0005C9705008462002094620020906200203C
:109F000080841E008C6200208862002098620020FD
:109F1000D58B0300FB891846002105F0F3FF38615B
:109F20003B69002B0ED09748EEF7E0F803463A69FC
:109F30000092022094491A4640F20E43EEF720F9AF
:109F40003B6944E1FB890020194605F0CDFE3861EC
:109F50003B69002B0ED08B48EEF7C8F803463A69F0
:109F60000092022088491A4640F21143EEF708F9A0
:109F70003B692CE1FB890020194605F0EFFE3861B2
:109F80003B69002B0ED07F48EEF7B0F803463A69E4
:109F9000009202207C491A4640F21443EEF7F0F892
:109FA0003B6914E1FB890020194605F011FF386177
:109FB0003B69002B0ED07348EEF798F803463A69D8
:109FC0000092022070491A4640F21743EEF7D8F883
:109FD0003B69FCE07869FEF709FC0346002B3CD0A6
:109FE0006A4B1A687B69DB0013445B781846FEF7FE
:109FF00015FC38613B69002B0ED06248EEF776F80D
:10A0000003463A69009202205F491A4640F21C4317
:10A01000EEF7B6F83B69DAE05C4B1A687B69DB0067
:10A0200013445B78012202FA03F39BB20020194625
:10A0300005F008FF38613B69002B0ED05148EEF760
:10A0400055F803463A69009202204F491A4640F2F9
:10A050001F43EEF795F83B69B9E07869FEF7AEFB70
:10A060000346002B00F09480484B1A687B69DB00A4
:10A0700013445B781846FEF7D1FB38613B69002B2F
:10A080000ED04048EEF732F803463A6900920220BB
:10A090003D491A4640F22543EEF772F83B6996E0D7
:10A0A0003A4B1A687B69DB0013449B781846FEF72D
:10A0B000B5FB38613B69002B0ED03248EEF716F83D
:10A0C00003463A69009202202F491A464FF48563ED
:10A0D000EEF756F83B697AE02C4B1A687B69DB0097
:10A0E0001344DB781846FEF799FB38613B69002B77
:10A0F0000ED02448EDF7FAFF03463A690092022099
:10A1000021491A4640F22B43EEF73AF83B695EE0EC
:10A110001E4B1A687B69DB0013445B78012202FA4C
:10A1200003F39AB2194B19687B69DB000B449B78E7
:10A13000012101FA03F39BB213439AB2134B19683E
:10A140007B69DB000B44DB78012101FA03F39BB24E
:10A1500013439BB20020194605F074FE38613B6939
:10A16000002B15D00748EDF7C1FF03463A6900926E
:10A17000022005491A464FF48663EEF701F83B6961
:10A1800025E000BF089705005C9705008462002069
:10A190007B6901337B61104B1B687A699A42FFF43B
:10A1A0004BAE06F06DF838613B69002B0ED00B48C2
:10A1B000EDF79CFF03463A690092022008491A46CF
:10A1C00040F23543EDF7DCFF3B6900E00023184621
:10A1D0001837BD4680BD00BF946200200897050077
:10A1E0005C97050080B483B000AF78604FF0A04367
:10A1F00018460C37BD465DF8047B704780B584B0C7
:10A2000000AF78603B1D1846FFF7ECFFF860F86878
:10A2100000F00AF802467B6822FA03F303F0010318
:10A2200018461037BD4680BD80B483B000AF78605B
:10A230007B68D3F8103518460C37BD465DF8047BB3
:10A24000704700BF80B485B000AF7860254BFB60DD
:10A250007B68002B40D0244B1A68F9687B6800BFEC
:10A2600000BF00BF00BF00BF00BF00BF00BF8A42E9
:10A270002FD000BF00BF00BF00BF00BF00BF00BFA6
:10A2800000BF00BF00BF00BF00BF00BF00BF00BFD6
:10A2900000BF00BF00BF00BF00BF00BF00BF00BFC6
:10A2A00000BF00BF00BF00BF00BF00BF00BF00BFB6
:10A2B00000BF00BF00BF00BF00BF00BF00BF00BFA6
:10A2C00000BF00BF00BF00BF00BF00BF00BF00BF96
:10A2D00000BF013BC3D17B601437BD465DF8047BF2
:10A2E000704700BF0024F400D042002080B582B047
:10A2F00000AF78607B684FF47A7202FB03F3184674
:10A30000FFF7A0FF0837BD4680BD00BF80B584B011
:10A3100002AF1420FFF796FF0C20FEF7FDF87860DF
:10A320007B68002B0DD00C48EDF7E0FE03467A6801
:10A330000092022009491A465723EDF721FF7B6856
:10A3400006E03220FFF77EFF0548FCF75FFE03467C
:10A3500018460837BD4680BD04980500589805008A
:10A360009C62002080B584B002AFFDF761F978608F
:10A370007B68002B0DD01448EDF7B8FE03467A68D1
:10A380000092022011491A466623EDF7F9FE7B6818
:10A3900015E00C20FEF76AF878607B68002B0DD082
:10A3A0000948EDF7A3FE03467A68009202200749A8
:10A3B0001A466923EDF7E4FE7B6800E000231846A7
:10A3C0000837BD4680BD00BF0498050058980500B9
:10A3D00080B582B000AF0023BB710023FB71FFF793
:10A3E00095FF0346002B1AD1BB1D1846FDF7D6F882
:10A3F0000346002B13D17B1D1846FDF7E7F87B7948
:10A40000002B06D07B7901200B491A467A23EDF701
:10A410009FFEBB79812B14BF00230123FB71FFF743
:10A42000A1FFFB79002B01D0002300E00523184693
:10A430000837BD4680BD00BFAC98050080B584B02C
:10A4400002AFFFF763FF78607B68002B0DD02948CF
:10A45000EDF74CFE03467A680092022026491A4620
:10A460008D23EDF78DFE7B683FE0FB1C1846FCF763
:10A47000F7FD78607B68002B0DD01E48EDF736FEA7
:10A4800003467A68009202201B491A469023EDF792
:10A4900077FE7B6829E0BB1C1846FDF797F8BB7870
:10A4A000002B06D0BB78012014491A469123EDF702
:10A4B0004FFEFFF757FF78607B68002B0DD00D48EB
:10A4C000EDF714FE03467A68009202200A491A4604
:10A4D0009423EDF755FE7B6807E0FB7803F010034B
:10A4E000002B01D0002300E0052318460837BD46A5
:10A4F00080BD00BF0498050058980500AC98050081
:10A5000080B588B000AF78600B467B800423FB7772
:10A51000FFF7FCFEB861BB697B617B69002B04D04F
:10A520007869CA211A4AEFF755F8FB7F184619498E
:10A53000FCF7E8FDB861BB693B613B69002B04D0C7
:10A540003869CD21124AEFF745F807F10B03184699
:10A55000FDF73CF8FB7A002B06D0FB7A01200E4970
:10A560001A46CE23EDF7F4FDFFF7FCFEB861BB6998
:10A57000FB60FB68002B04D0F868D121044AEFF798
:10A5800029F8064B1B68034898472037BD4680BD15
:10A5900004980500B0620020AC980500A862002075
:10A5A00080B584B000AF78600B46FB707B68162BDB
:10A5B00015D11620FFF722FE0346002B0FD10020F5
:10A5C0000021084AEEF792F8F860FB68BB60BB68B0
:10A5D000002B04D0B868E021034AEEF7FBFF1037E8
:10A5E000BD4680BD01A503000498050080B586B076
:10A5F00002AF7860E7F75AFF034683F00103DBB24E
:10A60000002B13D0E7F712FFF860FB68002B0DD08A
:10A610001948EDF76BFD0346FA68009202201749CE
:10A620001A46EE23EDF7ACFDFB6821E00023BB7278
:10A630000023FB7203237B7203233B7207F10803A1
:10A64000786819460E4AE7F743FFF860FB68002B6D
:10A650000DD00948EDF74AFD0346FA680092022042
:10A6600006491A46F823EDF78BFDFB6800E000234E
:10A6700018461037BD4680BD04980500589805005F
:10A68000A1A5030080B582B000AF78607868E8F7D4
:10A6900009F8002318460837BD4680BD80B584B050
:10A6A00002AF0A20FDF78EFE78607B68002B0ED08B
:10A6B0003A48EDF71BFD03467A68009202203849BC
:10A6C0001A4640F20F13EDF75BFD7B6862E00B204A
:10A6D000FDF778FE78607B68002B0ED02F48EDF7F1
:10A6E00005FD03467A68009202202D491A464FF470
:10A6F0008973EDF745FD7B684CE00C20FDF762FEA9
:10A7000078607B68002B0ED02448EDF7EFFC034601
:10A710007A680092022022491A4640F21513EDF79A
:10A720002FFD7B6836E000BF0A20FDF79FFE034641
:10A73000002BF9D10B20FDF799FE78607B68002B88
:10A740000ED01648EDF7D2FC03467A68009202203C
:10A7500013491A464FF49173EDF712FD7B6819E027
:10A760000C20FDF7D9FE78607B68002B0ED00B48DB
:10A77000EDF7BCFC03467A680092022008491A46AD
:10A7800040F22513EDF7FCFC7B6803E01E20FFF789
:10A79000ADFD002318460837BD4680BD049805006E
:10A7A0005898050080B586B002AF03463960FB803B
:10A7B000FFF7ACFDF860FB68002B0ED02848EDF7E2
:10A7C00095FC0346FA680092022026491A464FF487
:10A7D0009973EDF7D5FCFB683DE0FB8818463968B6
:10A7E000FCF766FDF860FB68002B0ED01C48EDF707
:10A7F0007DFC0346FA68009202201A491A4640F28C
:10A800003513EDF7BDFCFB6825E007F10B03184697
:10A81000FCF7DCFEFB7A002B07D0FB7A0120124903
:10A820001A464FF49B73EDF793FCFFF79BFDF8601E
:10A83000FB68002B0ED00A48EDF758FC0346FA6877
:10A840000092022007491A4640F23913EDF798FCAE
:10A85000FB6800E0002318461037BD4680BD00BFEE
:10A860000498050058980500AC98050080B586B09E
:10A8700002AF7860FFF74AFDF860FB68002B0ED04E
:10A880002748EDF733FC0346FA6800920220254979
:10A890001A464FF4A273EDF773FCFB683BE078684F
:10A8A000FCF7F6FDF860FB68002B0ED01C48EDF7B6
:10A8B0001DFC0346FA68009202201A491A4640F22B
:10A8C0004713EDF75DFCFB6825E007F10B03184625
:10A8D000FCF77CFEFB7A002B07D0FB7A01201249A3
:10A8E0001A464FF4A473EDF733FCFFF73BFDF86015
:10A8F000FB68002B0ED00A48EDF7F8FB0346FA6818
:10A900000092022007491A4640F24B13EDF738FC3B
:10A91000FB6800E0002318461037BD4680BD00BF2D
:10A920000498050058980500AC98050080B586B0DD
:10A9300002AF0346FB80FFF7E9FCF860FB68002BE1
:10A940000ED02848EDF7D2FB0346FA6800920220A9
:10A9500025491A464FF4AC73EDF712FCFB683CE056
:10A96000FB881846FCF7D8FDF860FB68002B0ED07A
:10A970001C48EDF7BBFB0346FA68009202201A4917
:10A980001A4640F25B13EDF7FBFBFB6825E007F18D
:10A990000B031846FCF71AFEFB7A002B07D0FB7A54
:10A9A000012012491A464FF4AE73EDF7D1FBFFF7C1
:10A9B000D9FCF860FB68002B0ED00A48EDF796FB37
:10A9C0000346FA680092022007491A4640F25F13D4
:10A9D000EDF7D6FBFB6800E0002318461037BD46B4
:10A9E00080BD00BF0498050058980500AC9805008C
:10A9F00080B592B002AF0346FB71002387F83F3069
:10AA0000AB4B1B78002B01D000234CE1A84B01225B
:10AA10001A70FB79032B19D801A252F823F000BF5A
:10AA200031AA030035AA03003DAA030045AA03008A
:10AA3000062338E1012387F83F3009E0022387F835
:10AA40003F3005E0032387F83F3001E007232AE188
:10AA50001620FFF7CBFDB863BB6B7B637B6B002BD2
:10AA600006D0786B4FF4CF71924AEEF7B3FDFFE753
:10AA700000BF0A20FDF7FAFC0346002BF9D10C2099
:10AA8000FDF74AFDB863BB6B3B633B6B002B05D006
:10AA9000386B4FF4D671874AEEF79CFD0B20FDF71B
:10AAA000E5FCB863BB6BFB62FB6A002B05D0F86A60
:10AAB00040F2AF117F4AEEF78DFD1E20FFF716FC26
:10AAC00016200121E7F75EFDFFF720FCB863BB6BA2
:10AAD000BB62BB6A002B05D0B86A4FF4DB71754AC4
:10AAE000EEF778FDFCF784FDB863BB6B7B627B6A95
:10AAF000002B05D0786A40F2B9116E4AEEF76AFD74
:10AB000007F115031846FCF761FD7B7D002B07D08C
:10AB10007B7D012068491A464FF4DD73EDF718FB81
:10AB200007F117031846FCF79BFAB863BB6B3B624F
:10AB30003B6A002B05D0386A40F2BD115D4AEEF742
:10AB400049FD07F114031846FCF740FD3B7D002B3F
:10AB500007D03B7D012058491A464FF4DF73EDF7CB
:10AB6000F7FAFB7DDBB25BB2002B01DB08239AE036
:10AB7000FB7D03F00803002B24D00423FB77FA7F2E
:10AB800007F10C0310461946FCF7BCFAB863BB6B1F
:10AB9000BB61BB69002B05D0B8694FF4E671454A2B
:10ABA000EEF718FD07F10B031846FCF70FFDFB7AD3
:10ABB000002B07D0FB7A01203F491A4640F2CD1303
:10ABC000EDF7C6FA07F116031846FCF75BFAB8630F
:10ABD000BB6B002B0ED03748EDF788FA0346BA6BF3
:10ABE0000092022035491A4640F2D113EDF7C8FA17
:10ABF000BB6B58E007F10A031846FCF7E7FCBB7A89
:10AC0000002B07D0BB7A01202B491A464FF4E97379
:10AC1000EDF79EFA97F83F301B01DAB2BB7D134384
:10AC2000DBB243F00803DBB2BB75BB7D18460021E5
:10AC3000FCF73AFAB863BB6B002B0ED01D48EDF75A
:10AC400055FA0346BA6B009202201C491A464FF48B
:10AC5000EC73EDF795FABB6B25E007F10903184695
:10AC6000FCF7B4FC7B7A002B07D07B7A01201249D9
:10AC70001A4640F2D913EDF76BFAFFF773FBB8638E
:10AC8000BB6B002B0ED00B48EDF730FA0346BA6BC6
:10AC90000092022009491A464FF4EE73EDF770FA5C
:10ACA000BB6B00E0002318464037BD4680BD00BFA7
:10ACB000AC62002004980500AC9805005898050087
:10ACC00080B584B002AF734B1B7883F00103DBB215
:10ACD000002B01D00023D9E06E4B00221A70162001
:10ACE000E7F7B8FC1620FFF7CDFC78607B68002BF7
:10ACF0000ED06948EDF7FAF903467A68009202200F
:10AD000066491A464FF4F873EDF73AFA7B68BDE0EE
:10AD1000FFF7FCFA78607B68002B0ED05E48EDF7F9
:10AD2000E5F903467A68009202205C491A4640F22F
:10AD3000F313EDF725FA7B68A8E0FB1C1846FCF737
:10AD40008FF978607B68002B0ED05348EDF7CEF971
:10AD500003467A680092022050491A464FF4FB736A
:10AD6000EDF70EFA7B6891E0BB1C1846FCF72EFC51
:10AD7000BB78002B07D0BB78012049491A4640F226
:10AD8000F713EDF7E5F9FB78DBB25BB2002B25DAC0
:10AD900000207821FCF788F978607B68002B0ED0C2
:10ADA0003D48EDF7A3F903467A68009202203B493B
:10ADB0001A4640F2FD13EDF7E3F97B6866E07B1C71
:10ADC0001846FCF703FC7B78002B07D07B7801202A
:10ADD00033491A464FF4FF73EDF7BAF9FFF7C2FA99
:10ADE00078607B68002B0ED02B48EDF77FF9034687
:10ADF0007A680092022029491A4640F20223EDF7B0
:10AE0000BFF97B6842E00B20FDF786FB78607B682A
:10AE1000002B0ED02048EDF769F903467A680092BE
:10AE200002201E491A4640F20523EDF7A9F97B6876
:10AE30002CE00C20FDF770FB78607B68002B0ED0B7
:10AE40001548EDF753F903467A680092022013493A
:10AE50001A464FF40273EDF793F97B6816E00A2067
:10AE6000FDF75AFB78607B68002B0ED00A48EDF79F
:10AE70003DF903467A680092022008491A464FF4C9
:10AE80000573EDF77DF97B6800E00023184608376D
:10AE9000BD4680BDAC6200200498050058980500AE
:10AEA000AC98050080B586B002AF78607B68002B57
:10AEB00001D10E23A5E07B681B68002B01D10E2376
:10AEC0009FE07B685B68002B01D10E2399E07B68D3
:10AED000DB68002B01D10E2393E07B685A684B4B53
:10AEE0009A607B681A68494B5A607B681A7A474BAC
:10AEF0001A707B68DA68464B1A60FCF77BF8FFF73C
:10AF0000CDFBF860FB68002B0ED04248EDF7EEF861
:10AF10000346FA68009202203F491A4640F22A236B
:10AF2000EDF72EF9FB686CE0FFF752FAF860FB686A
:10AF3000002B0ED03748EDF7D9F80346FA68009297
:10AF4000022035491A4640F22D23EDF719F9FB6826
:10AF500057E0FFF773FAF860FB68002B0ED02D481E
:10AF6000EDF7C4F80346FA68009202202A491A460F
:10AF70004FF40C73EDF704F9FB6842E00B20FDF78A
:10AF8000CBFAF860FB68002B0ED02248EDF7AEF844
:10AF90000346FA68009202201F491A4640F23F23F6
:10AFA000EDF7EEF8FB682CE00C20FDF7B5FAF86041
:10AFB000FB68002B0ED01748EDF798F80346FA68A7
:10AFC0000092022014491A4640F24223EDF7D8F8C5
:10AFD000FB6816E00A20FDF79FFAF860FB68002B7B
:10AFE0000ED00C48EDF782F80346FA680092022072
:10AFF00009491A4640F24D23EDF7C2F8FB6800E01C
:10B00000002318461037BD4680BD00BF9C6200205B
:10B01000A8620020049805005898050080B584B007
:10B0200002AF144B1B689A68124B1B68DB68104612
:10B030001946002200230DF051FD78607B68002B3B
:10B040000DD00D48EDF752F803467A6800920220C1
:10B050000A491A464A23EDF793F87B6806E0054B48
:10B060001B689B681846E9F78FFD002318460837D0
:10B07000BD4680BDB8620020F498050044990500E3
:10B0800080B500AF074B1B689B681846E9F79AFD2F
:10B09000044B1B689B681846E9F72EFD00231846F1
:10B0A00080BD00BFB862002080B586B002AF034605
:10B0B0003960FB71214B1B689968204B1B681A781B
:10B0C000FB1D01200090084611461A460123EAF7AD
:10B0D0007FF8F860FB68002B0DD01948EDF706F8F3
:10B0E0000346FA680092022016491A467023EDF7CB
:10B0F00047F8FB681EE0114B1B689A680F4B1B68F2
:10B100001B78104619463A680123EAF78DF8F86073
:10B11000FB68002B0DD00A48ECF7E8FF0346FA68FD
:10B120000092022007491A467623EDF729F8FB68BA
:10B1300000E0002318461037BD4680BDB8620020ED
:10B14000F49805004499050080B586B002AF024628
:10B150000B46FA71BB71FB793B72BB797B72134B67
:10B160001B689968114B1B681A7807F108030020C7
:10B170000090084611461A460223EAF729F8F860BB
:10B18000FB68002B0DD00A48ECF7B0FF0346FA68C5
:10B190000092022007491A468E23ECF7F1FFFB6864
:10B1A00000E0002318461037BD4680BDB86200207D
:10B1B000F49805004499050080B588B002AF0346B5
:10B1C000B9607A60FB7300237B6120E07B69DAB2AF
:10B1D000FB7B1344DAB2B9687B690B44104619460D
:10B1E000FFF762FF38613B69002B0DD00C48ECF78C
:10B1F0007DFF03463A69009202200A491A46A423B9
:10B20000ECF7BEFF3B6907E07B6901337B617A693C
:10B210007B689A42DAD3002318461837BD4680BDB2
:10B22000F49805004499050080B582B000AF7860BD
:10B23000044B7A681A60FFF7F1FE03461846083798
:10B24000BD4680BDB862002080B582B000AFFFF778
:10B2500017FF7860034B00221A607B681846083796
:10B26000BD4680BDB862002080B584B002AF134BEC
:10B270001B68002B01D108231CE0FB1C0F20194682
:10B28000FFF712FF78607B68002B0DD00C48ECF7BD
:10B290002DFF03467A68009202200A491A46C52308
:10B2A000ECF76EFF7B6805E0FB78BC2B01D1002337
:10B2B00000E0052318460837BD4680BDB86200206F
:10B2C000F49805004499050080B586B002AF786017
:10B2D000444B1B68002B01D108237FE07B68002BC7
:10B2E00001D10E237AE07B681B7803F0C003002BAA
:10B2F00011D17B685B7803F07803002B0BD17B685E
:10B300009B7803F07C03002B05D17B68DB7803F08E
:10B310003B03002B01D0072360E07B681B781020E3
:10B320001946FFF711FFF860FB68002B0DD02E487F
:10B33000ECF7DCFE0346FA68009202202B491A461D
:10B34000DB23ECF71DFFFB6848E07B685B7820207F
:10B350001946FFF7F9FEF860FB68002B0DD0224874
:10B36000ECF7C4FE0346FA68009202201F491A4611
:10B37000DE23ECF705FFFB6830E07B689B7821203B
:10B380001946FFF7E1FEF860FB68002B0DD0164868
:10B39000ECF7ACFE0346FA680092022013491A4605
:10B3A000E123ECF7EDFEFB6818E07B68DB782220F8
:10B3B0001946FFF7C9FEF860FB68002B0DD00A485C
:10B3C000ECF794FE0346FA680092022007491A46F9
:10B3D000E423ECF7D5FEFB6800E0002318461037A5
:10B3E000BD4680BDB8620020F49805004499050070
:10B3F00080B586B002AF7860134B1B68002B01D17B
:10B4000008231CE07B68002B01D10E2317E02720C6
:10B410007968FFF749FEF860FB68002B0ED00B48F7
:10B42000ECF764FE0346FA680092022008491A46C7
:10B4300040F20913ECF7A4FEFB6800E00023184675
:10B440001037BD4680BD00BFB8620020F4980500EB
:10B450004499050080B58AB002AF7860384B1B680C
:10B46000002B01D1082367E07B68002B01D10E235C
:10B4700062E007F10C03302019461022FFF79CFE12
:10B48000F861FB69002B0ED02E48ECF72FFE034627
:10B49000FA69009202202C491A464FF48C73ECF79B
:10B4A0006FFEFB6948E03A7B7B681A707A7B7B68A9
:10B4B0005A70BB7B1A467B7C03F003039BB21B02D2
:10B4C0009BB213449AB27B685A80FB7B1A467B7C02
:10B4D0009B08DBB203F003039BB21B029BB2134435
:10B4E0009AB27B689A80BB7C1A46FB7C1B029BB29B
:10B4F00013449BB29AB27B68DA80BB7D1A46FB7D0F
:10B500001B029BB213449BB29AB27B681A813B7EAA
:10B510001A467B7E1B029BB213449BB29AB27B6895
:10B520005A81BB7E1A46FB7E1B029BB213449BB220
:10B530009AB27B689A81002318462037BD4680BDA9
:10B54000B8620020F49805004499050080B586B0E3
:10B5500002AF7860254B1B68002B01D1082340E027
:10B560007B68002B01D10E233BE007F10A03282062
:10B570001946FFF799FDF860FB68002B0ED01C48B8
:10B58000ECF7B4FD0346FA680092022019491A4606
:10B5900040F23113ECF7F4FDFB6822E007F10B03F6
:10B5A00029201946FFF780FDF860FB68002B0ED0BC
:10B5B0000F48ECF79BFD0346FA68009202200D4904
:10B5C0001A464FF49A73ECF7DBFDFB6809E0FB7A4F
:10B5D0001B029AB2BB7A13449BB29AB27B681A8060
:10B5E000002318461037BD4680BD00BFB86200205A
:10B5F000F49805004499050080B586B002AF7860E4
:10B60000254B1B68002B01D1082340E07B68002BF1
:10B6100001D10E233BE007F10A032A201946FFF768
:10B6200043FDF860FB68002B0ED01C48ECF75EFD74
:10B630000346FA680092022019491A464FF4A37390
:10B64000ECF79EFDFB6822E007F10B032B20194667
:10B65000FFF72AFDF860FB68002B0ED00F48ECF7CF
:10B6600045FD0346FA68009202200D491A4640F251
:10B670004913ECF785FDFB6809E0FB7A1B029AB2DF
:10B68000BB7A13449BB29AB27B681A800023184697
:10B690001037BD4680BD00BFB8620020F498050099
:10B6A0004499050080B584B002AF234B1B68002B82
:10B6B00001D108233CE0FB1C21201946FFF7F4FCD4
:10B6C00078607B68002B0ED01C48ECF70FFD03461A
:10B6D0007A68009202201A491A4640F25913ECF790
:10B6E0004FFD7B6824E0FB7803F00103002B01D0C1
:10B6F00000231DE0FB7843F00103DBB2FB70FB7815
:10B7000021201946FFF720FD78607B68002B0ED0C2
:10B710000A48ECF7EBFC03467A68009202200849DD
:10B720001A4640F26313ECF72BFD7B6800E0002320
:10B7300018460837BD4680BDB8620020F498050061
:10B740004499050080B483B000AF78604FF0A04307
:10B7500018460C37BD465DF8047B704780B584B051
:10B7600000AF78603B1D1846FFF7ECFFF860F86803
:10B7700000F00AF802467B6822FA03F303F00103A3
:10B7800018461037BD4680BD80B483B000AF7860E6
:10B790007B68D3F8103518460C37BD465DF8047B3E
:10B7A000704700BF80B582B000AF78600B467B80E9
:10B7B000034B1B69002098470837BD4680BD00BF7A
:10B7C000BC62002080B584B000AF78600B46FB708F
:10B7D0000F4B5A687B689A4217D10D4B5B6818462D
:10B7E000FFF7BCFF0346002B0FD100200021094AC0
:10B7F000ECF77CFFF860FB68BB60BB68002B04D0F3
:10B80000B8685121044AEDF7E5FE1037BD4680BD0A
:10B81000BC620020A5B703009899050080B586B0EA
:10B8200002AF7860E6F742FE034683F00103DBB225
:10B83000002B13D0E6F7FAFDF860FB68002B0DD063
:10B840001B48ECF753FC0346FA68009202201949A2
:10B850001A465F23ECF794FCFB6825E00023BB72DB
:10B860000023FB7200237B7203233B7207F1080362
:10B8700078681946104AE6F72BFEF860FB68002B43
:10B880000DD00B48ECF732FC0346FA680092022018
:10B8900008491A466823ECF773FCFB6804E07868F3
:10B8A0000121E6F76FFE002318461037BD4680BD24
:10B8B00098990500E8990500C5B7030080B582B0E6
:10B8C00000AF78607868E6F7C5FE7868E6F7EAFECC
:10B8D0000837BD4680BD00BF80B588B002AF786034
:10B8E0007B68002B01D10E23DFE07B689B68002B77
:10B8F00001D10E23D9E07B68DB68002B01D10E2338
:10B90000D3E07B681B69002B01D10E23CDE07B685F
:10B910001A69684B1A617B681A78664B1A707B68E3
:10B920005A68644B5A607B689A68624B9A607B687D
:10B93000DA68604BDA605F4B00221A755D48FFF7EA
:10B9400073FC78617B69002B0DD05B48ECF7CEFB74
:10B9500003467A690092022058491A468C23ECF774
:10B960000FFC7B69A1E0FFF77FFC78617B69002B0E
:10B970000DD05148ECF7BAFB03467A6900920220D9
:10B980004E491A468F23ECF7FBFB7B698DE04C4850
:10B99000FFF760FD78617B69002B0DD04648ECF71E
:10B9A000A5FB03467A690092022044491A46922375
:10B9B000ECF7E6FB7B6978E04248FFF785FC7861AD
:10B9C0007B69002B0DD03C48ECF790FB03467A696D
:10B9D0000092022039491A469C23ECF7D1FB7B697F
:10B9E00063E007F113031846FFF702FD78617B69F6
:10B9F000002B0DD03048ECF779FB03467A690092B2
:10BA000002202E491A46A123ECF7BAFB7B694CE0D1
:10BA1000FB7C03F00303002B2DD007F11003184625
:10BA2000FFF794FD78617B69002B0DD02248ECF77D
:10BA30005DFB03467A690092022020491A46A92339
:10BA4000ECF79EFB7B6930E007F10E031846FFF729
:10BA5000D3FD78617B69002B0DD01748ECF746FBCE
:10BA600003467A690092022014491A46AB23ECF788
:10BA700087FB7B6919E0FB7C03F00303002BB0D14B
:10BA8000FFF7E2FB78617B69002B0DD00A48ECF7E9
:10BA90002DFB03467A690092022008491A46B12319
:10BAA000ECF76EFB7B6900E0002318461837BD46B3
:10BAB00080BD00BFBC62002098990500E899050090
:10BAC000D26200203C9A050080B584B002AF314BB1
:10BAD0001B7D002B01D0002358E02E4B01221A754C
:10BAE0002C48FFF7A1FB78607B68002B0DD02A481B
:10BAF000ECF7FCFA03467A680092022027491A46BE
:10BB0000CA23ECF73DFB7B6840E02548FFF7DCFBF0
:10BB100078607B68002B0DD01F48ECF7E7FA0346EE
:10BB20007A68009202201D491A46CD23ECF728FBC3
:10BB30007B682BE0FFF788FB78607B68002B0DD0DB
:10BB40001548ECF7D3FA03467A68009202201349AD
:10BB50001A46D023ECF714FB7B6817E00D4B5B68AB
:10BB60001846FFF75BFE78607B68002B0DD00A4813
:10BB7000ECF7BCFA03467A680092022007491A469D
:10BB8000D323ECF7FDFA7B6800E000231846083762
:10BB9000BD4680BDBC62002098990500E89905006B
:10BBA000409A050080B584B002AF2A4B1B7D83F01C
:10BBB0000103DBB2002B01D0002346E0254B00221D
:10BBC0001A75244B5B681846FFF778FE2148FFF78B
:10BBD0002BFB78607B68002B0DD01F48ECF786FAB2
:10BBE00003467A68009202201C491A46E723ECF7C4
:10BBF000C7FA7B6829E01A48FFF766FB78607B6824
:10BC0000002B0DD01448ECF771FA03467A680092C5
:10BC1000022012491A46F123ECF7B2FA7B6814E0CD
:10BC2000FFF712FB78607B68002B0DD00A48ECF719
:10BC30005DFA03467A680092022008491A46F42306
:10BC4000ECF79EFA7B6800E0002318460837BD46F3
:10BC500080BD00BFBC62002098990500E8990500EE
:10BC6000449A050080B58AB002AF4FF00003BB6173
:10BC70004FF000037B614D48FFF7D6FA38613B690E
:10BC8000002B0FD04A48ECF731FA03463A6900928C
:10BC9000022048491A4640F21513ECF771FA3B6945
:10BCA0009BB27EE0BB1D1846FFF750FC38613B6934
:10BCB000FB60FB68002B05D0F8684FF48C713C4AA0
:10BCC000EDF788FCFFF7C0FA38613B69BB60BB68E1
:10BCD000002B05D0B86840F21B11354AEDF77AFC0D
:10BCE000324BDB7D1A46314B9B7DD31A06EE903AE0
:10BCF000B8EEE67AF0EE007AC7EE277AC7ED067A5C
:10BD0000FB881AB2294B9B8B1BB2D31A07EE903AD1
:10BD1000B8EEE77AD7ED067A27EE277A234BDB8B4E
:10BD20001AB2224B9B8B1BB2D31A06EE903AF8EE56
:10BD3000E67AC7EE277AC7ED057A1C4B9B7D18463D
:10BD40001AF00AFB02460B46104619464FF0000255
:10BD50004FF080431AF090FC02460B4610461946FD
:10BD60001AF042FE0346BB6197ED067AD7ED057ADD
:10BD700077EE277AFDEEE77A17EE903AFB8364239D
:10BD8000B7F91E201BB29A4202DB6423FB8307E053
:10BD90000023B7F91E201BB29A4201DC0023FB836B
:10BDA000FB8B1BB218462037BD4680BDBC6200200D
:10BDB00098990500E899050080B58AB002AF4FF068
:10BDC0000003FB614FF00003BB614FF000037B6198
:10BDD0004748FFF729FA38613B69002B12D04548E4
:10BDE000ECF784F903463A690092022042491A4668
:10BDF0004FF49E73ECF7C4F93B6906EE903AF8EE07
:10BE0000667A6FE0BB1D1846FFF7F6FB38613B69A9
:10BE1000FB60FB68002B05D0F86840F23F11354A03
:10BE2000EDF7D8FBFFF710FA38613B69BB60BB68E0
:10BE3000002B05D0B8684FF4A1712E4AEDF7CAFB6C
:10BE40002B4B5B8B9BB21AB2294B1B8B9BB21BB249
:10BE5000D31A07EE903AB8EEE77AF2EE007AC7EE20
:10BE6000277AC7ED077AFB881AB2214B1B8C1BB2CD
:10BE7000D31A06EE903AB8EEE67AD7ED077A27EEB7
:10BE8000277A1B4B5B8C1AB2194B1B8C1BB2D31A33
:10BE900006EE903AF8EEE67AC7EE277AC7ED067A14
:10BEA000134B1B8B9BB21BB218461AF055FA024675
:10BEB0000B46104619464FF00002104B1AF0DCFBFF
:10BEC00002460B46104619461AF08EFD0346FB61EA
:10BED00097ED077AD7ED067A77EE277AC7ED057AE0
:10BEE000D7ED057AB0EE670A2037BD4680BD00BFAA
:10BEF000BC62002098990500E899050000002040E8
:10BF000080B584B002AF2248FFF78EF978607B6875
:10BF1000002B0ED01F48ECF7E9F803467A68009230
:10BF200002201D491A4640F25513ECF729F97B68A7
:10BF30002AE0FFF7B7FB78607B68002B0ED015482E
:10BF4000ECF7D4F803467A680092022012491A46A8
:10BF50004FF4AC73ECF714F97B6815E0FFF774F954
:10BF600078607B68002B0ED00A48ECF7BFF80346D8
:10BF70007A680092022008491A4640F25B13ECF7F7
:10BF8000FFF87B6800E0002318460837BD4680BDF7
:10BF9000BC62002098990500E899050080B584B03E
:10BFA00002AF144B1B689A68124B1B68DB68104683
:10BFB0001946002200230CF091FD78607B68002B6D
:10BFC0000DD00D48ECF792F803467A6800920220F3
:10BFD0000A491A464723ECF7D3F87B6806E0054B7D
:10BFE0001B689B681846E8F7CFFD00231846083702
:10BFF000BD4680BDE0620020489A0500989A050081
:10C0000080B500AF074B1B689B681846E8F7DAFD60
:10C01000044B1B689B681846E8F76EFD0023184622
:10C0200080BD00BFE062002080B586B002AF03464D
:10C030003960FB71214B1B689968204B1B681A788B
:10C04000FB1D01200090084611461A460123E9F71E
:10C05000BFF8F860FB68002B0DD01948ECF746F8E4
:10C060000346FA680092022016491A466D23ECF73F
:10C0700087F8FB681EE0114B1B689A680F4B1B6822
:10C080001B78104619463A680123E9F7CDF8F860A5
:10C09000FB68002B0DD00A48ECF728F80346FA6835
:10C0A0000092022007491A467323ECF769F8FB68EF
:10C0B00000E0002318461037BD4680BDE062002036
:10C0C000489A0500989A050080B586B002AF0246EE
:10C0D0000B46FA71BB71FB793B72BB797B72134BD8
:10C0E0001B689968114B1B681A7807F10803002038
:10C0F0000090084611461A460223E9F769F8F860ED
:10C10000FB68002B0DD00A48EBF7F0FF0346FA68F6
:10C110000092022007491A468C23ECF731F8FB689D
:10C1200000E0002318461037BD4680BDE0620020C5
:10C13000489A0500989A050080B582B000AF7860F3
:10C14000044B7A681A60FFF729FF03461846083740
:10C15000BD4680BDE062002080B582B000AFFFF731
:10C160004FFF7860034B00221A607B68184608373F
:10C17000BD4680BDE062002080B586B002AF786029
:10C18000134B1B68002B01D108231CE00F2079689A
:10C19000FFF74AFFF860FB68002B0DD00D48EBF766
:10C1A000A5FF0346FA68009202200B491A46AB230A
:10C1B000EBF7E6FFFB6806E07B681B78B12B01D14B
:10C1C000002300E0052318461037BD4680BD00BFA0
:10C1D000E0620020489A0500989A050080B586B074
:10C1E00002AF7860844B1B68002B01D10823FEE06E
:10C1F0007B68002B01D10E23F9E07B681B780B20B4
:10C200001946FFF761FFF860FB68002B0DD07B48F3
:10C21000EBF76CFF0346FA680092022078491A4651
:10C22000BC23EBF7ADFFFB68E1E07B685B881B0A92
:10C230009BB2DBB20D201946FFF746FFF860FB68A2
:10C24000002B0DD06D48EBF751FF0346FA680092C2
:10C2500002206B491A46BF23EBF792FFFB68C6E04A
:10C260007B685B88DBB20C201946FFF72DFFF86076
:10C27000FB68002B0DD06148EBF738FF0346FA68E6
:10C28000009202205E491A46C223EBF779FFFB6851
:10C29000ADE07B681B7903F07F03FB72FB7A102013
:10C2A0001946FFF711FFF860FB68002B0DD05348CB
:10C2B000EBF71CFF0346FA680092022050491A4629
:10C2C000C723EBF75DFFFB6891E07B685B7923F0A8
:10C2D0000203BB72BB7A11201946FFF7F5FEF86026
:10C2E000FB68002B0DD04548EBF700FF0346FA68CA
:10C2F0000092022042491A46CC23EBF741FFFB682B
:10C3000075E07B689B7912201946FFF7DDFEF86027
:10C31000FB68002B0DD03948EBF7E8FE0346FA68BE
:10C320000092022036491A46CF23EBF729FFFB681B
:10C330005DE07B68DB7914201946FFF7C5FEF860E5
:10C34000FB68002B0DD02D48EBF7D0FE0346FA68B2
:10C35000009202202A491A46D223EBF711FFFB680C
:10C3600045E007F109031A201946FFF75DFEF86062
:10C37000FB68002B0DD02148EBF7B8FE0346FA68A6
:10C38000009202201E491A46D523EBF7F9FEFB68FE
:10C390002DE07B7A03F00303DBB27B727B681B7AB0
:10C3A00003F00103002B05D07B7A43F00103DBB2DD
:10C3B0007B7204E07B7A23F00103DBB27B727B7A31
:10C3C0001A201946FFF780FEF860FB68002B0DD09D
:10C3D0000A48EBF78BFE0346FA68009202200849F0
:10C3E0001A46E423EBF7CCFEFB6800E00023184676
:10C3F0001037BD4680BD00BFE0620020489A0500AE
:10C40000989A050080B584B002AF234B1B68002BBF
:10C4100001D108233CE0FB1C11201946FFF704FE64
:10C4200078607B68002B0ED01C48EBF75FFE03465C
:10C430007A68009202201A491A464FF4CD73EBF73E
:10C440009FFE7B6824E0FB7803F00103002B01D002
:10C4500011231DE0FB7843F00103DBB2FB70FB7896
:10C4600011201946FFF730FE78607B68002B0ED054
:10C470000A48EBF73BFE03467A680092022008491F
:10C480001A464FF4D273EBF77BFE7B6800E0002383
:10C4900018460837BD4680BDE0620020489A050076
:10C4A000989A050080B586B002AF7860134B1B6880
:10C4B000002B01D108231CE07B68002B01D10E2347
:10C4C00017E027207968FFF7AFFDF860FB68002BC5
:10C4D0000ED00B48EBF70AFE0346FA6800920220E2
:10C4E00008491A464FF4E073EBF74AFEFB6800E098
:10C4F000002318461037BD4680BD00BFE062002013
:10C50000489A0500989A050080B586B002AF786019
:10C51000314B1B68002B01D1082359E07B68002BAD
:10C5200001D10E2354E007F10B0328201946FFF731
:10C530007BFDF860FB68002B0ED02848EBF7D6FD9A
:10C540000346FA680092022025491A4640F2DF139A
:10C55000EBF716FEFB683BE007F10A0329201946BA
:10C56000FFF762FDF860FB68002B0ED01B48EBF76D
:10C57000BDFD0346FA680092022019491A464FF49D
:10C58000F173EBF7FDFDFB6822E007F109032A20B8
:10C590001946FFF749FDF860FB68002B0ED00F48E5
:10C5A000EBF7A4FD0346FA68009202200C491A46F4
:10C5B00040F2E513EBF7E4FDFB6809E07B7A1A042F
:10C5C000BB7A1B021A44FB7A1A447B681A60002368
:10C5D00018461037BD4680BDE0620020489A05002D
:10C5E000989A050080B586B002AF7860244B1B682E
:10C5F000002B01D108233FE07B68002B01D10E23E3
:10C600003AE007F10B032B201946FFF70DFDF86008
:10C61000FB68002B0ED01B48EBF768FD0346FA6859
:10C620000092022018491A4640F2F713EBF7A8FDD2
:10C63000FB6821E007F10A032C201946FFF7F4FC00
:10C64000F860FB68002B0ED00E48EBF74FFD034659
:10C65000FA68009202200C491A464FF4FD73EBF77A
:10C660008FFDFB6808E0BB7A1B029AB2FB7A134489
:10C670009AB27B681A80002318461037BD4680BDE9
:10C68000E0620020489A0500989A050080B586B0BF
:10C6900002AF0346FB71264B1B68002B01D1082318
:10C6A00042E007F10A0310201946FFF7BDFCF860CD
:10C6B000FB68002B0ED01F48EBF718FD0346FA6805
:10C6C000009202201C491A4640F20B23EBF758FD5A
:10C6D000FB6829E0BB7AFB72FB7A23F07003FB72E4
:10C6E000FB791B01DAB2FB7A1343DBB2FB72BB7A34
:10C6F000FA7A9A4217D0BB7A10201946FFF7E4FC69
:10C70000F860FB68002B0ED00A48EBF7EFFC0346FD
:10C71000FA680092022008491A4640F21523EBF706
:10C720002FFDFB6800E0002318461037BD4680BD92
:10C73000E0620020489A0500989A050080B483B012
:10C7400000AF78604FF0A04318460C37BD465DF847
:10C75000047B704780B584B000AF7860F970BA7020
:10C760007B703B1D1846FFF7E9FFF8607A68F9789F
:10C77000BB785B0019437B789B0019433B7E1B020F
:10C7800019433B7F1B041943FB6802F5E07243F831
:10C7900022101037BD4680BD80B584B002AF7860EE
:10C7A0000B46FB70FB780022009200220192786811
:10C7B00000210022FFF7CEFF0837BD4680BD00BF35
:10C7C00080B582B000AF19200021FFF7E5FF0920F6
:10C7D000FBF74CFE78607B683B603B68002B04D025
:10C7E00038685221024AECF7F5FE0837BD4680BD95
:10C7F000EC9A050080B582B000AF0920FBF78CFEF3
:10C80000786019200121FFF7C7FF7B683B603B6818
:10C81000002B04D038686621024AECF7DBFE0837AB
:10C82000BD4680BDEC9A050080B5AAB000AF786027
:10C830000B467B807B681B68C7F8A4307B68002BA5
:10C840000CBF00230123DBB2C7F8A030D7F8A0301B
:10C85000002B04D1002071211F4AECF7BBFE7B881E
:10C86000002B0CBF00230123DBB2C7F89C30D7F8A4
:10C870009C30002B04D100207221174AECF7AAFE4D
:10C88000D7F8A430C7F8983007F10B031846ECF737
:10C89000A7FF07F10C03D7F898001946F4F730FC0E
:10C8A000D7F8A430012283F80222FB7A1846ECF76D
:10C8B000A1FF0A4B1B6807F10C0210469847C7F806
:10C8C0009400D7F89430002B03D002200449EBF7F2
:10C8D00019FCA837BD4680BDEC9A0500E86200202F
:10C8E000389B050080B588B000AF78600B467B8030
:10C8F0000023FB610023BB614FE03849BA6913464E
:10C90000DB0113449B000B4403F500739B78002B61
:10C9100040D03249BA691346DB0113449B000B44F3
:10C9200003F5007300229A702C49BA691346DB01A3
:10C9300013449B000B4403F500737A881A8000238C
:10C940007B6112E07B695B007A6813441888234995
:10C95000BA691346DB0113445B007A69134402464B
:10C9600021F813207B6901337B617A887B699A42C5
:10C97000E8D8BA691346DB0113449B00174A1344F5
:10C98000FB61BA691346DB0113449B00134A13444D
:10C99000BB6005E0BB690133BB61BB69052BACD94A
:10C9A000FB69002B13D007F10803184604210C4A39
:10C9B000EBF79CFE38613B69FB60FB68002B05D000
:10C9C000F868AC21074AECF705FE04E003E002201A
:10C9D0000549EBF797FB2037BD4680BDEC62002090
:10C9E00029C80300EC9A0500849B050080B582B03D
:10C9F00000AF0B4B1B78002B01D000230BE0FFF79F
:10CA0000DFFEF4F799FB78607B68002B02D1044BC2
:10CA100001221A707B6818460837BD4680BD00BFEA
:10CA2000E462002080B582B000AF0C4B1B7883F02D
:10CA30000103DBB2002B01D000230BE0F4F788FBED
:10CA400078607B68002B02D1044B00221A70FFF73C
:10CA5000D1FE7B6818460837BD4680BDE4620020E1
:10CA600080B586B002AF78601C4B00221A701C4B58
:10CA70007A681A600023FB600DE01A49FA681346D1
:10CA8000DB0113449B000B4403F5007301229A70F1
:10CA9000FB680133FB60FB68052BEED90920FBF72F
:10CAA00091FCB860BB68002B0DD00F48EBF71EFB64
:10CAB0000346BA68009202200C491A46F023EBF7AD
:10CAC0005FFBBB6805E0FFF795FE0948F4F766FBDE
:10CAD000034618461037BD4680BD00BFE462002003
:10CAE000E8620020EC620020EC9A0500CC9B050077
:10CAF000E5C8030080B485B000AF7860254BFB60CB
:10CB00007B68002B40D0244B1A68F9687B6800BF13
:10CB100000BF00BF00BF00BF00BF00BF00BF8A4210
:10CB20002FD000BF00BF00BF00BF00BF00BF00BFCD
:10CB300000BF00BF00BF00BF00BF00BF00BF00BFFD
:10CB400000BF00BF00BF00BF00BF00BF00BF00BFED
:10CB500000BF00BF00BF00BF00BF00BF00BF00BFDD
:10CB600000BF00BF00BF00BF00BF00BF00BF00BFCD
:10CB700000BF00BF00BF00BF00BF00BF00BF00BFBD
:10CB800000BF013BC3D17B601437BD465DF8047B19
:10CB9000704700BF0024F400D042002080B582B06E
:10CBA00000AF78607B684FF47A7202FB03F318469B
:10CBB000FFF7A0FF0837BD4680BD00BF80B58CB031
:10CBC00000AF07F1180318460021F2F73DFA07F10C
:10CBD0000C0318460021F2F71BFA3B461846F2F701
:10CBE0000FF9F2F737FEF862F2F712FEB862F2F7C9
:10CBF0001BFE78623037BD4680BD00BF80B594B063
:10CC000000AFAB4B9B6803F00703002B70D00023F1
:10CC100087F84F30A64B9B6803F00103002B17D019
:10CC200007F1200107F1470207F1480308461146C2
:10CC30001A46F1F793FB0346002B03D0012387F834
:10CC40004F3005E000233B6200237B620023BB6280
:10CC5000974B9B6803F00203002B19D007F12003C8
:10CC600003F10C0107F1470207F14803084611469A
:10CC70001A46F1F78DFB0346002B03D0012387F8FA
:10CC80004F3005E00023FB6200233B6300237B63FE
:10CC9000874B9B6803F00403002B19D007F1200396
:10CCA00003F1180107F1470207F14803084611464E
:10CCB0001A46F1F787FB0346002B03D0012387F8C0
:10CCC0004F3005E00023BB630023FB6300233B647C
:10CCD00097F84F30002B0BD00023FB77744BDB68A9
:10CCE00007F11F0107F12002084611462422984748
:10CCF0006F4B9B6803F00803002B19D007F120014C
:10CD000007F1470207F14803084611461A46F1F7B2
:10CD100073FB0346002B0BD00123FB77644BDB68CE
:10CD200007F11F0107F1200208461146102298471B
:10CD30005F4B9B6803F01003002B19D007F1200113
:10CD400007F1470207F14803084611461A46F1F772
:10CD5000F3FB0346002B0BD00223FB77544BDB681D
:10CD600007F11F0107F12002084611460C229847DF
:10CD70004F4B9B6803F02003002B19D007F12001D3
:10CD800007F1470207F14803084611461A46F1F732
:10CD900055FD0346002B0BD00323FB77444BDB6888
:10CDA00007F11F0107F12002084611462422984787
:10CDB0003F4B9B6803F04003002B1ED007F120017E
:10CDC00007F1470207F14803084611461A46F1F7F2
:10CDD0002FFB0346002B10D00423FB774FF0B472D7
:10CDE0003B6AD31ABB61324BDB6807F11F0107F1C5
:10CDF000180208461146042298472D4B9B6803F001
:10CE00008003002B19D007F10C0107F1470207F14D
:10CE10004803084611461A46F2F7D2FD0346002B96
:10CE20000BD00523FB77224BDB6807F11F0107F1CD
:10CE30000C02084611460C2298471D4B9B6803F4D0
:10CE40008063002B31D01A4B9B7C002B2DD000230C
:10CE50007B600023BB60164B00229A743B1D184672
:10CE6000F0F722FE3B1D04331846F0F747FE7B68BF
:10CE7000002B1AD07A680F4B1B689A4204D1BA680B
:10CE80000C4B5B689A4210D00823FB77084BDB6899
:10CE900007F11F013A1D08461146082298477A6893
:10CEA000044B1A60BA68034B5A605037BD4680BDC8
:10CEB000046F0020846F002090B5A9B002AF7860A5
:10CEC0000B467B800023C7F89030002387F897300B
:10CED000944B1B78002B21D007F1840207F18C03BF
:10CEE00010461946EEF760FEB7F884301BB2BB67F8
:10CEF000B7F886301BB2FB67B7F888301BB2C7F8AB
:10CF00008030D7F88C3007F17802104600211A469D
:10CF1000F2F7B6F80123C7F89030CCE0814BDB780C
:10CF2000002B72D007F1700007F1680107F1480289
:10CF300007F18C0307F16604009407F1650401947E
:10CF4000F0F7FAFF97F86530002B02D0012387F83D
:10CF50009730B7F866309BB203F07003002B20D0F7
:10CF6000D7F88C3007F1700210461946F2F7EAF84C
:10CF70000123C7F890306B4B1B7C002B11D0694B01
:10CF800000221A7407F1440207F18C031046194677
:10CF9000EEF752FE7A6CD7F88C3010461946F2F74D
:10CFA00069F9B7F866309BB203F00803002B17D07D
:10CFB000B7F868301BB2BB65B7F86A301BB2FB65C7
:10CFC000B7F86C301BB23B66D7F88C3007F15802CB
:10CFD000104600211A46F2F753F80123C7F89030A3
:10CFE000B7F866309BB203F48073002B0CD0D7F8EF
:10CFF0008C3007F14802104600211A46F2F75EF91C
:10D000000123C7F8903056E055E007F13C0007F1E6
:10D01000340107F18C0207F1330307F13204009465
:10D02000EFF704FB97F83230002B02D0012387F88A
:10D03000973097F8333003F07003002B20D0D7F8E7
:10D040008C3007F13C0210461946F2F77BF80123B9
:10D05000C7F89030334B1B7C002B11D0314B002292
:10D060001A7407F1200207F18C0310461946EEF7F7
:10D07000E3FD3A6AD7F88C3010461946F2F7FAF811
:10D0800097F8333003F00803002B14D0BB8E1BB28B
:10D090007B62FB8E1BB2BB623B8F1BB2FB62D7F87D
:10D0A0008C3007F12402104600211A46F1F7E8FF00
:10D0B0000123C7F890301B4B5B7C002B22D0194B0F
:10D0C00000225A7407F1180207F18C031046194622
:10D0D000F0F7BCF80346002B11D13B8B1BB2FB6071
:10D0E0007B8B1BB23B61BB8B1BB27B61D7F88C3057
:10D0F00007F10C02104600211A46F2F749F8012305
:10D10000C7F89030D7F89030002B03D0F2F7F2F93F
:10D11000FFF774FD97F89730002B7FF4D3AE9C3760
:10D12000BD4690BD046F002080B500AF00200021F7
:10D13000FFF7C2FE80BD00BF80B584B000AF0246DD
:10D140000B46FA71BB710C4B9B6803F48073002B88
:10D150000FD00623FB73FB793B73BB797B73064BC4
:10D16000DB6807F10F0107F10C02084611460222A5
:10D1700098471037BD4680BD046F002080B584B04D
:10D1800000AF0346FB710A4B9B6803F40073002B4E
:10D190000AD00723FB73064BDB6807F10F01FA1D6A
:10D1A00008461146012298471037BD4680BD00BF92
:10D1B000046F002080B584B002AF854B3B603B46D6
:10D1C0001846EEF77DFB78607B68002B0ED0814817
:10D1D000EAF78CFF03467A68009202207E491A46DD
:10D1E00040F22F23EAF7CCFF7B68EDE0F3F790FBEA
:10D1F00078607B68002B0ED07648EAF777FF03460D
:10D200007A680092022074491A4640F23223EAF703
:10D21000B7FF7B68D8E00CF061FB78607B68002B7F
:10D220000ED06C48EAF762FF03467A68009202204B
:10D2300069491A4640F23723EAF7A2FF7B68C3E048
:10D2400011F04EFE78607B68002B0ED06148EAF743
:10D250004DFF03467A68009202205F491A4640F269
:10D260003B23EAF78DFF7B68AEE00FF0CFFF7860DD
:10D270007B68002B0ED05748EAF738FF03467A68E0
:10D280000092022054491A4640F23E23EAF778FF02
:10D290007B6899E00FF006FC78607B68002B0ED06D
:10D2A0004C48EAF723FF03467A68009202204A4975
:10D2B0001A4640F24223EAF763FF7B6884E010F0ED
:10D2C00057FA78607B68002B0ED04248EAF70EFFD1
:10D2D00003467A68009202203F491A4640F24623EC
:10D2E000EAF74EFF7B686FE03C480121F1F79AFDB9
:10D2F000FFF764FC0EF012FD78607B68002B0ED007
:10D300003448EAF7F3FE03467A6800920220324975
:10D310001A4640F25323EAF733FF7B6854E010F0DB
:10D32000BFFD78607B68002B0ED02A48EAF7DEFE4E
:10D3300003467A680092022027491A4640F2562393
:10D34000EAF71EFF7B683FE0F1F762FB78607B68DD
:10D35000002B0ED01F48EAF7C9FE03467A680092F8
:10D3600002201D491A4640F25A23EAF709FF7B685A
:10D370002AE010F02FFD78607B68002B0ED0154856
:10D38000EAF7B4FE03467A680092022012491A4670
:10D3900040F25D23EAF7F4FE7B6815E0F3F7FAFA52
:10D3A00078607B68002B0ED00A48EAF79FFE0346A0
:10D3B0007A680092022008491A464FF41873EAF777
:10D3C000DFFE7B6800E0002318460837BD4680BDBD
:10D3D00029D103002C9C05007C9C0500D09C0500F5
:10D3E00080B586B002AF804B9B781846EFF736F8D1
:10D3F000F860FB68002B0ED07C48EAF777FE034606
:10D40000FA68009202207A491A4640F26F23EAF73E
:10D41000B7FEFB68E3E0744B9B781846EEF7CCFF51
:10D42000F860FB68002B0ED07048EAF75FFE0346F9
:10D43000FA68009202206E491A4640F27323EAF716
:10D440009FFEFB68CBE0684B5B8B1846EEF702FF54
:10D45000F860FB68002B0ED06448EAF747FE0346ED
:10D46000FA680092022062491A4640F27623EAF7EF
:10D4700087FEFB68B3E05C4B1B8B4FF47A72B2FB08
:10D48000F3F39BB21846EEF755FFF860FB68002BEC
:10D490000ED05648EAF72AFE0346FA6800920220A8
:10D4A00053491A4640F27B23EAF76AFEFB6896E08E
:10D4B00007F108031846EEF7B3FEF860FB68002B8F
:10D4C0000ED04A48EAF712FE0346FA68009202209C
:10D4D00047491A4640F27F23EAF752FEFB687EE096
:10D4E000BB1D1846EEF720FDF860FB68002B0ED040
:10D4F0003E48EAF7FBFD0346FA68009202203C49E9
:10D500001A4640F28223EAF73BFEFB6867E007F128
:10D510000B031846EEF790FDF860FB68002B0ED069
:10D520003248EAF7E3FD0346FA68009202203049E8
:10D530001A4640F28523EAF723FEFB684FE03B1DC5
:10D540001846EFF709FFF860FB68002B0ED027485C
:10D55000EAF7CCFD0346FA680092022024491A46F5
:10D560004FF42273EAF70CFEFB6838E03B89214A4E
:10D5700092FBF3F31846F1F7E1FA3B891D4A92FB5F
:10D58000F3F31846F1F700FB174B1B8B4FF47A723D
:10D5900002FB03F31846F1F71FFB1748F3F7E2F815
:10D5A00003461A46FB88DB0310461946F1F7B6FA24
:10D5B0001248F3F7D7F803461A46FB7ADB03104606
:10D5C0001946F1F7B3FB0E48F3F7CCF803461A46B9
:10D5D000BB88DB0310461946F1F7B8FB0023184659
:10D5E0001037BD4680BD00BF046F00202C9C050095
:10D5F0007C9C050040420F001C430020104300208B
:10D600002843002080B584B002AFEFF7CBFE7860EE
:10D610007B68002B0ED05248EAF768FD03467A6813
:10D62000009202204F491A4640F2A923EAF7A8FDCA
:10D630007B6890E04C48F3F795F803461846EFF7FF
:10D64000C1FE78607B68002B0ED04548EAF74EFD9E
:10D6500003467A680092022042491A4640F2AD23FE
:10D66000EAF78EFD7B6876E04048F0F7D1FD786000
:10D670007B68002B0ED03A48EAF738FD03467A68FB
:10D680000092022037491A464FF42C73EAF778FDCE
:10D690007B6860E03648F0F7CBFD78607B68002B54
:10D6A0000ED02F48EAF722FD03467A680092022046
:10D6B0002C491A4640F2B323EAF762FD7B684AE040
:10D6C0002C4B40F273129A802A4B9B881846F0F735
:10D6D00043FA78607B68002B0ED02148EAF706FDFC
:10D6E00003467A68009202201E491A4640F2B92386
:10D6F000EAF746FD7B682EE01E4B5B8B1846EFF782
:10D7000049FF78607B68002B0ED01548EAF7EEFCE5
:10D7100003467A680092022012491A464FF42F738A
:10D72000EAF72EFD7B6816E00120EFF7E1FB786059
:10D730007B68002B0ED00A48EAF7D8FC03467A68CB
:10D740000092022007491A4640F2BF23EAF718FD6B
:10D750007B6800E0002318460837BD4680BD00BF47
:10D760002C9C05007C9C05001C43002039D1030043
:10D770007DD10300046F002080B586B002AF034660
:10D78000FB71FB79002B15D00820FAF76FFEF860CB
:10D79000FB68002B24D01548EAF7A8FC0346FA687A
:10D7A0000092022012491A464FF43573EAF7E8FC5A
:10D7B000FB6816E00820FAF7AFFEF860FB68002B64
:10D7C0000ED00A48EAF792FC0346FA68009202205B
:10D7D00007491A4640F2E123EAF7D2FCFB6800E071
:10D7E000002318461037BD4680BD00BF2C9C0500A5
:10D7F0007C9C050080B483B000AF7860034B0122AD
:10D800001A740C37BD465DF8047B7047046F002026
:10D8100080B483B000AF7860034B01225A740C3798
:10D82000BD465DF8047B7047046F002080B483B070
:10D8300000AF7860034B01229A740C37BD465DF847
:10D84000047B7047046F00202DE9F04F87B002AFD2
:10D8500078607B6823F47F6323F00F03002B02D1F1
:10D860007B68002B01D1072306E1864B9A687B6811
:10D870001A43844B9A60834B9B7843F07903DAB266
:10D88000804B9A707F4B5B7883F00103DBB2002BF7
:10D8900000F0F1807B4B01225A700120FFF76CFFF2
:10D8A000F860FB68BB60BB68002B05D0B8684FF41C
:10D8B0004571754AEBF78EFE1420FFF76FF9714B37
:10D8C0000122DA70FFF776FCF860FB68002B0ED0BF
:10D8D0006D48EAF70BFC0346FA68009202206B4998
:10D8E0001A4640F21A33EAF74BFCFB68C4E0FFF734
:10D8F00077FDF860FB68002B0ED06348EAF7F6FB73
:10D900000346FA680092022060491A464FF44773B2
:10D91000EAF736FCFB68AFE0FFF774FEF860FB68DF
:10D92000002B0ED05848EAF7E1FB0346FA68009254
:10D93000022056491A4640F21E33EAF721FCFB68E2
:10D940009AE0012000F060FC514E4E4BDB8A9AB207
:10D950004FF000034FEAC33B4BEA524B4FEAC23A47
:10D960001AF5FA724BF10003104619464FF47A7219
:10D970004FF0000319F0B2F902460B461346304649
:10D9800019460022EBF7C6FDF860FB68002B0ED0AD
:10D990003D48EAF7ABFB0346FA68009202203B4998
:10D9A0001A4640F22533EAF7EBFBFB6864E0394E98
:10D9B000344B1B8B9AB24FF000034FEAC33949EA4C
:10D9C00052494FEAC23818F5FA7249F1000310467D
:10D9D00019464FF47A724FF0000319F07FF90246AE
:10D9E0000B461346304619460022EBF793FDF860CC
:10D9F000FB68002B0ED02448EAF778FB0346FA6850
:10DA00000092022021491A4640F22A33EAF7B8FB75
:10DA1000FB6831E0204E1B4B9B8A9AB24FF000030B
:10DA2000DD0345EA5245D40314F5FA7245F10003CB
:10DA3000104619464FF47A724FF0000319F04EF970
:10DA400002460B461346304619460022EBF762FDAC
:10DA5000F860FB68002B0ED00B48EAF747FB034643
:10DA6000FA680092022009491A4640F22F33EAF779
:10DA700087FBFB6800E0002318461437BD46BDE86D
:10DA8000F08F00BF046F00202C9C05007C9C0500DB
:10DA9000246F0020446F0020646F002080B586B0A2
:10DAA00002AF78607B6823F47F6323F00F03002BC1
:10DAB00002D17B68002B01D107236CE0384B9A68B8
:10DAC0007B68DB431A40364B9A60354B9B68002BD2
:10DAD00060D1002000F098FB0020FFF74DFEF860B9
:10DAE000FB68002B0ED02F48EAF700FB0346FA68CC
:10DAF000009202202C491A464FF45273EAF740FB79
:10DB0000FB6848E0264B00225A70284B1846EBF77A
:10DB100035FDF860FB68002B0ED02248EAF7E6FAE4
:10DB20000346FA68009202201F491A4640F24D331C
:10DB3000EAF726FBFB682EE01D4B1846EBF71EFDAF
:10DB4000F860FB68002B0ED01648EAF7CFFA0346C0
:10DB5000FA680092022014491A4640F24F33EAF75D
:10DB60000FFBFB6817E0134B1846EBF707FDF86057
:10DB7000FB68002B0ED00B48EAF7B8FA0346FA68A8
:10DB80000092022008491A4640F25133EAF7F8FAA7
:10DB9000FB6800E0002318461037BD4680BD00BF7B
:10DBA000046F00202C9C05007C9C0500246F002045
:10DBB000446F0020646F002080B586B000AF7860AD
:10DBC0007B68002B01D10E232FE07B681A88194B4C
:10DBD0009A827B685A88174BDA827B689A88154B41
:10DBE0001A837B68DA88134B5A837B681A7A114B45
:10DBF0001A77104B5B78002B16D00E4B9B687B611D
:10DC00007869FFF74BFF38613B69FB60FB68002BCD
:10DC100005D0F86840F26931074AEBF7DBFC786918
:10DC2000FFF712FE034600E0002318461837BD46F2
:10DC300080BD00BF046F00202C9C050080B582B021
:10DC400000AF0346FB71FB791846F8F7CDFB03469E
:10DC500018460837BD4680BD80B58EB002AFF8606B
:10DC6000B9607A60FB68002B01D10E23FBE0BB6832
:10DC7000002B01D10E23F6E0BB681B68002B01D1FD
:10DC80000E23F0E07B68002B01D10E23EBE07B68D4
:10DC90001B68002B01D10E23E5E07B681B68BB618C
:10DCA0007B685B68FB6119233B750C2387F8203088
:10DCB000BB681B687B62BB685B68BB626C4BFA68C5
:10DCC000DA606B4B00229A60694B00229A70684BB5
:10DCD00000229A80664B0022DA70654B00225A704F
:10DCE000634B00221A70624B00221A74604B0022B0
:10DCF0005A745F4B00229A745D4B4FF47A729A8289
:10DD00005B4B4FF4FA72DA82594B4FF4FA721A8372
:10DD1000574B0A225A83564B01221A7707F11403F4
:10DD20001846F8F761FCF862FB6A002B0ED05148E8
:10DD3000EAF7DCF90346FA6A009202204E491A46D5
:10DD40004FF46873EAF71CFAFB6A8CE007F12403CE
:10DD5000184600F0A9FAF862FB6A002B0ED045487D
:10DD6000EAF7C4F90346FA6A0092022042491A46C9
:10DD700040F2A333EAF704FAFB6A74E00820FAF7EA
:10DD800021FBF862FB6A002B0ED03A48EAF7AEF9A5
:10DD90000346FA6A0092022037491A4640F2A73336
:10DDA000EAF7EEF9FB6A5EE00020FFF7E5FCF862B7
:10DDB000FB6A002B0ED02F48EAF798F90346FA6A5F
:10DDC000009202202C491A4640F2AA33EAF7D8F909
:10DDD000FB6A48E029480121294AEBF767FBF86212
:10DDE000FB6A002B0ED02348EAF780F90346FA6A53
:10DDF0000092022020491A4640F2AE33EAF7C0F9F9
:10DE0000FB6A30E01F4801211F4AEBF74FFBF86225
:10DE1000FB6A002B0ED01748EAF768F90346FA6A46
:10DE20000092022014491A4640F2B133EAF7A8F9E9
:10DE3000FB6A18E015480121154AEBF737FBF86239
:10DE4000FB6A002B0ED00B48EAF750F90346FA6A3A
:10DE50000092022008491A464FF46D73EAF790F9D0
:10DE6000FB6A00E0002318463037BD4680BD00BF86
:10DE7000046F00202C9C05007C9C0500DC9C0500A8
:10DE8000F5D70300E09C050011D80300E49C0500D1
:10DE90002DD8030080B483B000AF78604FF0A0436A
:10DEA00018460C37BD465DF8047B704780B584B0DA
:10DEB00000AF78603B1D1846FFF7ECFFF860F8688C
:10DEC00000F00AF802467B6822FA03F303F001032C
:10DED00018461037BD4680BD80B483B000AF78606F
:10DEE0007B68D3F8103518460C37BD465DF8047BC7
:10DEF000704700BF80B582B000AF78600B467B8072
:10DF000007E0094B9B689847074B1B695A1E064B55
:10DF10001A61054B1B69002B03D0034B9B7B002B25
:10DF2000EFD10837BD4680BD8C6F002080B584B02E
:10DF300000AF78600B46FB707B68062B2CD1062067
:10DF4000FFF7B4FF0346002B26D1154B5B7B002B5C
:10DF500022D0134B9B7B002B1ED0114B1B69002B37
:10DF600005D00F4B1B695A1C0D4B1A6114E00C4B6A
:10DF70001B695A1C0A4B1A6100200021094AEAF762
:10DF8000B5FBF860FB68BB60BB68002B04D0B868C9
:10DF90005E21054AEBF71EFB1037BD4680BD00BF72
:10DFA0008C6F0020F5DE0300E89C050080B582B090
:10DFB00000AF0F4B1A680E4B5B68104619460022E3
:10DFC00000230AF08BFD78607B683B603B68002B88
:10DFD00004D038686E21074AEBF7FCFA044B1B6843
:10DFE0001846E6F7D1FD002318460837BD4680BD28
:10DFF0008C6F0020E89C050080B500AF064B1B68C5
:10E000001846E6F7DFFD044B1B681846E6F774FD7B
:10E010000023184680BD00BF8C6F00202DE9F0431F
:10E020008BB002AF3B600346FB710B46BB711346DE
:10E030007B716B461E467B79591C4B1EFB610B4660
:10E040001A464FF000034FEAC30949EA52794FEAF2
:10E05000C2080B461A464FF00003DD0045EA527530
:10E06000D4000B460733DB08DB00ADEB030D02AB3E
:10E070000033BB61BB69BA791A70BB695A1C7B79E2
:10E08000104639681A4611F072FAFFF78FFF78616F
:10E090007B693B613B69002B04D038698B21154AB1
:10E0A000EBF798FA144B1868BA697B790133DBB245
:10E0B000F97900240094E7F78BF878617B69002BED
:10E0C00003D001200D49EAF71DF8FFF795FF7861AD
:10E0D0007B69FB60FB68002B04D0F8689821054A37
:10E0E000EBF778FA0023B54618462437BD46BDE85D
:10E0F000F08300BFE89C05008C6F0020389D050070
:10E1000080B588B002AF3B600346FB710B46BB7124
:10E1100013467B71FFF74AFF78617B693B613B697E
:10E12000002B04D03869A3211C4AEBF753FA1C4B8F
:10E130001968FA79BB1D01200090084611461A465D
:10E140000123E7F745F878617B69002B03D00120B4
:10E150001449E9F7D7FF124B1968FA797B79084619
:10E1600011463A68E7F760F878617B69002B03D0C5
:10E1700001200C49E9F7C6FFFFF73EFF78617B6994
:10E18000FB60FB68002B04D0F868B921034AEBF769
:10E1900021FA002318461837BD4680BDE89C0500CB
:10E1A0008C6F0020709D050080B584B000AF786052
:10E1B000EBF708FAF860FB684FF47A7202FB03F39E
:10E1C000DA0B7B681A60002318461037BD4680BD05
:10E1D00080B483B000AF78600A4B5B7B83F00103AF
:10E1E000DBB2002B06D0074B01225A737B681A68FA
:10E1F000044B9A60002318460C37BD465DF8047B3B
:10E20000704700BF8C6F002080B586B000AF03461A
:10E21000FB71224BFA799A73FB79002B33D0E4F728
:10E2200045F9034683F00103DBB2002B0CD0E4F781
:10E23000FDF878617B693B613B69002B04D038694C
:10E24000E321174AEBF7C6F90023BB720023FB72E8
:10E2500003237B7203233B7207F108030620194650
:10E26000104AE4F735F978617B69FB60FB68002BA5
:10E2700004D0F868EC210A4AEBF7ACF9062001213A
:10E28000E4F780F905E00620E4F7E4F90620E4F776
:10E2900009FA002318461837BD4680BD8C6F002050
:10E2A000E89C05002DDF030080B483B000AF7860E8
:10E2B0007B68002B01D10E2311E07B685A680B4B61
:10E2C0005A607B681A68094B1A60084B01221A735E
:10E2D000064B00229A73054B00221A610023184650
:10E2E0000C37BD465DF8047B704700BF8C6F002083
:10E2F00080B584B000AFF8607A603B600B46FB727B
:10E30000FB7A012B02D0022B05D009E0032006493D
:10E31000E9F7F8FE04E003200449E9F7F3FE00BF43
:10E320001037BD4680BD00BFA89D0500D09D0500EB
:10E3300080B586B002AF78600B46FB707B68002B1F
:10E3400001D10E233EE0FB78F72B01D9092339E0F8
:10E35000FA781E4B1A601D4B1B681D4879681A46D7
:10E3600011F005F9194B1B681948194610F0D0FF38
:10E37000F860FB68002B0DD01648E9F7B7FE03469E
:10E38000FA680092022014491A466823E9F7F8FE59
:10E39000FB6817E0FB78002B13D011F063F8F860EE
:10E3A000FB68002B0DD00B48E9F7A0FE0346FA6886
:10E3B0000092022008491A466F23E9F7E1FEFB6844
:10E3C00000E0002318461037BD4680BD40430020C2
:10E3D000A06F0020FC9D0500489E050080B582B01E
:10E3E00000AF786039607B68002B02D03B68002B5F
:10E3F00001D10E2315E03B681B781A460B4B1B68B6
:10E400009A4201D204230CE0084B1B687868084943
:10E410001A4611F0ACF8054B1B68DAB23B681A706B
:10E42000002318460837BD4680BD00BF404300208A
:10E43000A06F002080B586B002AF78600B46FB70FD
:10E44000FB78012B01D8092339E01F4B1B7883F09F
:10E450000103DBB2002B01D0082330E0FB78013B45
:10E46000FB707B68002B01D10E2328E0FA78174B54
:10E4700000211970154B16495960144B022119726D
:10E48000124B7968D960114B1A6112481249EBF7A7
:10E4900055FBF860FB68002B0DD01048E9F726FE0D
:10E4A0000346FA68009202200D491A46A623E9F7AE
:10E4B00067FEFB6803E00B4B01221A70002318462D
:10E4C0001037BD4680BD00BFA0700020B070002096
:10E4D000149F05003443002044430020FC9D0500A8
:10E4E000489E0500A170002080B588B002AF0346A9
:10E4F000B9607A60FB737B68012B01D8092332E095
:10E500001B4B1B7883F00103DBB2002B01D00823E7
:10E5100029E07B68013B7B60BB68002B01D10E23A7
:10E5200021E07B68DBB20120B9681A46EBF7D4FC26
:10E53000786110487969EBF701FB38613B69002B82
:10E540000DD00D48E9F7D2FD03463A69009202204A
:10E550000A491A46C723E9F713FE3B6903E0084B53
:10E5600001221A70002318461837BD4680BD00BF2F
:10E57000A070002034430020FC9D0500489E05004B
:10E58000A170002080B586B002AF786039603B682A
:10E59000012B01D8092331E01A4B1B7883F00103CA
:10E5A000DBB2002B01D0082328E03B68013B3B6035
:10E5B0007B68002B01D10E2320E03B68DBB278683A
:10E5C0001946EBF7D1FBF8600F48F968EBF7B6FA9C
:10E5D000B860BB68002B0DD00C48E9F787FD0346F7
:10E5E000BA68009202200A491A46E723E9F7C8FDF3
:10E5F000BB6803E0074B01221A700023184610374E
:10E60000BD4680BDA070002034430020FC9D050065
:10E61000489E0500A170002080B584B002AF344B45
:10E620001B7883F00103DBB2002B06D1314B1B7842
:10E6300083F00103DBB2002B01D0082353E02E4B03
:10E640001B6803202D491A46E9F76CFD2C482D491B
:10E65000294AEBF70FFA78607B68002B0DD02A4827
:10E66000E9F744FD03467A680092022027491A46DA
:10E67000FD23E9F785FD7B6835E01F4B1B68032010
:10E6800023491A46E9F74EFD1B4B1B681D481946E6
:10E6900010F03EFE78607B68002B0ED01A48E9F738
:10E6A00025FD03467A680092022018491A4640F276
:10E6B0000313E9F765FD7B6815E010F0D3FE786081
:10E6C0007B68002B0ED01048E9F710FD03467A68EE
:10E6D000009202200D491A4640F20713E9F750FD57
:10E6E0007B6800E0002318460837BD4680BD00BFA8
:10E6F000A0700020A1700020404300209C9E0500D7
:10E7000034430020A06F0020FC9D0500489E0500BA
:10E71000D89E050080B584B002AF10F0B9FE7860D5
:10E720007B68002B0ED00E48E9F7E0FC03467A68C0
:10E73000009202200B491A464FF48973E9F720FD35
:10E740007B6809E00848EBF7EDF9084B00221A70E6
:10E75000074B00221A70002318460837BD4680BDBB
:10E76000FC9D0500489E050034430020A070002059
:10E77000A170002080B584B002AF1248EBF7D2F947
:10E780001148002110F08AFD78607B68002B0ED0C4
:10E790000E48E9F7ABFC03467A68009202200C4968
:10E7A0001A464FF49273E9F7EBFC7B6806E0094BDD
:10E7B00001221A70084B00221A70002318460837ED
:10E7C000BD4680BD34430020F1E20300FC9D0500FE
:10E7D000489E0500A0700020A170002080B483B086
:10E7E00000AF78604FF0A04318460C37BD465DF887
:10E7F000047B704780B584B000AF7860F970BA7060
:10E800007B703B1D1846FFF7E9FFF8607A68F978DE
:10E81000BB785B0019437B789B0019433B7E1B024E
:10E8200019433B7F1B041943FB6802F5E07243F870
:10E8300022101037BD4680BD80B584B002AF78602D
:10E840000B46FB70FB780022009200220192786850
:10E8500000210022FFF7CEFF0837BD4680BD00BF74
:10E8600080B584B000AF78603B1D1846FFF7B6FF57
:10E87000F860F86800F00AF802467B6822FA03F3B1
:10E8800003F0010318461037BD4680BD80B483B045
:10E8900000AF78607B68D3F8103518460C37BD465A
:10E8A0005DF8047B704700BF80B584B000AF78602E
:10E8B0000B467B8000233B7301237B73044B1B6956
:10E8C00007F10C02104698471037BD4680BD00BFC7
:10E8D000C470002080B584B000AF78600B46FB7038
:10E8E0000F4B5A687B689A4217D10D4B5B681846EC
:10E8F000FFF7B6FF0346002B0FD100200021094A85
:10E90000E9F7F4FEF860FB68BB60BB68002B04D03D
:10E91000B8685421044AEAF75DFE1037BD4680BD51
:10E92000C4700020A9E80300189F050080B586B0D8
:10E9300002AF7860E3F7BAFD034683F00103DBB270
:10E94000002B13D0E3F772FDF860FB68002B0DD0AD
:10E950001B48E9F7CBFB0346FA68009202201949ED
:10E960001A466223E9F70CFCFB6825E00023BB7222
:10E970000023FB7200237B7203233B7207F1080321
:10E9800078681946104AE3F7A3FDF860FB68002B8E
:10E990000DD00B48E9F7AAFB0346FA680092022063
:10E9A00008491A466B23E9F7EBFBFB6804E078683B
:10E9B0000121E3F7E7FD002318461037BD4680BD6F
:10E9C000189F0500689F0500D5E8030080B582B058
:10E9D00000AF78607868E3F765FE0837BD4680BD14
:10E9E00080B586B002AF78607B68002B01D10E2322
:10E9F00088E07B689B68002B01D10E2382E07B6856
:10EA0000DB68002B01D10E237CE07B681B69002BA7
:10EA100001D10E2376E07B681A7D3C4B1A757B682A
:10EA20001A693A4B1A617B681A78384B1A707B68FE
:10EA30005A68364B5A607B689A68344B9A607B6898
:10EA4000DA68324BDA60314B00225A752F48FDF7F5
:10EA500073FBF860FB68002B0DD02D48E9F746FBEF
:10EA60000346FA68009202202A491A468F23E9F7E2
:10EA700087FBFB6846E007F10B031846FDF77CFBBC
:10EA8000F860FB68002B0DD02148E9F72FFB034607
:10EA9000FA68009202201F491A469223E9F770FB98
:10EAA000FB682FE00020FDF7F1FDF860FB68002B0C
:10EAB0000DD01748E9F71AFB0346FA6800920220C6
:10EAC00014491A469523E9F75BFBFB681AE0FDF74A
:10EAD00043FBF860FB68002B0DD00D48E9F706FBFF
:10EAE0000346FA68009202200A491A469823E9F779
:10EAF00047FBFB6806E0054B5B6818460021FFF703
:10EB00009BFE002318461037BD4680BDC470002010
:10EB1000189F0500689F050080B586B002AF594B6D
:10EB20005B7D002B01D00023A7E0564B01225A75D4
:10EB3000544B5B681846FFF7F9FEF860FB68002B42
:10EB40000DD05148E9F7D2FA0346FA680092022044
:10EB50004E491A46BA23E9F713FBFB688DE0494892
:10EB6000FDF7EAFAF860FB68002B0DD04648E9F79C
:10EB7000BDFA0346FA680092022044491A46BD23B2
:10EB8000E9F7FEFAFB6878E04148FDF727FBF860FB
:10EB9000FB68002B0DD03C48E9F7A8FA0346FA6859
:10EBA0000092022039491A46C023E9F7E9FAFB68C6
:10EBB00063E007F10B031846FDF774FCF860FB688F
:10EBC000002B0DD03048E9F791FA0346FA6800921D
:10EBD00002202E491A46C323E9F7D2FAFB684CE01B
:10EBE000FB7A03F00103002B15D03B1D1846FDF7FF
:10EBF0008BFCF860FB68002B0DD02348E9F776FA10
:10EC00000346FA680092022020491A46C823E9F711
:10EC1000B7FAFB6831E0FB7A03F002035B10012BCB
:10EC200016D107F108031846FDF7DCFCF860FB6815
:10EC3000002B0DD01448E9F759FA0346FA68009200
:10EC4000022012491A46CF23E9F79AFAFB6814E02A
:10EC5000FDF782FAF860FB68002B0DD00A48E9F74F
:10EC600045FA0346FA680092022008491A46D3235F
:10EC7000E9F786FAFB6800E0002318461037BD4626
:10EC800080BD00BFC4700020189F0500689F05006C
:10EC9000BC9F050080B584B002AF2A4B5B7D83F03A
:10ECA0000103DBB2002B01D0002346E0254B0022FC
:10ECB0005A752448FDF740FA78607B68002B0DD028
:10ECC0002148E9F713FA03467A68009202201F49A7
:10ECD0001A46E423E9F754FA7B682EE00020FDF79A
:10ECE000D5FC78607B68002B0DD01748E9F7FEF95A
:10ECF00003467A680092022014491A46E723E9F78E
:10ED00003FFA7B6819E0FDF727FA78607B68002BF3
:10ED10000DD00D48E9F7EAF903467A68009202201F
:10ED20000A491A46EA23E9F72BFA7B6805E0054B06
:10ED30005B681846FFF74AFE002318460837BD46B1
:10ED400080BD00BFC4700020189F0500689F0500AB
:10ED500080B586B002AF2348FDF7EEF9F860FB6896
:10ED6000002B12D02048E9F7C1F90346FA68009257
:10ED700002201E491A4640F20513E9F701FAFB6822
:10ED800007EE103AF8EE477A26E03B461846FDF7C4
:10ED9000BBFBF860FB68BB60BB68002B05D0B868A4
:10EDA0004FF48471104AEAF715FCFDF7D5F9F860C5
:10EDB000FB687B607B68002B05D0786840F20B1104
:10EDC000094AEAF707FC3B6807EE903AB8EE677A23
:10EDD000DFED077AC7EE277AB0EE670A1037BD4637
:10EDE00080BD00BFC4700020189F0500689F05000B
:10EDF0000000804580B584B000AF1848FDF79CF94D
:10EE0000F860FB68BB60BB68002B05D0B8684FF4A6
:10EE10008B71134AEAF7DEFBFDF7F4FAF860FB6842
:10EE20007B607B68002B05D0786840F219110C4A92
:10EE3000EAF7D0FBFDF790F9F860FB683B603B68B0
:10EE4000002B05D038684FF48E71054AEAF7C2FBF3
:10EE5000002318461037BD4680BD00BFC470002097
:10EE6000189F050080B483B000AF78604FF0A043D6
:10EE700018460C37BD465DF8047B704780B584B0FA
:10EE800000AF7860F970BA707B703B1D1846FFF7D1
:10EE9000E9FFF8607A68F978BB785B0019437B7802
:10EEA0009B0019433B7E1B0219433B7F1B04194304
:10EEB000FB6802F5E07243F822101037BD4680BDB2
:10EEC00080B584B002AF78600023009300230193E3
:10EED0007868012101220023FFF7D0FF0837BD46E3
:10EEE00080BD00BF80B584B000AF78603B1D184680
:10EEF000FFF7B8FFF8607B68012202FA03F3F868B5
:10EF0000194600F017F81037BD4680BD80B584B0B3
:10EF100000AF78603B1D1846FFF7A4FFF8607B68E0
:10EF2000012202FA03F3F868194600F011F81037CD
:10EF3000BD4680BD80B483B000AF786039607B6827
:10EF40003A68C3F808250C37BD465DF8047B704766
:10EF500080B483B000AF786039607B683A68C3F8EA
:10EF60000C250C37BD465DF8047B704780B582B038
:10EF700000AF0346FB711D20FFF7C8FF0837BD46F1
:10EF800080BD00BF80B500AF1D20FFF7ABFF80BD87
:10EF900080B584B000AF786039600023FB600BE07F
:10EFA000FB685B007A6813440F49FA680A441278D8
:10EFB0001A80FB680133FB60FB68132BF0D93B68B8
:10EFC0007A681A603B6814229A803B6807229A602C
:10EFD0003B680022DA600548396801220123E4F722
:10EFE0000DFB1037BD4680BDA0F205005C4300203C
:10EFF00080B584B000AF424B5A6D414B9B6D9A4235
:10F0000015D13F4B93F8813083F00103DBB2002B25
:10F0100007D03B483B49FFF7BBFF394B012283F840
:10F020008120374B002283F88020002363E01423E3
:10F03000FB811423BB6000237B6024E0304B5A6DBE
:10F040002F4B9B6D9A4204D17B68FB810123BB60EF
:10F050001CE02B4B1A6D2A4B5B6D13441B78194631
:10F06000274B7A6823F81210254B5B6D0133244A35
:10F07000D26DB3FBF2F102FB01F29A1A204B5A65F2
:10F080007B6801337B607B68132BD7D91C4B93F8CB
:10F090008230002B21D01A4B9A6D194B5B6D9A422E
:10F0A00005D2174B5A6D164B9B6DD31A07E0144BC4
:10F0B000DA6D134B9B6DD21A114B5B6D13443B60A1
:10F0C0003A6840F232339A4207D90D4B002283F856
:10F0D00082200D4B1B6802209847094B084A1A668C
:10F0E000074BFA89A3F86420054B07229A66044B64
:10F0F0000022DA66BB6818461037BD4680BD00BFE7
:10F1000068790020C87900206479002080B584B037
:10F1100000AF424B5A6D414B9B6D9A4215D13F4B0C
:10F1200093F8813083F00103DBB2002B07D03C4819
:10F130003C49FFF72DFF394B012283F88120374BE3
:10F14000002283F88020002364E01423FB8118232D
:10F15000BB6000237B6025E0304B5A6D2F4B9B6DCD
:10F160009A4204D17B68FB810123BB601DE02B4BDD
:10F170001A6D2A4B5B6D13441B781946274B7A682E
:10F18000143223F81210254B5B6D0133234AD26DE4
:10F19000B3FBF2F102FB01F29A1A204B5A657B682D
:10F1A00001337B607B68132BD6D91C4B93F88230DC
:10F1B000002B21D0194B9A6D184B5B6D9A4205D2EA
:10F1C000164B5A6D154B9B6DD31A07E0134BDA6D36
:10F1D000124B9B6DD21A114B5B6D13443B603A6826
:10F1E00040F232339A4207D90C4B002283F8822036
:10F1F0000D4B1B6802209847084B094A1A67074BBA
:10F20000FA89A3F87420054B07229A67034B002262
:10F21000DA67BB6818461037BD4680BD68790020A4
:10F2200090790020D87900206479002080B582B0E0
:10F2300000AF0346FB71FB79032B1ED801A252F8E5
:10F2400023F000BF65F203006FF2030075F20300C4
:10F2500055F203000120FFF789FE0A4B1B680020CE
:10F2600098470BE0084B002283F8812006E0FFF767
:10F27000BFFE03E0FFF74AFF00E000BF0837BD46CE
:10F2800080BD00BF647900206879002080B586B019
:10F2900002AF786039607B68002B01D10E2322E039
:10F2A000134B7A681A65124B00225A653B685A1E46
:10F2B0000F4B9A650E4B3A68DA65FFF799FEF860D6
:10F2C000FFF724FF0346FA681343FB60FFF75AFE7B
:10F2D000FB6843F00203009306480749074A0123ED
:10F2E000E4F7EEF9002318461037BD4680BD00BF95
:10F2F000687900205C430020C8790020D87900207C
:10F3000080B58CB002AF786039607B68002B01D18A
:10F310000E2309E1864B93F88030002B69D000233F
:10F32000FB7407F113031846EAF75AFA804B9A6DFB
:10F330007F4B5B6D9A4205D27D4B5A6D7C4B9B6D2A
:10F34000D31A07E07A4BDA6D794B9B6DD21A784B62
:10F350005B6D1344BB61FB7C1846EAF74BFA3A68D5
:10F36000BB699A4201D90423DEE000237B6223E0DB
:10F370000023BB7407F112031846EAF731FA6C4B0D
:10F380001A6D6B4B9B6D134479687A6A0A44127844
:10F390001A70674B9B6D0133654AD26DB3FBF2F176
:10F3A00002FB01F29A1A624B9A65BB7C1846EAF797
:10F3B00021FA7B6A01337B627A6A3B689A42D7D32F
:10F3C000BA693B68D21A40F222239A4210D8584BAD
:10F3D00093F8823083F00103DBB2002B08D0544B4A
:10F3E000012283F88220534B1B68012098479AE042
:10F3F00099E0514B1B68B3F5887F4DD84E4B1B6885
:10F40000002B17D100237B7407F111031846EAF78C
:10F41000E7F9474B494A1A65454B00225A65444B68
:10F4200000229A65424B40F68802DA657B7C1846DA
:10F43000EAF7E0F900233B6223E000233B7407F185
:10F4400010031846EAF7CCF9394B1A6D384B9B6D0F
:10F45000134479683A6A0A4412781A70344B9B6DE7
:10F460000133334AD26DB3FBF2F102FB01F29A1A77
:10F470002F4B9A653B7C1846EAF7BCF93B6A01338F
:10F480003B623A6A3B689A42D7D32B4B1A683B6877
:10F490001A44294B1A6046E00023FB6123E0002355
:10F4A000FB7307F10F031846EAF79AF9204B1A6D20
:10F4B0001F4B9B6D13447968FA690A4412781A70DD
:10F4C0001B4B9B6D01331A4AD26DB3FBF2F102FB69
:10F4D00001F29A1A164B9A65FB7B1846EAF78AF9ED
:10F4E000FB690133FB61FA693B689A42D7D3FFF7A6
:10F4F0007FFD7861FFF70AFE03467A6913437B615B
:10F50000FFF740FD7B6943F0020300930C480D496F
:10F510000D4A0123E4F7D4F8054B012283F880203B
:10F52000054B00221A60002318462837BD4680BDCF
:10F530006879002064790020EC790020DC700020DC
:10F540005C430020C8790020D879002080B584B0C1
:10F5500000AF0346FB71FB79082B4BD801A252F890
:10F5600023F000BF89F5030095F50300A1F5030022
:10F57000ADF50300B9F50300C5F50300D1F50300AF
:10F58000DDF50300E9F50300204BFB604FF48253E7
:10F59000BB6031E01E4BFB6040F6B443BB602BE028
:10F5A0001C4BFB604FF40C63BB6025E01A4BFB6007
:10F5B0004FF4C363BB601FE0184BFB6040F2026373
:10F5C000BB6019E0164BFB604FF4DC63BB6013E0DB
:10F5D000144BFB6041F2B513BB600DE0124BFB60B6
:10F5E0004FF4B463BB6007E0104BFB604FF434731F
:10F5F000BB6001E0072304E0F868B968FFF746FE46
:10F60000034618461037BD4680BD00BFC89F0500A1
:10F6100008B00500BCBC05007CC5050094CB050006
:10F6200098D1050078D8050030EA0500D0EF050034
:10F6300080B52DED028B8AB000AF396013460246CB
:10F64000FA807B71FB88632B02D97B79642B01D90B
:10F65000062390E07B79002B02D03B68002B08D179
:10F660000020FFF783FC47480121E4F773F80023EB
:10F6700081E0FB8806EE903AF8EEE67AB7EE007A83
:10F68000C7EE277AC7ED087A97ED087ADFED3E7A64
:10F69000C7EE277AFCEEE77A17EE903AFB613B68FB
:10F6A00007EE903AB8EE677ADFED387A87EE277A80
:10F6B000D7ED087AC7EE277AFCEEE77A17EE903A94
:10F6C000BB6100237B623CE07B7906EE903AB8EEAA
:10F6D000667ADFED2F7A27EE278AFB8807EE903ACD
:10F6E000B8EEE77ADFED2B7A27EE277A7B6A06EE13
:10F6F000903AF8EE667A27EE277ADFED237A27EE46
:10F70000277ADFED257A77EE677AB0EE670A0FF099
:10F7100003FCF0EE407A28EE277ADFED207A87EEC0
:10F72000277ADFED1B7A77EE277AFCEEE77A17EE81
:10F73000903A99B21A4B7A6A23F812107B6A013315
:10F740007B627A6AFB699A42BED3154BBB60FB6948
:10F750009BB2BB8100233B6100237B61FFF712FC5E
:10F76000BB699BB207F10802064811461A460123FD
:10F77000E3F744FF002318462837BD46BDEC028B53
:10F7800080BD00BF5C430020BD37863700007A444F
:10F790000000FA42DB0FC940DB0FC93F0000C8423E
:10F7A000DC70002080B588B000AF78607B68002BEB
:10F7B00001D10E2333E07B681B68002B01D10E239F
:10F7C0002DE01948796804220FF0D1FE174B002272
:10F7D00083F88020154B002283F881201D20FFF73D
:10F7E0006FFB1D20FFF792FB114A07F10C03106815
:10F7F0005168926807C307F10C030E4819460E4A78
:10F80000E3F72AFEF861FB69BB61BB69002B05D0F9
:10F81000B86940F24621094AE9F7DCFE00231846A0
:10F820002037BD4680BD00BF647900206879002084
:10F8300004F305005C4300202DF20300B4F2050040
:10F8400080B485B000AF7860254BFB607B68002BEF
:10F8500040D0244B1A68F9687B6800BF00BF00BF26
:10F8600000BF00BF00BF00BF00BF8A422FD000BF53
:10F8700000BF00BF00BF00BF00BF00BF00BF00BF90
:10F8800000BF00BF00BF00BF00BF00BF00BF00BF80
:10F8900000BF00BF00BF00BF00BF00BF00BF00BF70
:10F8A00000BF00BF00BF00BF00BF00BF00BF00BF60
:10F8B00000BF00BF00BF00BF00BF00BF00BF00BF50
:10F8C00000BF00BF00BF00BF00BF00BF00BF013BC3
:10F8D000C3D17B601437BD465DF8047B704700BF21
:10F8E0000024F400D042002080B582B000AF7860E0
:10F8F0007B684FF47A7202FB03F31846FFF7A0FF10
:10F900000837BD4680BD00BF80B483B000AF03465A
:10F91000FB71FB79032B07D8FB791A46520013447D
:10F92000DBB22933DBB227E0FB79072B09D8FB795F
:10F93000043BDBB21A4692001344DBB23533DBB230
:10F940001AE0FB790B2B09D8FB79083BDBB21A468E
:10F9500052001344DBB24933DBB20DE0FB790F2BCD
:10F9600009D8FB790C3BDBB21A4692001344DBB298
:10F970005533DBB200E0FF2318460C37BD465DF877
:10F98000047B704780B483B000AF0346FB71FB7902
:10F99000032B0CD9FB79072B09D8FB79043BDBB28D
:10F9A0001A4692001344DBB23833DBB210E0FB7925
:10F9B0000B2B0CD9FB790F2B09D8FB790C3BDBB255
:10F9C0001A4692001344DBB25833DBB200E0FF2347
:10F9D00018460C37BD465DF8047B704780B586B08D
:10F9E00002AF02460B46FA71BB71134B1B68002B2A
:10F9F0001DD0114B1B685B68FB600F4B1B681B78AD
:10FA0000FB72FB793B72BB797B72FA7A07F10803D0
:10FA100000210091F86811461A460223E5F7D8FB49
:10FA20000346002B14BF00230123DBB200E00023B8
:10FA300018461037BD4680BDF079002080B586B0ED
:10FA400002AF03463960FB71144B1B68002B20D0BA
:10FA5000124B1B685B68FB60104B1B681B78FB72CA
:10FA6000FA7AFB1D01210091F86811461A4601231C
:10FA7000E5F7AEFB0346002B0BD1FB7AF86819467D
:10FA80003A680123E5F7D0FB0346002B01D101239F
:10FA900000E0002318461037BD4680BDF0790020F5
:10FAA00080B584B000AF13460246FA710A46BA71B7
:10FAB0007B71BA797B791343DBB2002B14BF00232F
:10FAC0000123FB73BA797B791340DBB2002B34D16D
:10FAD000FB7B83F00103DBB2002B2ED0194B1B689C
:10FAE000002B2AD0FA7907F10D0310461946FFF7CB
:10FAF000A5FF0346002B20D07B7BBB737A7BBB79B1
:10FB00001343DBB27B737B79DB43DAB27B7BDBB203
:10FB10001340DBB2DBB27B737B7BBA7B9A4208D0AB
:10FB20007B7BFA7910461946FFF758FF0346002BF6
:10FB300001D0012300E0002300E0FB7B18461037D2
:10FB4000BD4680BDF079002080B586B002AF034687
:10FB50003960FB71104B1B68002B17D00E4B1B68D4
:10FB60005B68FB600C4B1B681B78FB72FA7AFB79B5
:10FB700000210091F86811463A68E5F729FB034631
:10FB8000002B14BF00230123DBB200E00023184642
:10FB90001037BD4680BD00BFF079002080B400AFB3
:10FBA000034B00221A60BD465DF8047B704700BF1E
:10FBB000F079002080B582B000AF78600F4B1B68F1
:10FBC000002B16D17B685A687B689B6810461946E3
:10FBD0000022002308F082FF0346002B09D17B6836
:10FBE0005B681846E4F7D0FF044B7A681A6000237C
:10FBF00000E0012318460837BD4680BDF07900209B
:10FC000080B582B000AF02460B46FA80BB80FA880E
:10FC1000BB8813409BB2002B01D0022326E0FB8857
:10FC20001B0A9BB2DAB2BB881B0A9BB2DBB2002074
:10FC300011461A46FFF734FF034683F00103DBB297
:10FC4000002B01D0012311E0FB88DAB2BB88DBB2C4
:10FC5000012011461A46FFF723FF034683F00103F4
:10FC6000DBB2002B01D0012300E000231846083747
:10FC7000BD4680BD80B582B000AF02460B46FA801B
:10FC8000BB80FA88BB8813409BB2002B01D00223B3
:10FC900026E0FB881B0A9BB2DAB2BB881B0A9BB228
:10FCA000DBB2022011461A46FFF7FAFE034683F044
:10FCB0000103DBB2002B01D0012311E0FB88DAB293
:10FCC000BB88DBB2032011461A46FFF7E9FE034664
:10FCD00083F00103DBB2002B01D0012300E00023FD
:10FCE00018460837BD4680BD80B582B000AF0246D9
:10FCF0000B46FA80BB80FA88BB8813409BB2002B6E
:10FD000001D0022326E0FB881B0A9BB2DAB2BB8833
:10FD10001B0A9BB2DBB2062011461A46FFF7C0FE53
:10FD2000034683F00103DBB2002B01D0012311E075
:10FD3000FB88DAB2BB88DBB2072011461A46FFF710
:10FD4000AFFE034683F00103DBB2002B01D0012399
:10FD500000E0002318460837BD4680BD80B582B05C
:10FD600000AF02460B46FA80BB80FA88BB8813407E
:10FD70009BB2002B01D0022326E0FB881B0A9BB21A
:10FD8000DAB2BB881B0A9BB2DBB2082011461A46C6
:10FD9000FFF786FE034683F00103DBB2002B01D0A0
:10FDA000012311E0FB88DAB2BB88DBB209201146DF
:10FDB0001A46FFF775FE034683F00103DBB2002B02
:10FDC00001D0012300E0002318460837BD4680BD5E
:10FDD00080B582B000AF02460B46FA80BB80FA883D
:10FDE000BB8813409BB2002B01D0022326E0FB8886
:10FDF0001B0A9BB2DAB2BB881B0A9BB2DBB20A2099
:10FE000011461A46FFF74CFE034683F00103DBB2AE
:10FE1000002B01D0012311E0FB88DAB2BB88DBB2F2
:10FE20000B2011461A46FFF73BFE034683F0010301
:10FE3000DBB2002B01D0012300E000231846083775
:10FE4000BD4680BD80B582B000AF02460B46FA8049
:10FE5000BB80FA88BB8813409BB2002B01D00223E1
:10FE600026E0FB881B0A9BB2DAB2BB881B0A9BB256
:10FE7000DBB20E2011461A46FFF712FE034683F04E
:10FE80000103DBB2002B01D0012311E0FB88DAB2C1
:10FE9000BB88DBB20F2011461A46FFF701FE03466E
:10FEA00083F00103DBB2002B01D0012300E000232B
:10FEB00018460837BD4680BD80B582B000AF034606
:10FEC000FB80FB881B0A9BB2DBB210201946FFF7B0
:10FED00085FD034683F00103DBB2002B0BD1FB88C9
:10FEE000DBB211201946FFF779FD034683F00103C9
:10FEF000DBB2002B01D0012300E0002318460837B5
:10FF0000BD4680BD80B582B000AF02460B46FA8088
:10FF1000BB80FA88BB8813409BB2002B01D0022320
:10FF200026E0FB881B0A9BB2DAB2BB881B0A9BB295
:10FF3000DBB2102011461A46FFF7B2FD034683F0EC
:10FF40000103DBB2002B01D0012311E0FB88DAB200
:10FF5000BB88DBB2112011461A46FFF7A1FD03460C
:10FF600083F00103DBB2002B01D0012300E000236A
:10FF700018460837BD4680BD80B584B000AF024644
:10FF80000B46FA71BB71FB79DB43DBB263F06F03A5
:10FF9000DAB2BB791340DBB2FB73FA79FB7B134017
:10FFA000DBB2002B01D0022319E0FA79BB791343AD
:10FFB000DBB2DBB25BB2002B01DA02230FE0FA798D
:10FFC000FB7B1E2011461A46FFF76AFD034683F0AD
:10FFD0000103DBB2002B01D0012300E0002318460F
:10FFE0001037BD4680BD00BF80B584B000AF02466B
:10FFF0000B46FA71BB71FB79DB43DAB2BB79134074
:020000024000BC
:10000000DBB2FB73FA79FB7B1340DBB2002B01D030
:1000100002230FE0FA79FB7B1F2011461A46FFF7F7
:100020003FFD034683F00103DBB2002B01D0012327
:1000300000E0002318461037BD4680BD80B582B071
:1000400000AF02460B46FA80BB80FA88BB8813409B
:100050009BB2002B01D0022326E0FB881B0A9BB237
:10006000DAB2BB881B0A9BB2DBB2202011461A46CB
:10007000FFF716FD034683F00103DBB2002B01D02E
:10008000012311E0FB88DAB2BB88DBB221201146E4
:100090001A46FFF705FD034683F00103DBB2002B90
:1000A00001D0012300E0002318460837BD4680BD7B
:1000B00080B586B000AF0346B9607A60FB73FB7B06
:1000C0001846FFF721FC0346FB75BB68DA437B68E3
:1000D00013403B61BA683B691340002B09D1FB7D9B
:1000E000FF2B06D0BA687B68134303F46003002B30
:1000F00001D002233EE0BB681B0CDAB23B691B0C4B
:10010000DBB2F97D084611461A46FFF7C9FC0346E3
:1001100083F00103DBB2002B01D001232AE0FB7D39
:100120000133D9B2BB681B0ADAB23B691B0ADBB2E6
:10013000084611461A46FFF7B3FC034683F0010355
:10014000DBB2002B01D0012314E0FB7D0233D9B2D6
:10015000BB68DAB23B69DBB2084611461A46FFF7C4
:100160009FFC034683F00103DBB2002B01D0012387
:1001700000E0002318461837BD4680BD80B584B026
:1001800000AF13460246FA710A46BA807B80FB79BB
:100190001846FFF7F7FB0346FB73BB88DA437B88FF
:1001A0001340BB60BA88BB681340002B0CD1FB7BAB
:1001B000FF2B09D0BA887B8813439BB21A464EF2B4
:1001C000E0031340002B01D0022329E0BB881B0A67
:1001D0009BB2DAB2BB681B0ADBB2F97B0846114658
:1001E0001A46FFF75DFC034683F00103DBB2002BE8
:1001F00001D0012314E0FB7B0133D9B2BB88DAB212
:10020000BB68DBB2084611461A46FFF749FC0346B5
:1002100083F00103DBB2002B01D0012300E00023B7
:1002200018461037BD4680BD80B582B000AF134A76
:100230003B1D106818603B1D02201946FFF784FC27
:10024000034683F00103DBB2002B01D0012311E050
:100250003B1D023302201946FFF776FC034683F06C
:100260000103DBB2002B01D0012303E00320FFF7E1
:100270003BFB002318460837BD4680BD10F3050040
:1002800080B500AF0B4B1B68002B10D0094B1B68CF
:100290005B681846E4F796FC064B1B685B681846DB
:1002A000E4F72AFC034B00221A60002300E001233C
:1002B000184680BDF079002080B483B000AF78602C
:1002C0004FF0A04318460C37BD465DF8047B7047DD
:1002D00080B584B000AF7860F970BA707B703B1D58
:1002E0001846FFF7E9FFF8607A68F978BB785B0099
:1002F00019437B789B0019433B7E1B0219433B7FCC
:100300001B041943FB6802F5E07243F82210103712
:10031000BD4680BD80B584B002AF78600B46FB70EF
:10032000FB780022009200220192786800210022CE
:10033000FFF7CEFF0837BD4680BD00BF80B584B053
:1003400000AF78603B1D1846FFF7B6FFF860F8680D
:1003500000F00AF802467B6822FA03F303F0010377
:1003600018461037BD4680BD80B483B000AF7860BA
:100370007B68D3F8103518460C37BD465DF8047B12
:10038000704700BF80B483B000AF03463960FB7193
:10039000FB79072B36D801A252F823F0BD030400E5
:1003A000C5030400CD030400D7030400DF030400E9
:1003B000E9030400F3030400FD0304003B68164A4C
:1003C0001A6021E03B68154A1A601DE03B684FF057
:1003D0007A521A6018E03B68114A1A6014E03B68D0
:1003E0004FF07C521A600FE03B684FF07E521A606B
:1003F0000AE03B684FF080421A6005E03B68094A1A
:100400001A6001E0012300E0002318460C37BD46C6
:100410005DF8047B704700BFABAA2A3ECDCC4C3EB2
:10042000ABAAAA3E0000404080B485B000AF0346AE
:100430003960FB80FA88144BDB8AD21A124B1B7E80
:1004400092FBF3F3FB81B7F90E30002B02DA0023A5
:10045000FB810BE0B7F90E200B4B9B8A013B9A42C4
:1004600004DD094B9B8A013B9BB2FB81064BDA6999
:10047000B7F90E3013441A783B681A701437BD462A
:100480005DF8047B704700BF107A00200000000078
:100490002DE9B04388B002AF7860396007F10803F6
:1004A00005201946FFF76EFF78617B69002B0DD0A0
:1004B0003348E7F71BFE03467A6900920220314970
:1004C0001A468A23E7F75CFE7B694BE0786815F0F3
:1004D00033FF04460D4697ED027ADFED2B7AC7EE27
:1004E000277A17EE900A15F049FF804689469FED5E
:1004F000200B9FED211B11F03BFD53EC102B4046D0
:10050000494615F08FFF02460B462046294616F055
:10051000B3F802460B461046194616F065FA034634
:100520003B611A4BD3ED007A97ED047A87EE277A78
:10053000DFED177A67EE277AFCEEE77A17EE903A4E
:10054000FB81FB890533134A82FB03129210DB17F0
:10055000D31A9BB21A46920013445B009AB23B68CE
:100560001A80002318461837BD46BDE8B08300BF87
:1005700000000000000000400000000000002440D7
:1005800018F3050068F305009A99193F307A0020A6
:1005900000007A446766666680B584B000AF786014
:1005A0000B467B807B681B783B7200237B730023A8
:1005B0007B8100233B73044B1B6807F10802104644
:1005C00098471037BD4680BD0C7A002080B586B0B4
:1005D00000AF78600B467B807B8807F10C0202320B
:1005E000104679681A460EF0C2FF01237B74FA891F
:1005F000204B1B899A4202D801233B7309E0FA89F8
:100600001C4B5B899A4202D302233B7301E0002317
:100610003B73FA8907F10B0310461946FFF704FFF5
:10062000FB7A3B74144B1B78002B16D0FB7A1348D3
:100630001946DFF719FC78617B69002B10D07B69C4
:10064000082B0DD07A6943F201439A4208D07869A9
:10065000C7210B4AE8F7BEFF02E0FA7A094B1A708D
:10066000094B1B6807F10C02104698471837BD4626
:1006700080BD00BF107A0020397A0020F479002074
:1006800018F30500644300200C7A002080B586B082
:1006900000AF78607B681B78022B03D1194B0022D6
:1006A0001A702AE07B681B78002B26D17B685B6878
:1006B0001B881AB207F10A0310461946FFF7E8FE35
:1006C00078617B693B613B69002B04D03869E1218B
:1006D0000D4AE8F77FFF07F10A03184602210B4A8B
:1006E000E8F704F878617B69FB60FB68002B04D0B5
:1006F000F868E421044AE8F76DFFE3F7EDFC1837EA
:10070000BD4680BD387A002018F30500CD050400F1
:1007100080B586B000AF78600B46FB70164B1B7936
:100720001846FFF70BFE0346002B0DD0124B5B79EA
:100730001846FFF703FE0346002B02D00423FB7389
:1007400004E00323FB7301E00523FB7307F10F03B0
:1007500018460121094AE7F7C9FF78617B693B61C7
:100760003B69002B05D0386940F20711044AE8F7CD
:1007700031FF1837BD4680BD107A0020990504006E
:1007800018F3050080B584B002AF1F4A3B461068DD
:1007900018603B4618461D49E3F736FC78607B68D5
:1007A000002B0ED01A48E7F7A1FC03467A680092A6
:1007B000022018491A464FF48A73E7F7E1FC7B6878
:1007C0001EE0154B01221A70E3F7FAFD78607B6892
:1007D000002B0ED00E48E7F789FC03467A6800929A
:1007E00002200C491A464FF48C73E7F7C9FC7B686A
:1007F00006E000BF084B1B78DBB2002BFAD10023C8
:1008000018460837BD4680BDBCF305008D060400C0
:1008100018F3050068F30500387A002080B588B029
:1008200002AF354A07F110031068186007F1100392
:1008300018463249E3F7E8FB78617B69002B0ED05C
:100840002F48E7F753FC03467A69009202202D49AE
:100850001A464FF49673E7F793FC7B6948E0002350
:100860003B7100237B710023BB710023FB710223CA
:100870003B7200237B720023BB72234BDB78FB723D
:1008800000233B730123BB720523BB7105233B721D
:100890003B1D00201946E3F765FC78617B69002B5E
:1008A0000ED01748E7F722FC03467A69009202202F
:1008B00014491A4640F23713E7F762FC7B6917E0E8
:1008C00012480121E3F7DAFC78617B69002B0ED036
:1008D0000B48E7F70BFC03467A69009202200949AE
:1008E0001A464FF49D73E7F74BFC7B6900E0002349
:1008F00018461837BD4680BDBCF305008D060400C0
:1009000018F3050068F30500107A0020347A0020FF
:1009100080B586B000AF7860FFF780FF78617B69B3
:10092000082B00D118E07B693B613B69002B05D0A7
:10093000386940F24B110A4AE8F74CFEE3F720FD14
:1009400078617B69FB60FB68002B05D0F8684FF489
:10095000A771034AE8F73EFE1837BD4680BD00BFC9
:1009600018F3050080B483B000AF78607B68002B7B
:1009700001D10E2339E07B681B68002B01D10E23C7
:1009800033E07B681B69002B08D17B685B69002B17
:1009900004D1194B4FF07E521A601DE07B681B6931
:1009A000002B03D07B685B69002B01D101231CE085
:1009B0007B685B6906EE903AB8EE667A7B681A69E6
:1009C0007B685B69134406EE903AF8EE667AC7EEF0
:1009D000277A094BC3ED007A7B68DA897B689B89AB
:1009E0009A4201D2012300E0002318460C37BD468D
:1009F0005DF8047B704700BF307A002080B584B07A
:100A000000AFE1F753FD034683F00103DBB2002B97
:100A10000DD0E1F70BFDF860FB68BB60BB68002BF5
:100A200005D0B8684FF4BE71184AE8F7D3FD00232B
:100A3000BB700023FB7000237B7003233B70144BBF
:100A40001B791A463B4610461946124AE1F740FD0B
:100A5000F860FB687B607B68002B05D0786840F20B
:100A600087110A4AE8F7B6FD094B1B7918460121A0
:100A7000E1F788FD064B5B7918460121E1F782FD1D
:100A8000002318461037BD4680BD00BF18F305008F
:100A9000107A00201107040080B582B000AF7860A2
:100AA00003487968DFF778F80837BD4680BD00BF96
:100AB000F479002080B483B000AF786039603B687F
:100AC0001B78002B02D0012B02D002E000BF00E017
:100AD00000BF0C37BD465DF8047B704780B58AB017
:100AE00002AF0346FB7107F10803184600211422E8
:100AF0000EF061FD7B7D012262F303037B757B7D3C
:100B0000012262F307137B75BB7D012262F30303AD
:100B1000BB75BB7D012262F30713BB75FB7D6FF3D1
:100B20000303FB75FB7D6FF30713FB753B7E01220F
:100B300062F303033B763B7E012262F307133B76AD
:100B4000144BBB6001233B7300233B61124B1B78AA
:100B50003B7507F1080311481946DFF74BF9F861B7
:100B6000FB69002B0ED00E48E7F7C0FA0346FA697E
:100B7000009202200B491A464FF4EA73E7F700FB94
:100B8000FB6903E0084B01221A7000231846203746
:100B9000BD4680BDB50A040064430020F4790020FE
:100BA00018F3050068F30500397A0020F0B587B026
:100BB00002AF78607B68312B01D8012367E0364BA8
:100BC0009B79002B17D0344BDB791846F7F74EFC96
:100BD000F860FB68002B0ED03048E7F787FA034631
:100BE000FA68009202202E491A464FF4F473E7F790
:100BF000C7FAFB684BE00020FFF78AFE2948012175
:100C0000294AE8F753FCF860FB68002B0ED0234814
:100C1000E7F76CFA0346FA680092022020491A4668
:100C200040F2F113E7F7ACFAFB6830E01F4E7B6847
:100C30001A464FF00003DD0345EA5245D40314F58C
:100C4000FA7245F10003104619464FF47A724FF0DC
:100C5000000316F043F802460B4613463046194689
:100C60000022E8F757FCF860FB68002B0ED00B4819
:100C7000E7F73CFA0346FA680092022008491A4650
:100C800040F2F513E7F77CFAFB6800E00023184612
:100C90001437BD46F0BD00BF107A002018F30500E0
:100CA00068F3050014F30500110904003C7A0020E4
:100CB000B0B586B002AF786039607B68002B01D197
:100CC0000E239FE03B68002B01D10E239AE07B6846
:100CD0004E4A5A607B684E4A1A603868FFF742FEF7
:100CE000F860FB68002B0ED04A48E7F7FFF903468F
:100CF000FA680092022048491A4640F21923E7F7A1
:100D00003FFAFB687EE03B681A68444B1A60444A2D
:100D10003B6814461D1D0FCD0FC495E80F0084E8F5
:100D20000F003F4B9B79002B2FD03D4BDB791846B2
:100D3000F7F748FBF860FB68002B0ED03548E7F763
:100D4000D5F90346FA680092022033491A4640F268
:100D50002123E7F715FAFB6854E0314BDB7918469D
:100D6000F7F7DAFBF860FB68002B0ED02948E7F7AD
:100D7000BDF90346FA680092022027491A464FF44B
:100D80000973E7F7FDF9FB683CE0254B5B791846F2
:100D90000021FFF7BFFA224B1B7918460021FFF70D
:100DA000B9FA1F4B9B7818460021FFF7B3FAFFF7FB
:100DB00025FEF860FB68002B0ED01648E7F796F981
:100DC0000346FA680092022013491A464FF40B7347
:100DD000E7F7D6F9FB6815E0FFF7D4FCF860FB688D
:100DE000002B0ED00B48E7F781F90346FA68009212
:100DF000022009491A4640F22F23E7F7C1F9FB68A0
:100E000000E0002318461037BD46B0BD990A040023
:100E1000DD0A040018F3050068F305000C7A0020D1
:100E2000107A00206DDF7047184600BF76DF7047EC
:100E3000184600BF7ADF7047184600BF7CDF704756
:100E4000184600BF7FDF7047184600BF8FDF70472E
:100E5000184600BF9EDF7047184600BFA9DF7047E5
:100E6000184600BFADDF7047184600BF69DF704706
:100E7000184600BF66DF7047184600BF31DF704775
:100E8000184600BF3DDF7047184600BF80B485B0EC
:100E900000AF7860254BFB607B68002B40D0244B73
:100EA0001A68F9687B6800BF00BF00BF00BF00BFC1
:100EB00000BF00BF00BF8A422FD000BF00BF00BFED
:100EC00000BF00BF00BF00BF00BF00BF00BF00BF2A
:100ED00000BF00BF00BF00BF00BF00BF00BF00BF1A
:100EE00000BF00BF00BF00BF00BF00BF00BF00BF0A
:100EF00000BF00BF00BF00BF00BF00BF00BF00BFFA
:100F000000BF00BF00BF00BF00BF00BF00BF00BFE9
:100F100000BF00BF00BF00BF00BF013BC3D17B606B
:100F20001437BD465DF8047B704700BF0024F40011
:100F3000D042002080B582B000AF78607B684FF46B
:100F40007A7202FB03F31846FFF7A0FF0837BD468D
:100F500080BD00BF80B582B000AF786039603B686B
:100F60001B78012B09D0022B02D0002B0AD00EE0F7
:100F700003200B49E7F7C6F80EE003200949E7F71D
:100F8000C1F809E003200849E7F7BCF804E00220B3
:100F90000649E7F7B7F800BF0837BD4680BD00BF78
:100FA000E4F5050024F6050060F60500A0F605004E
:100FB00080B584B000AF00237B603B1D1846E6F788
:100FC000FBFB0346FB73FB7BBB60BB68002B04D0C1
:100FD000B8688421064AE8F7FDFA7B68002B0CBF4D
:100FE00000230123DBB218461037BD4680BD00BF89
:100FF000DCF6050080B588B002AF78600B46FB7068
:101000000023FB7307F10F031846E2F71DFD0023D1
:10101000FB7513E0FB7D0133FB7502202849E7F7E0
:1010200071F807F10F031846E2F70EFD0520FFF7F0
:1010300081FFFB7D052B01D90D233CE0FB7BFA787A
:101040009A42E7D8FB7B03201E491A46E7F76AF865
:10105000FB7878681946E2F713FD38613B69002B8D
:101060000DD01948E7F742F803463A69009202208A
:1010700016491A46A323E7F783F83B691BE00320D0
:101080001349E7F73FF80023BB750BE0BB7D7A6897
:1010900013441B7813200F491A46E7F743F8BB7D2A
:1010A0000133BB75BA7DFB789A42EFD313200A490E
:1010B000E7F728F8002318461837BD4680BD00BF63
:1010C00028F7050078F70500DCF60500B0F7050005
:1010D00004F8050034F805003CF8050090B587B029
:1010E00000AF3B796FF303033B713B796FF3071359
:1010F0003B71464B1B681C46444B1B6818460EF060
:10110000CEFA03469BB23A1D104621461A46FFF717
:1011100095FE78617B693B613B69002B04D038699F
:10112000C2213B4AE8F756FA07F1080318460021A6
:1011300008220EF040FA354B1B68B3F80F309BB213
:101140003B81324B1B68B3F811309BB27B812F4B34
:101150001B68B3F813309BB2BB812C4B1B68B3F8F0
:1011600015309BB2FB8107F108031846FFF762FEBA
:1011700078617B69072B3ED1244B1B68002242F02B
:101180000602DA7300221A74204B1B68002242F018
:1011900018025A7400229A741C4B1B680022DA74DD
:1011A00000221A75194B1B68002242F040025A7542
:1011B000002242F001029A75144B1B68184601F098
:1011C00045FB78617B69002B01D07B6919E0062320
:1011D0003B8118237B810023BB814FF4A073FB81EB
:1011E00007F108031846FFF725FE78617B69002B9D
:1011F00006D07B6905E07B69002B01D07B6900E0AC
:10120000002318461C37BD4690BD00BFB47A0020AD
:10121000DCF6050080B584B000AF78607B681B7891
:10122000002B17D101201149E6F76CFF104B1B88EA
:1012300018463B21FFF7FAFDF860FB68BB60BB680E
:10124000002B06D0B86840F201110A4AE8F7C2F94B
:1012500008E007E07B681B78012B03D103200649D7
:10126000E6F750FF1037BD4680BD00BF40F80500CF
:1012700066430020DCF6050090F8050080B582B0DA
:1012800000AF7860012006497A68E6F74BFF78687E
:1012900040F21511034AE8F79DF90837BD4680BDB5
:1012A000DCF80500DCF6050080B58AB000AF07F178
:1012B0000803184600211C220EF07DF93B46184613
:1012C000002108220EF077F91C4B1B68B3F80F3091
:1012D0009BB23B80194B1B68B3F811309BB27B80EB
:1012E000164B1B68B3F813309BB2BB80134B1B68C3
:1012F000B3F815309BB2FB803B46BB604FF4004314
:10130000FB604FF470233B6103233B750023FB829A
:1013100000233B760A4BFB610A4B3B6207F1080353
:101320001846DFF779FF78627B6A002B01D07B6A71
:1013300000E0002318462837BD4680BDB47A00205F
:10134000151204007D12040080B586B000AF03467C
:10135000FB71FB79002B07D0032B00D011E0032099
:101360000949E6F7CFFE0CE003200849E6F7CAFE7C
:1013700002233B73064B1B6807F10C02104698478B
:1013800000BF1837BD4680BD18F9050050F90500AB
:101390005C7A002080B58CB000AF78607B681B88D9
:1013A000013B542B00F2768101A252F823F000BFDA
:1013B000BF15040095160400951604009516040048
:1013C0009516040095160400951604009516040061
:1013D0009516040095160400951604009516040051
:1013E00095160400951604009516040005150400D2
:1013F00027150400951604006715040095160400CF
:101400009516040095160400951604009516040020
:101410009516040095160400951604009516040010
:101420009516040095160400951604009516040000
:10143000591604008B160400951604009516040036
:1014400095160400951604009516040095160400E0
:1014500095160400951604009516040095160400D0
:1014600095160400951604009516040095160400C0
:1014700095160400951604009516040095160400B0
:1014800095160400951604009516040095160400A0
:1014900095160400491604009516040095160400DC
:1014A0009516040095160400951604009516040080
:1014B0009516040095160400951604009516040070
:1014C0009516040095160400951604009516040060
:1014D0009516040095160400951604009516040050
:1014E0009516040095160400951604009516040040
:1014F0009516040093150400951604009516040033
:10150000E715040003206549E6F7FCFD7B689A882F
:10151000634B1A8000233B72624B1B6807F1080281
:1015200010469847B7E07B681B7A03205E491A464D
:10153000E6F7F8FD5A4B4FF6FF721A80FFF738FDB9
:101540000346002B03D0594B01221A70A3E0574BDE
:1015500000221A7001233B72524B1B6807F10802EC
:101560001046984797E04E4B1B881846852100226D
:101570000023FFF767FCF862FB6ABB62BB6A002BC3
:1015800006D0B86A40F28311494AE8F723F882E0AE
:1015900081E0434B1B881846002100220023FFF7FF
:1015A0005DFCF862FB6A7B627B6A002B06D0786A7E
:1015B00040F289113E4AE8F70DF86CE06BE0384BD9
:1015C0001B8818460021FFF755FCF862FB6A3B6256
:1015D0003B6A002B06D0386A4FF4C771344AE7F7EC
:1015E000F9FF58E057E07B68DB88032031491A4651
:1015F000E6F798FD7B689B8818464FF48A71FFF7E1
:1016000031FCF862FB6AFB61FB69002B05D0F869CD
:101610004FF4CB71264AE7F7DDFF7B68DA88264B6B
:10162000A3F8012025482449F0F768FFF862FB6A17
:10163000BB61BB69002B06D0B8694FF4CD711C4A61
:10164000E7F7C8FF27E026E07B685B8903201C4999
:101650001A46E6F767FD1EE003201A49E6F752FD39
:101660007B689B88184600210022FFF7EFFBF86299
:10167000FB6A7B617B69002B06D0786940F2A71179
:101680000B4AE7F7A7FF06E005E003200E49E6F75F
:1016900039FD00E000BF3037BD4680BD88F9050048
:1016A000664300205C7A0020C4F90500BC7A002063
:1016B000DCF6050014FA0500B87A0020687A0020EC
:1016C00064FA0500B0FA050000FB050080B584B09F
:1016D00000AF78607868DFF7D3FF7868DFF7CEFE79
:1016E0000023FB6012E0144B1A68FB68DB00134414
:1016F0005B68002B07D0104B1A68FB68DB001344B3
:101700005B6878689847FB680133FB600B4B1B688C
:10171000FA689A42E7D30A487968F0F72DFE09483B
:101720007968DEF723FF7868FFF734FE7868DEF724
:1017300089F91037BD4680BD607A0020647A0020A8
:10174000687A0020D87A002080B586B000AF786033
:101750007868E6F749F8786805F0CCFF7868DEF736
:101760008DF97B68022B02D07B68032B13D1FFF726
:101770001FFC034683F00103DBB2002B0BD0074BA9
:101780001B78002B07D001233B73054B1B6807F127
:101790000C02104698471837BD4680BDBC7A002021
:1017A0005C7A002080B592B000AFA64A07F1100322
:1017B0001068186007F110031846A3494FF4A67289
:1017C000A24BE9F7E1F878647B6C3B643B6C002B3F
:1017D00005D0386C4FF4FE719D4AE7F7FBFE0023FD
:1017E000FB6007F10C031846E9F7A0F9F863FB6BFF
:1017F000BB63BB6B002B05D0B86B4FF40071944AF0
:10180000E7F7E8FE3B46184600210C220DF0D3FE18
:1018100001233B704FF48A737B80FB683A46232098
:1018200011461A46FFF722FBF863FB6B7B637B6B69
:10183000002B05D0786B40F20921854AE7F7CAFEF4
:101840003B46184600210C220DF0B5FE01233B70EB
:101850000123BB700623BB80FB683A46202011465B
:101860001A46FFF703FBF863FB6B3B633B6B002BF4
:1018700005D0386B40F21121754AE7F7ABFE3B46C5
:10188000184600210C220DF096FE01233B70102318
:10189000BB70FB683A46222011461A46FFF7E6FA6B
:1018A000F863FB6BFB62FB6A002B05D0F86A4FF410
:1018B0000671674AE7F78EFE3B46184600210C2268
:1018C0000DF079FE01233B700223BB70FB683A46A2
:1018D000212011461A46FFF7C9FAF863FB6BBB6279
:1018E000BB6A002B05D0B86A40F21F21584AE7F7BF
:1018F00071FE3B46184600210C220DF05CFE0223CF
:101900003B70FB683A46012011461A46FFF7AEFAD3
:10191000F863FB6B7B627B6A002B05D0786A4FF41F
:1019200009714B4AE7F756FE3B46184600210C2248
:101930000DF041FE01233B70FB683A464020114602
:101940001A46FFF793FAF863FB6B3B623B6A002B86
:1019500005D0386A40F229213D4AE7F73BFE3B4675
:10196000184600210C220DF026FE40F6E4433B60B1
:10197000FB683A46A12011461A46FFF777FAF8634A
:10198000FB6BFB61FB69002B05D0F86940F22E214F
:101990002F4AE7F71FFE3B46184600210C220DF0A8
:1019A0000AFE3B7843F001033B70FB683A46A020F7
:1019B00011461A46FFF75AFAF863FB6BBB61BB6925
:1019C000002B05D0B86940F23321214AE7F702FE27
:1019D00007F10C031846E9F7BDF8F863FB6B7B6170
:1019E0007B69002B05D0786940F23621184AE7F769
:1019F000F1FD1848E9F72EF8F863FB6B002B01D0D6
:101A0000FB6B1BE01448E9F73BF8F863FB6B002B1A
:101A100001D0FB6B12E00120FFF730FAF863FB6B9B
:101A2000002B01D0FB6B09E00120FFF72BFAF863D4
:101A3000FB6B002B01D0FB6B00E0002318464837FE
:101A4000BD4680BD48FB0500F07A0020F9B40200D5
:101A5000DCF60500CD1604004917040080B5B0B0CF
:101A600002AF4FF48073A7F870304D4B1B7887F8A6
:101A7000723007F17403184600213C220DF09BFDE3
:101A8000022387F87430002387F87630062387F81E
:101A900077300123A7F87C3007F17003C7F8803056
:101AA00007F1500300221A60043300221A60043345
:101AB00000221A60043300221A60043300221A60E4
:101AC000043300221A60043300221A600433002217
:101AD0001A600433012387F85330324B1B689B890B
:101AE0009BB23B662F4B1B689B7B7B6607F1140305
:101AF000184600213C220DF05EFD002387F8B73028
:101B000011E097F8B73097F8B720C2F103022649E1
:101B10008A5C07F1B8010B4403F8B42C97F8B7308E
:101B2000013387F8B73097F8B730032BE9D9592339
:101B30003B813B1D3B610423BB8100233B7507F1C7
:101B40000803BB6307F1740107F1140207F15003A6
:101B500000200090084611461A46144BDDF784FD1C
:101B6000C7F8B000D7F8B030002B10D01048E6F717
:101B7000BDFA0346D7F8B020009202200D491A465C
:101B800040F28223E6F7FCFAD7F8B03003E00120F8
:101B9000DDF75AFD00231846B837BD4680BD00BFAB
:101BA000687A0020B47A0020D47A00204913040017
:101BB000DCF60500B0F7050080B582B000AF7860B4
:101BC000786840F28F21034AE7F704FD0837BD46E5
:101BD00080BD00BFDCF6050080B582B000AF1B4BB6
:101BE0001B6893F82830022B03D805F03DFE002334
:101BF00028E0174B4FF43E721A60144B1B6803F138
:101C00001702134B5A60114B1B6893F828301A4681
:101C10000F4B1A810E4B0F4A5A610F48FFF702F91A
:101C200078607B68002B01D07B680BE0084BDB7A87
:101C30000233DAB2064BDA72054805F0A9FD05F069
:101C4000D5FD002318460837BD4680BDB47A002074
:101C50003C7C0020B91B0400467C002080B594B079
:101C600000AFF8607A600A46FA723B81002387F879
:101C70004F30FB7A062B00F24E8101A252F823F07E
:101C80009D1C0400D31C0400F71C04007B1D0400F1
:101C9000C71D0400F71D04008D1E04003B890A2B9C
:101CA00016D8964B1B681A463B89104679681A4627
:101CB0000DF05DFC914B1A683B890021D1548F4B8C
:101CC0001B683A89D2B2DA72012387F84F3022E1D9
:101CD00021E13B89032B0DD1884B1B6803F10C02DA
:101CE0003B89104679681A460DF041FC012387F8BC
:101CF0004F3010E10FE13B89082B3DD17F4B1B6832
:101D000003F10F023B89104679681A460DF02FFC4B
:101D100007F114031846002108220DF04CFC774B04
:101D20001B68B3F80F309BB2BB82744B1B68B3F8CF
:101D300011309BB2FB82714B1B68B3F813309BB21E
:101D40003B836E4B1B68B3F815309BB27B8307F166
:101D500014031846DFF7B8FBB864BB6C7B647B6C7C
:101D6000002B05D0786C40F2E121654AE7F732FCA0
:101D7000012387F84F30CEE0CDE03B89112B21D8ED
:101D80005E4B1B6803F117023B89104679681A46BF
:101D90000DF0EDFB594B1B683A89D2B283F828202D
:101DA000012387F84F30FFF717FF38643B6CFB6364
:101DB000FB6B002B06D0F86B4FF43C71504AE7F7F1
:101DC00009FCA8E0A7E03B89FA2B13D84B4B1B6812
:101DD00003F129023B89104679681A460DF0C7FBCA
:101DE000464B1B683A89D2B283F82321012387F836
:101DF0004F3090E08FE03B89032B46D17B68BB637B
:101E0000BB6B1B78012B2FD1BB6BB3F801309BB29E
:101E100003203C491A46E6F785F93B4B1A88BB6B11
:101E2000B3F801309BB210461946FFF713F87863F8
:101E30007B6B002B06D13B89344879681A460DF03C
:101E400096FB22E032483149F0F758FB78637B6B10
:101E50003B633B6B002B06D0386B40F20D31284AB8
:101E6000E7F7B8FB11E010E029482849F0F746FBF6
:101E700078637B6BFB62FB6A002B06D0F86A40F24A
:101E800013311F4AE7F7A6FB45E044E03B89F72BF7
:101E900040D81A4B1B6803F595723B891046796848
:101EA0001A460DF064FB154B1B683A89D2B283F8D1
:101EB0002122FCF72FFCB862BB6A002B05D0B86A60
:101EC00040F21E310E4AE7F785FB0C4B1B6803F509
:101ED00095723B89DBB210461946FCF729FA786205
:101EE0007B6A002B05D0786A40F21F31044AE7F77D
:101EF00071FB012387F84F300CE000BFB47A00205B
:101F0000DCF605004CFB050066430020B87A002093
:101F1000687A002000BF97F84F30002B10D00A4B92
:101F20001B68184600F092FC38623B6AFB61FB6953
:101F3000002B05D0F86940F22B31044AE7F74AFB41
:101F40005037BD4680BD00BFB47A0020DCF60500E6
:101F500080B588B002AF0023FB756A4B1B6893F80D
:101F60002421FF239A420CBF00230123BB75654B3C
:101F70001B6893F82521FF239A420CBF00230123FD
:101F80007B75604B1B6893F82621FF239A420CBF98
:101F9000002301233B755B4B1A683B1D02F59272CF
:101FA0001188927819809A70BB7D002B05D17B7DBA
:101FB000002B02D13B7D002B2AD0524B1B68FF2205
:101FC00083F824214F4B1B68FF2283F825214D4BBA
:101FD0001B68FF2283F826210123FB75BB7D002BA4
:101FE00002D17B7D002B13D00023FB75464B0122D1
:101FF0001A70464800F02AFC38613B69FB60FB68B8
:10200000002B05D0F86840F24E31414AE7F7E2FA7A
:10201000FF231A46FF23FF21009103203D49E6F7E5
:10202000AFF8394B1B78002B08D03B791A467B79E7
:10203000B979009103203849E6F7A2F8314B1B68C3
:1020400093F82830112B10D92E4B1B6803F117027F
:102050000E23104631491A460DF089FA294B1B68A8
:102060000E2283F828200123FB75264B1B6893F86A
:102070002331FA2B10D9234B1B6803F129020023CB
:10208000104627491A460DF072FA1E4B1B680022B3
:1020900083F823210123FB751A4B1B6893F8213227
:1020A000F72B05D8174B1B6893F82132002B10D162
:1020B000144B1B6803F595721623104619491A46EE
:1020C0000DF055FA0F4B1B68162283F821220123CD
:1020D000FB75FB7D002B10D00A4B1B68184600F0E7
:1020E000B5FB38613B69BB60BB68002B05D0B868A5
:1020F00040F27631064AE7F76DFA002318461837A2
:10210000BD4680BDB47A0020BD7A0020C0F3050032
:10211000DCF6050094FB0500D4FB0500D7F30500B1
:10212000E9F30500EAF4050080B584B000AF0A4B7E
:102130001B687B60094BBB603B1D09481946F0F7E3
:1021400043F9F860FB68002B01D0FB6800E0002336
:1021500018461037BD4680BDB47A00205D1C0400CF
:10216000687A002080B588B000AF78603960FFF7EA
:10217000DBFFB861BB697B617B69002B05D07869A7
:102180004FF46671234AE7F725FA0023FB6118E054
:10219000FB69DB007A6813441B68002B0ED0FB69D7
:1021A000DB007A6813441B681B4A12781046984774
:1021B000B861BB69002B01D0BB6926E0FB69013324
:1021C000FB61FA693B689A42E2D307F108031846BB
:1021D000002108220DF0EFF9104BBB6001233B7387
:1021E00001237B7307F108030D481946DEF736F823
:1021F000B861BB693B613B69002B05D0386940F28F
:10220000B131044AE7F7E6F9002318462037BD4606
:1022100080BD00BFDCF60500BD7A0020550F04002C
:10222000D87A00202DE9F047C6B002AFFCF7A2FA39
:10223000C7F80801D7F80831002B10D0B548E5F7EA
:1022400055FF0346D7F8082100920220B2491A46EA
:1022500040F2BE33E5F794FFD7F8083154E1AF4BB5
:102260001B6803F5957216231046AD491A460DF00A
:102270006FF90346002B40F023816B461E46A948A8
:102280002021FCF77FF9C7F80801D7F80831002BA7
:1022900011D0A048E5F72AFF0346D7F8082100929D
:1022A00002209D491A4640F2C333E5F769FFD7F88B
:1022B0000831002200E11B2387F8073197F8071146
:1022C0000B46013BC7F80031CAB24FF000034FEA9A
:1022D000C30949EA52794FEAC208CAB24FF0000373
:1022E000DD0045EA5275D4000B460733DB08DB00FE
:1022F000ADEB030D02AB0033C7F8FC30D7F8FC3070
:1023000000221A70D7F8FC30184687490DF0B2F950
:10231000D7F8FC30184685490DF0ACF9002387F852
:102320000F311DE00023A7F8F830002387F8FA30BA
:1023300097F80F317E4AD35C07F1F80210467D49C9
:102340001A460DF073F9D7F8FC2007F1F803104690
:1023500019460DF08FF997F80F31013387F80F31D7
:1023600097F80F31032BDDD9D7F8FC301846E5F785
:10237000BDFE0346032070491A46E5F7D3FED7F8A1
:10238000FC2097F8073110461946FCF753F8C7F8B8
:102390000801D7F80831002B11D05E48E5F7A6FEFA
:1023A0000346D7F80821009202205B491A4640F202
:1023B000D733E5F7E5FED7F8083100227CE00120AD
:1023C0005E491622FCF790F8C7F80801D7F80831E3
:1023D000002B11D04F48E5F789FE0346D7F80821B6
:1023E000009202204C491A4640F2DA33E5F7C8FE63
:1023F000D7F8083100225FE0FCF70EF9C7F80801B2
:10240000D7F80831002B11D04248E5F76FFE03469C
:10241000D7F80821009202203F491A4640F2DD33E6
:10242000E5F7AEFED7F80831002245E0F72387F83C
:10243000FB303A4607F1FB0310461946FBF7CEFF87
:10244000C7F80801D7F80831002B11D03148E5F75B
:102450004DFE0346D7F80821009202202E491A4665
:1024600040F2E133E5F78CFED7F80831002223E093
:1024700097F8FB203B4683F8F7203B463048194647
:10248000F0F768F8C7F80801D7F80831002B11D029
:102490002048E5F72BFE0346D7F8082100920220DA
:1024A0001D491A4640F2E533E5F76AFED7F80831D0
:1024B000002201E001225346B546012A24D122E040
:1024C000164B1B6803F59572144B1B6893F8213269
:1024D00010461946FBF72CFFC7F80801D7F808315A
:1024E000002B10D00B48E5F701FE0346D7F8082172
:1024F0000092022008491A4640F2EA33E5F740FE0E
:10250000D7F8083100E00023184607F58877BD4664
:10251000BDE8F087DCF60500B0F70500B47A0020CE
:10252000EAF4050044FC0500C07A002064FC0500C4
:10253000D47A002034F8050068FC050094FC0500FE
:10254000687A002080B584B000AF78607B681A6834
:10255000674B1A607B685A68664B1A607B689A689A
:10256000654B1A60FFF71EF9F860FB68002B06D078
:1025700001206249FA68E5F7D5FDFB68B3E0604BDE
:102580005F4AD2F8882042F47002C3F88820BFF373
:102590004F8FBFF36F8F5B480421FEF72BFDF86070
:1025A000FB68002B06D001205749FA68E5F7BAFD11
:1025B000FB6898E05548564900F008FAF860FB6857
:1025C000002B06D001205349FA68E5F7ABFDFB6804
:1025D00089E0FFF7BDFCF860FB68002B06D0012006
:1025E0004D49FA68E5F79EFDFB687CE0FEF776FD55
:1025F000F860FB68002B06D001204849FA68E5F72F
:1026000091FDFB686FE03B4B1A683B4B1B68104623
:102610001946FFF7A7FDF860FB68002B06D00120E4
:102620003F49FA68E5F77EFDFB685CE0FFF716FAC4
:10263000F860FB68002B06D001203A49FA68E5F7FC
:1026400071FDFB684FE0FEF72FFEF860FB68002B82
:1026500006D001203449FA68E5F764FDFB6842E0E2
:102660000320DDF705F9F860FB68002B06D0012098
:102670002E49FA68E5F756FDFB6834E02C4805F072
:1026800023FAF860FB68002B06D001202949FA687C
:10269000E5F748FDFB6826E02548E5F727FD0346FA
:1026A000132025491A46E5F73DFDFFF7BBFDF8600D
:1026B000FB68002B06D001202049FA68E5F732FDBF
:1026C000FB6810E00A20FEF735FCFFF785FAF8609A
:1026D000FB68002B06D001201949FA68E5F722FDB6
:1026E000FB6800E0002318461037BD4680BD00BFE0
:1026F0005C7A0020607A0020647A0020ACFC05003F
:1027000000ED00E0D47A0020E8FC0500C0F30500ED
:10271000B47A00202CFD050068FD0500A8FD050029
:10272000E4FD050030FE05006CFE0500A8FE050076
:10273000C07A0020E8FE050024FF050038FF0500F0
:102740006CFF050080B588B002AF78607B681B78AD
:10275000012B1BD0052B42D0002B4DD17B685B6831
:10276000002B03D1304B01221A700EE001202F49BB
:10277000E5F7C8FC00237B617B69002B05D10020B5
:102780005D212B4AE6F726FF4BE04AE07B685B6859
:10279000002B14D17B689B89B3F5005F1ED17B6849
:1027A0001B7C1A467B689B897968C9890091032044
:1027B0002049E5F7E5FC204B01221A7031E00120A9
:1027C0001E49E5F79FFC00233B613B69002B05D1C7
:1027D00000206F21164AE6F7FDFE22E021E07B682B
:1027E0005B68002B07D103201549E5F78BFC154BDF
:1027F00001221A7015E014E07B681B781A467B688A
:102800005B6803201049E5F7A3FC7B685B68FB600D
:10281000FB68002B04D0F8687B21054AE6F7DAFE56
:1028200000BF1837BD4680BD887E0020A4FF05008C
:10283000D4FF050024000600897E002070000600F9
:10284000A00006008A7E0020D400060080B58AB071
:1028500002AF786003201E49E5F754FC7B68002B2B
:1028600001D10E2330E01B48796840F222220CF09F
:102870007EFE194B42221A60174BBB608A23BB8134
:102880004FF400533B8242F201037B8207F10803BD
:102890007B6101233B8307F1100310481946E4F7DD
:1028A000DFFBF861FB69002B0DD00D48E5F71EFC3E
:1028B0000346FA69009202200A491A469823E5F76E
:1028C0005FFCFB6900E0002318462037BD4680BD51
:1028D00004010600647C0020607C0020547C002001
:1028E000D4FF05003801060080B58AB002AF7860D9
:1028F00007F10C031846002108220CF05CFE0320AF
:102900002C49E5F7FFFB07F10C034FF4005042F2AE
:102910000101294AE4F7E6FBF861FB69002B0DD0C1
:102920002648E5F7E3FB0346FA69009202202449B2
:102930001A46A923E5F724FCFB6937E007F11403E5
:102940001D481946E4F702FBF861FB69002B0DD026
:102950001A48E5F7CBFB0346FA69009202201849B2
:102960001A46AC23E5F70CFCFB691FE0BB69154870
:1029700019464FF40A720CF0FAFD0F48E4F722FBF7
:10298000F861FB69002B0DD00C48E5F7AFFB03465F
:10299000FA69009202200A491A46B123E5F7F0FBD2
:1029A000FB6903E07B68084A1A6000231846203759
:1029B000BD4680BD8C010600547C0020D4FF05007C
:1029C00038010600607C0020647C002080B58AB05D
:1029D00002AF7860396003205D49E5F793FB7B68BF
:1029E000002B01D10E23AEE05A48E4F70BFAF86150
:1029F000FB69002B0DD05848E5F778FB0346FA69D0
:102A00000092022055491A46C223E5F7B9FBFB693B
:102A100099E0E4F71DFAF861FB69002B0DD04E48F0
:102A2000E5F764FB0346FA69009202204B491A4617
:102A3000C523E5F7A5FBFB6985E001E0E5F7D0FEDE
:102A4000474B1B7883F00103DBB2002BF6D1E4F790
:102A50001DFBF861FB69002B0DD03F48E5F746FBF5
:102A60000346FA69009202203C491A46CD23E5F755
:102A700087FBFB6967E001E0E5F7B2FE394B1B78A5
:102A800083F00103DBB2002BF6D13868FFF72CFF8F
:102A9000F861FB690A2B44D103203349E5F732FB87
:102AA0003248796840F222220CF061FD304B42221C
:102AB0001A602F4BBB608A23BB814FF400533B82CB
:102AC00042F201037B8207F108037B6101233B8310
:102AD000284B00221A7007F1100327481946E4F723
:102AE000AFFAF861FB69002B0DD01B48E5F7FEFA41
:102AF0000346FA690092022018491A46EB23E5F7CB
:102B00003FFBFB691FE03B68184A1A6001E0E5F7EC
:102B100067FE184B1B7883F00103DBB2002BF6D164
:102B200010E0FB69002B0DD00B48E5F7DFFA0346F8
:102B3000FA690092022009491A46F623E5F720FBBC
:102B4000FB6900E0002318462037BD4680BD00BF6A
:102B5000BC01060045270400D4FF0500380106002B
:102B6000887E00208A7E0020E8010600647C002028
:102B7000607C0020897E0020547C002080B485B0D9
:102B800000AF7860254BFB607B68002B40D0244B66
:102B90001A68F9687B6800BF00BF00BF00BF00BFB4
:102BA00000BF00BF00BF8A422FD000BF00BF00BFE0
:102BB00000BF00BF00BF00BF00BF00BF00BF00BF1D
:102BC00000BF00BF00BF00BF00BF00BF00BF00BF0D
:102BD00000BF00BF00BF00BF00BF00BF00BF00BFFD
:102BE00000BF00BF00BF00BF00BF00BF00BF00BFED
:102BF00000BF00BF00BF00BF00BF00BF00BF00BFDD
:102C000000BF00BF00BF00BF00BF013BC3D17B605E
:102C10001437BD465DF8047B704700BF0024F40004
:102C2000D042002080B582B000AF78607B684FF45E
:102C30007A7202FB03F31846FFF7A0FF0837BD4680
:102C400080BD00BF80B485B000AF87ED010A386059
:102C5000D7ED017AFDEEE77A17EE903ADAB23B68EB
:102C60001A703B681B785BB207EE103AF8EEC77A31
:102C700097ED017A77EE677AC7ED037A97ED037ADD
:102C8000DFED077A67EE277AFCEEE77A17EE903AE7
:102C9000DAB23B685A701437BD465DF8047B704762
:102CA0000000C84280B584B000AF0346FB80FB88BB
:102CB00018464FF496715022FCF7BAFCF860FB6896
:102CC000002B04D002200349FA68E5F72BFA1037ED
:102CD000BD4680BD4402060080B584B000AF024608
:102CE0000B46FA807B710023FB730AE0FB881846D1
:102CF000FFF7D8FF4FF4E170FFF794FFFB7B013340
:102D0000FB73FA7B7B799A42F0D31037BD4680BDC6
:102D100080B483B000AF03463960FB713B68FA7939
:102D20001A700C37BD465DF8047B704780B485B0DF
:102D300000AF87ED010A3860D7ED017AFDEEE77A42
:102D400017EE902A3B681A603B681B6807EE103A42
:102D5000F8EEC77A97ED017A77EE677AC7ED037AD6
:102D600097ED037ADFED077A67EE277AFCEEE77AD4
:102D700017EE903ADAB23B681A711437BD465DF827
:102D8000047B70470000C84280B584B000AF0246A3
:102D90000B46FA71BB71104B1B78FB73BB79002B90
:102DA00004D0FA7BFB791343FB7305E0FB79DB432B
:102DB000DAB2FB7B1340FB73074B1B78FA7B9A421A
:102DC00006D0054BFA7B1A7004480349F0F702FC61
:102DD0001037BD4680BD00BFEA7E00208C7E0020FB
:102DE00080B586B000AF78607B681B78002B02D07E
:102DF000012B17D022E07B685B78012B11D1FBF708
:102E0000A7FFF0EE407A07F10C03B0EE670A184610
:102E1000FFF78CFF07F10C030A481946F0F7DAFABE
:102E20000CE00BE000237B617B69002B05D10020C7
:102E3000E021054AE6F7CEFBFFE700BF1837BD46A5
:102E400080BD00BF8C7E00208802060080B58CB05B
:102E500000AF0346FB71FB79002B40F0EE80F8F7E2
:102E6000ABFF87ED0B0AF8F7FDFE03467B8507F104
:102E70000C0397ED0B0A1846FFF7E4FE7B8DDAB2E0
:102E800007F10B0310461946FFF742FF7B8D272BF6
:102E90008CBF0023012387F829307B8D412B94BF01
:102EA0000023012387F8283097ED0B7AF3EE0C7A94
:102EB000B4EEE77AF1EE10FA08DC97ED0B7AF2EE59
:102EC0000E7AB4EEE77AF1EE10FA01D5012300E0B4
:102ED000002387F8273097F8273003F0010387F89D
:102EE00027305D4B93F84330002B0BD097F82930F7
:102EF00002201946FFF748FF97F8273004201946AB
:102F0000FFF742FF97F82930002B18D0534B1B785E
:102F100083F00103DBB2002B11D0504B01221A7059
:102F200002204F49E5F7EEF800200021642203F06B
:102F300083FE4FF461700221FFF7CEFE09E097F89F
:102F4000293083F00103DBB2002B02D0434B002277
:102F50001A7097F82830002B18D0424B1B7883F05A
:102F60000103DBB2002B11D03E4B01221A7002206C
:102F70003D49E5F7C7F800206421642203F05CFEB8
:102F80004FF4FA700321FFF7A7FE09E097F8283005
:102F900083F00103DBB2002B02D0324B00221A7007
:102FA000324B1B78002B14D07B8D184697ED0B0A03
:102FB00000F038FB38623B6AFB61FB69002B05D0EF
:102FC000F86940F22F112A4AE6F704FB274B00224A
:102FD0001A70284B1B78002B14D007F10C031E48E5
:102FE0001946F0F7B7F938623B6ABB61BB69002B41
:102FF00005D0B8694FF49D711D4AE6F7EBFA1D4BF9
:1030000000221A701C4B1B78002B15D007F10B0304
:1030100011481946F0F71EFA38623B6A7B617B69FA
:10302000002B05D0786940F24111114AE6F7D2FA37
:10303000114B00221A700BE00AE000233B613B6950
:10304000002B05D1002040F24711094AE6F7C2FAE9
:103050003037BD4680BD00BF8C7E0020E77E00205B
:10306000DC020600E87E00202C030600DE7E002045
:1030700088020600DD7E0020DC7E002080B584B062
:1030800000AF78607B68002B37D07B681B883B8162
:103090007B685B887B817B89642B94BF0023012341
:1030A000FB73FB7B002B19D0154B1B7883F00103BE
:1030B000DBB2002B12D0124B01221A707B89022046
:1030C00010491A46E5F72EF864200021642203F027
:1030D000B3FD40F6FC00FFF7E5FD08E0FB7B83F065
:1030E0000103DBB2002B02D0054B00221A7007F15E
:1030F000080305481946F0F7EDF91037BD4680BDC5
:10310000E97E0020880306008C7E002080B58AB00E
:1031100004AF78600020F6F7ABFC7B68002B6FD023
:103120007B681B88BB817B685B88FB817B689B8895
:103130003B827B68DB887B827B8A032B8CBF0023EE
:103140000123FB757B8AF87D2F4A127811462F4A9E
:10315000127800900191029203202D491A46032310
:10316000E5F744F8FB7D002B0AD0274B1B78FF2B9B
:103170000CD0254B1B780133DAB2234B1A7005E0D3
:10318000214B00221A70214B00221A701E4B1B7813
:10319000022B94BF00230123BB751E4B93F84330D1
:1031A000002B04D0BB7D01201946FFF7EDFDBB7D50
:1031B000002B1FD0154B1B7883F00103DBB2002BD3
:1031C00018D0124B01221A707B8A1A46BB89F989E2
:1031D0000846398A0090019102200F49E4F7EAFF7E
:1031E00064200021002203F027FD4FF4E16001215B
:1031F000FFF772FD07F10C0306481946F0F7AAF92C
:103200001837BD4680BD00BF8B7E0020E67E0020C3
:10321000E80306008C7E00204804060080B584B0D8
:1032200000AF7860094B01221A70F8F769FEF86068
:10323000FB68BB60BB68002B05D0B8684FF4E57134
:10324000034AE6F7C7F91037BD4680BDDD7E002092
:1032500088020600F0B585B002AF384B1B78002B12
:1032600001D0002366E0364B01221A70354B012253
:103270001A70F8F729FC78607B68002B0ED0324872
:10328000E4F734FF03467A68009202202F491A4679
:1032900040F2DD13E4F774FF7B684BE0F8F730FE93
:1032A00078607B68002B0ED02748E4F71FFF0346A9
:1032B0007A680092022025491A464FF4F073E4F729
:1032C0005FFF7B6836E0224E224B1B681B889BB257
:1032D0009AB24FF00003DD0345EA5245D40314F5DA
:1032E000FA7245F10003104619464FF47A724FF016
:1032F000000313F0F3FC02460B4613463046194612
:103300000022E6F707F978607B68002B0ED00E48A4
:10331000E4F7ECFE03467A68009202200B491A4655
:1033200040F2E513E4F72CFF7B6803E0034B012236
:103330001A70002318460C37BD46F0BDE27E00200F
:10334000DD7E0020E17E0020880206009404060055
:10335000EC7E0020D47E002080B586B002AF03460C
:10336000FB712B4B00221A702A4B1B7883F0010350
:10337000DBB2002B19D0FB79002B14D0264B1B7825
:1033800083F00103DBB2002B0DD0244B1B7883F0BC
:103390000103DBB2002B06D0214B00221A70F8F794
:1033A00001FC03462FE000232DE01E4B1846E6F7F4
:1033B000E5F8F860FB68002B0ED01B48E4F796FE9A
:1033C0000346FA680092022018491A464FF4007327
:1033D000E4F7D6FEFB6816E00E4B00221A70FB796C
:1033E000002B0FD00E4B00221A700C4B1B7883F071
:1033F0000103DBB2002B03D0F8F7D4FB034602E055
:10340000002300E0002318461037BD4680BD00BFF2
:10341000DD7E0020E27E0020E47E0020E07E0020B1
:10342000E17E0020EC7E0020880206009404060065
:1034300080B584B000AF7860FBF7DCFCF860FB6817
:10344000BB60BB68002B05D0B86840F22121034A5D
:10345000E6F7C0F81037BD4680BD00BF8802060001
:10346000F0B587B002AF2E4B1B78002B01D00023A4
:1034700052E0FBF751FBF860FB68BB60BB68002BB8
:1034800005D0B86840F23121264AE6F7A3F8FBF7E9
:10349000B1FCF860FB687B607B68002B05D0786826
:1034A0004FF40D711F4AE6F795F81F4E1F4B1B682E
:1034B0005B889BB29AB24FF00003DD0345EA5245A8
:1034C000D40314F5FA7245F10003104619464FF47F
:1034D0007A724FF0000313F001FC02460B461346CC
:1034E000304619460022E6F715F8F860FB68002B15
:1034F0000ED00C48E4F7FAFD0346FA680092022069
:103500000B491A4640F23A23E4F73AFEFB6803E01F
:10351000034B01221A70002318461437BD46F0BD34
:10352000E37E0020880206000C7F0020D47E00206D
:103530009404060080B584B002AF134B1B78002BB7
:1035400001D000231CE0114B1846E6F717F878600D
:103550007B68002B0ED00E48E4F7C8FD03467A685E
:10356000009202200B491A464FF41373E4F708FE49
:103570007B6805E0044B00221A70FBF78BFB0346C7
:1035800018460837BD4680BDE37E00200C7F002032
:10359000880206009404060080B586B000AF78600B
:1035A00000237B811B4B1B78012B2FD107F10A03D2
:1035B000184600F0B7F978617B693B613B69002BE5
:1035C00005D0386940F25F21134AE6F703F87B899A
:1035D000002B04D102201149E4F794FD0FE07B8910
:1035E0001846F7F7A3F978617B69FB60FB68002B4D
:1035F00005D0F8684FF41A71074AE5F7EBFF054B61
:1036000002221A70064B1846E5F7B8FF1837BD4678
:1036100080BD00BFDF7E002088020600E8040600AF
:103620006C7F002080B588B002AF034687ED000AAA
:10363000FB801A4B1B78002B2AD0FB881A4692007D
:1036400013445B00FB8297ED007ADFED157A67EE9D
:10365000277AFDEEE77A17EE903A3B61FB8A18462F
:103660003969F7F79FF8F860FB68002B0ED00D481A
:10367000E4F73CFD0346FA68009202200A491A4624
:1036800040F28B23E4F77CFDFB6802E0002300E0BE
:10369000002318461837BD4680BD00BFE07E0020DD
:1036A00000007A44880206009404060080B584B0C5
:1036B00002AF124B00221A70114B1B78002B14D151
:1036C000F8F770FA78607B68002B0ED00D48E4F7AD
:1036D0000DFD03467A68009202200B491A4640F21B
:1036E000A723E4F74DFD7B6804E0084B1846E5F797
:1036F00045FF034618460837BD4680BDE07E0020E2
:10370000E17E002088020600940406006C7F002001
:1037100080B584B000AF7860094B01221A70F8F7C9
:10372000EFFBF860FB68BB60BB68002B05D0B86896
:1037300040F2B921034AE5F74DFF1037BD4680BD81
:10374000DC7E002088020600F0B585B002AF384B61
:103750001B78002B01D0002366E0364B01221A7043
:10376000354B01221A70F8F7AFF978607B68002BAF
:103770000ED03248E4F7BAFC03467A680092022081
:103780002F491A4640F2CB23E4F7FAFC7B684BE062
:10379000F8F7B6FB78607B68002B0ED02748E4F77B
:1037A000A5FC03467A680092022025491A4640F299
:1037B000CE23E4F7E5FC7B6836E0224E224B1B6803
:1037C0009B889BB29AB24FF00003DD0345EA524555
:1037D000D40314F5FA7245F10003104619464FF46C
:1037E0007A724FF0000313F079FA02460B46134643
:1037F000304619460022E5F78DFE78607B68002B85
:103800000ED00E48E4F772FC03467A68009202205C
:103810000B491A464FF43573E4F7B2FC7B6803E0BA
:10382000034B01221A70002318460C37BD46F0BD29
:10383000E47E0020DC7E0020E17E0020880206007D
:10384000940406002C7F0020D47E002080B586B032
:1038500002AF0346FB712B4B00221A702A4B1B78D8
:1038600083F00103DBB2002B19D0FB79002B14D0BD
:10387000264B1B7883F00103DBB2002B0DD0244BC9
:103880001B7883F00103DBB2002B06D0214B002212
:103890001A70F8F787F903462FE000232DE01E4B3E
:1038A0001846E5F76BFEF860FB68002B0ED01B484E
:1038B000E4F71CFC0346FA680092022018491A46F5
:1038C00040F2EF23E4F75CFCFB6816E00E4B0022AD
:1038D0001A70FB79002B0FD00E4B00221A700C4B84
:1038E0001B7883F00103DBB2002B03D0F8F75AF901
:1038F000034602E0002300E0002318461037BD46CF
:1039000080BD00BFDC7E0020E47E0020E27E00203F
:10391000E07E0020E17E00202C7F0020880206004F
:103920009404060080B483B000AF78601A4B1B6823
:103930001B7A032B26D801A252F823F04D3904003C
:103940005B3904006939040077390400134B1B68A4
:103950001B889AB27B681A8016E0104B1B685B8844
:103960009AB27B681A800FE00C4B1B689B889AB256
:103970007B681A8008E0094B1B68DB889AB27B6879
:103980001A8001E0082300E0002318460C37BD46EA
:103990005DF8047B704700BFD47E0020D87E0020F5
:1039A00080B586B002AF0346FB80224B1B681B7AB2
:1039B000032B1FD801A252F823F000BFCD39040019
:1039C000D7390400E1390400EB3904001A4B1B68B5
:1039D000FA881A8010E0184B1B68FA885A800BE0AE
:1039E000154B1B68FA889A8006E0134B1B68FA880F
:1039F000DA8001E0082318E00F4B1B68184601F03D
:103A000029F8F860FB68002B0ED00C48E4F76EFB39
:103A10000346FA680092022009491A4640F24A33E6
:103A2000E4F7AEFBFB6800E0002318461037BD4604
:103A300080BD00BFD47E0020D87E00208802060012
:103A40009404060080B584B002AF234B1B681B7A38
:103A5000032B17D801A252F823F000BF6D3A0400DF
:103A6000733A0400793A04007F3A04000023FB71A2
:103A70000BE00123FB7108E00223FB7105E0032347
:103A8000FB7102E00223FB7100BFFB791846F6F7D9
:103A9000AFFF38603B68002B0ED01048E4F726FBE0
:103AA00003463A68009202200D491A4640F26B33F1
:103AB000E4F766FB3B680AE00A4B01221A700A4BE6
:103AC00018464FF061710022E5F724FD03461846C1
:103AD0000837BD4680BD00BFD47E002088020600A6
:103AE00094040600DF7E00206C7F002080B584B047
:103AF00002AF284B1B78022B42D1FFF7D7FD78602D
:103B00007B68002B0ED02448E4F7F0FA03467A686D
:103B10000092022021491A4640F27D33E4F730FB3F
:103B20007B6833E0BB1C1846F6F7A0FE78607B6824
:103B3000002B0ED01848E4F7D9FA03467A680092B1
:103B4000022016491A464FF46073E4F719FB7B68AC
:103B50001CE07B881846FFF723FF78607B68002B0A
:103B60000ED00D48E4F7C2FA03467A6800920220AC
:103B70000A491A4640F28333E4F702FB7B6805E00A
:103B8000044B00221A70F7F79BF8034618460837D3
:103B9000BD4680BDDF7E002088020600940406003A
:103BA00080B584B000AF78600020F5F761FFF3F7CF
:103BB0007BFFF860FB68BB60BB68002B05D0B86872
:103BC0004FF46671024AE5F705FD1037BD4680BD2A
:103BD00088020600F0B587B002AF304B1B78002B8F
:103BE00001D0002355E0F3F7C5FFF860FB68BB6028
:103BF000BB68002B05D0B86840F2AD31284AE5F724
:103C0000E9FC0020F5F734FFF3F74EFFF860FB689E
:103C10007B607B68002B05D0786840F2B231204A87
:103C2000E5F7D8FC1F4E204B1B68DB889BB29AB28D
:103C30004FF00003DD0345EA5245D40314F5FA7250
:103C400045F10003104619464FF47A724FF0000315
:103C500013F044F802460B4613463046194600223C
:103C6000E5F758FCF860FB68002B0ED00C48E4F731
:103C70003DFA0346FA68009202200C491A4640F2C7
:103C8000B733E4F77DFAFB6803E0044B01221A70B6
:103C9000002318461437BD46F0BD00BFE57E002066
:103CA000880206004C7F0020D47E00209404060089
:103CB00080B584B000AF194B1B7883F00103DBB2F1
:103CC000002B01D0002324E0154B1846E5F756FCE5
:103CD000F860FB68BB60BB68002B05D0B86840F299
:103CE000C931104AE5F776FC0C4B00221A7000200F
:103CF000F5F7BEFEF4F71AF8F860FB687B607B68A6
:103D0000002B05D078684FF47471064AE5F762FC21
:103D1000002318461037BD4680BD00BFE57E002059
:103D20004C7F00208802060080B584B000AF786028
:103D30007B681B889BB2632B32D97B681B889AB245
:103D40004EF660239A422BD87B685B889BB2312B5E
:103D500026D97B685B889AB24EF660239A421FD8B8
:103D60007B689B889BB2632B1AD97B689B889AB22D
:103D70004EF660239A4213D87B68DB889BB2C72B30
:103D80000ED97B68DB889AB24EF660239A4207D838
:103D90007B681B7A002B03D07B681B7A032B0ED920
:103DA000094800F097FDF860FB68BB60BB68002B1A
:103DB00005D0B86840F2E631044AE5F70BFC002371
:103DC00018461037BD4680BD1C020600880206005A
:103DD00080B588B000AF78607B68002B01D10E23DE
:103DE0006AE00020FFF7B8FAFFF7A4FB0120FFF715
:103DF0002DFDFFF75DFF7B681B889BB2002B12D067
:103E00002F4B93F83E30002B0DD0FFF723FAF861CB
:103E1000FB69BB61BB69002B05D0B86940F2FF317B
:103E2000284AE5F7D7FB7B685B889BB2002B12D052
:103E3000234B93F83F30002B0DD0FFF711FBF861B7
:103E4000FB697B617B69002B05D0786940F20641F4
:103E50001C4AE5F7BFFB7B689B889BB2002B17D001
:103E6000174B93F84030002B04D1154B93F8433097
:103E7000002B0DD0FFF768FCF861FB693B613B69E3
:103E8000002B05D0386940F20D410E4AE5F7A2FB40
:103E90007B68DB889BB2002B0DD0FFF79BFEF8619F
:103EA000FB69FB60FB68002B05D0F86840F2144109
:103EB000044AE5F78FFB002318462037BD4680BD36
:103EC0008C7E00208802060080B596B000AFF860B6
:103ED0007A600A46FA723B81FB7A062B00F29681E1
:103EE00001A252F823F000BF053F04007D3F04000B
:103EF000C73F04003F40040089400400B340040071
:103F0000AD410400FB6893F83E30002B0FD0FFF763
:103F1000A1F978657B6D3B653B6D002B06D0386D54
:103F200040F233419D4AE5F755FB26E025E0FB686A
:103F300093F8403083F00103DBB2002B09D0FB681B
:103F400093F8433083F00103DBB2002B01D001234F
:103F500000E0002303F00103DBB21846FFF7FCF991
:103F600078657B6DFB64FB6C002B06D0F86C4FF41E
:103F700087618A4AE5F72EFB49E148E1FB6893F83F
:103F80003F30002B0FD0FFF76BFA78657B6DBB6479
:103F9000BB6C002B06D0B86C40F241417F4AE5F77C
:103FA00019FB0FE00EE0FFF7C5FA78657B6D7B64C7
:103FB0007B6C002B06D0786C40F24641774AE5F7DF
:103FC00009FB24E123E1FB6893F84030002B0FD07C
:103FD000FFF7BAFB78657B6D3B643B6C002B06D02A
:103FE000386C40F24F416D4AE5F7F4FA26E025E0DF
:103FF000FB6893F8433083F00103DBB2002B1DD044
:10400000FB6893F83E30002B0CBF00230123DBB28A
:1040100083F00103DBB203F00103DBB21846FFF7C4
:1040200015FC78657B6DFB63FB6B002B06D0F86B92
:1040300040F25541594AE5F7CDFAE8E0E7E0FB6880
:1040400093F84130002B0FD0FFF7FCFC78657B6DB7
:10405000BB63BB6B002B06D0B86B40F25F414F4A8D
:10406000E5F7B8FA0FE00EE0FFF740FD78657B6DED
:104070007B637B6B002B06D0786B40F26441474A30
:10408000E5F7A8FAC3E0C2E0FB6893F84230002BE2
:104090000ED0FFF79FFD78657B6D3B633B6B002B7C
:1040A00006D0386B40F26D413C4AE5F793FAFFE7E2
:1040B000ADE0FB6893F84330002B2FD0384B002243
:1040C0001A70384B1B689B889BB2002B0DD0FFF7F2
:1040D0003BFB78657B6DFB62FB6A002B05D0F86AC1
:1040E00040F283412D4AE5F775FA2E4B1B68DB88B9
:1040F0009BB2002B0DD0FFF76DFD78657B6DBB6229
:10410000BB6A002B05D0B86A4FF49161234AE5F7EA
:1041100061FA25482249EFF75DFA3EE0204B002284
:104120001A70FB6893F8403083F00103DBB2002B78
:104130001CD0FB6893F83E30002B0CBF00230123FA
:10414000DBB283F00103DBB203F00103DBB21846FC
:10415000FFF77CFB78657B6D7B627B6A002B05D06B
:10416000786A4FF493610D4AE5F734FAFB6893F8E7
:10417000423083F00103DBB2002B0ED0FFF798FD35
:1041800078657B6D3B623B6A002B06D0386A40F253
:104190009E41024AE5F71EFA39E038E0880206003F
:1041A000EA7E0020D47E00208C7E00203B890C2BF0
:1041B00014BF00230123DBB2FB61FB69002B05D197
:1041C00000204FF49561134AE5F704FA786800F08F
:1041D00081FB78657B6DBB61BB69002B05D0B8693D
:1041E00040F2AB410B4AE5F7F5F97868FFF7F0FDCF
:1041F00078657B6D7B617B69002B06D0786940F226
:10420000AE41044AE5F7E6F901E000E000BF5837A7
:10421000BD4680BD8802060080B598B002AF034657
:10422000FB71002387F84830002387F849300023CA
:104230003B64002387F84430002387F83F30002395
:10424000BB860023FB8600233B8700237B8700235C
:104250003B8600237B86002387F82F304B484C4950
:104260004C4A4D4B00F0AAFC78657B6D002B0ED0BC
:104270004A48E3F73BFF03467A6D00920220484923
:104280001A4640F2CC43E3F77BFF7B6D79E0FB7984
:10429000002B1DD03D4800F01DFB78657B6D3B6514
:1042A0003B6D002B05D0386D40F2D1413B4AE5F71C
:1042B00091F9384800F0CEFB78657B6DFB64FB6CB0
:1042C000002B05D0F86C40F2D441344AE5F782F96E
:1042D0002F4B1B681846FFF727FD78657B6D002B79
:1042E0000ED02E48E3F702FF03467A6D00920220BB
:1042F0002B491A464FF49B63E3F742FF7B6D40E086
:1043000007F10C031846002120220BF054F907F1A5
:104310004803FB6007F140033B6107F13F037B610A
:1043200007F13403FB6107F13003BB6107F12F0391
:104330003B62174B1B687B621A4BBB6203201A4916
:10434000E3F7E0FE07F10C0318481946EEF75CFFAF
:1043500078657B6D002B0ED01048E3F7C7FE03464F
:104360007A6D009202200E491A4640F2E743E3F7C5
:1043700007FF7B6D05E0064B1B681846FFF728FD1D
:10438000002318465837BD4680BD00BF1C020600FA
:10439000D47E002028020600D87E00208802060075
:1043A00094040600C93E0400500506008C7E0020DF
:1043B00080B584B000AF78600C487968EEF7F2FE03
:1043C0007B681B88112B0DD100F0B6F8F860FB68F4
:1043D000BB60BB68002B05D0B86840F2FD41044AC1
:1043E000E5F7F8F81037BD4680BD00BF8C7E002091
:1043F0008802060080B588B000AF78600023FB61BA
:104400005F233B721823FB607B683B61074B7B613A
:10441000074BBB6107F108031846F7F75DFAF8612F
:10442000FB6918462037BD4680BD00BFA4050600C5
:104430004D2E040080B588B000AF78605C233B72DD
:104440001723FB607B683B61074B7B61074BBB61BC
:1044500001233B7707F108031846FAF7C1FA034630
:1044600018462037BD4680BDB4050600E12D040086
:1044700080B58AB002AF78607B68FB60114B3B610E
:104480005A233B75104BBB6107F10C031846F6F736
:1044900009FDF861FB69002B0ED00C48E3F726FEFE
:1044A0000346FA690092022009491A4640F249532C
:1044B000E3F766FEFB6900E0002318462037BD469F
:1044C00080BD00BFC40506007D30040088020600E0
:1044D0009404060080B58AB002AF78607B68FB6008
:1044E000114B3B6138233B75104BBB6107F10C034B
:1044F0001846F3F739FAF861FB69002B0ED00C4827
:10450000E3F7F4FD0346FA690092022009491A46CE
:1045100040F26253E3F734FEFB6900E000231846E3
:104520002037BD4680BD00BFD40506000D31040014
:10453000880206009404060080B586B000AF002013
:10454000FEF70AFF78617B693B613B69002B05D070
:10455000386940F27351204AE5F73CF8FEF7EAFF6C
:1045600078617B69FB60FB68002B05D0F86840F23E
:104570007651194AE5F72EF80120FFF767F97861BF
:104580007B69BB60BB68002B05D0B86840F27951ED
:10459000114AE5F71FF8FFF78BFB78617B697B60B9
:1045A0007B68002B05D0786840F27C510A4AE5F719
:1045B00011F8FFF79BFA78617B693B603B68002B41
:1045C00005D0386840F27F51034AE5F703F800232D
:1045D00018461837BD4680BD8802060080B58CB0ED
:1045E00002AF786039607B68002B01D10E23BDE0FB
:1045F0003B68002B01D10E23B8E003205D49E3F7AF
:1046000081FD7B685C4A5A607B685C4A1A603B6843
:104610001B681846FFF70EFF78627B6A3B623B6AB5
:10462000002B05D0386A40F29351554AE4F7D2FF87
:104630003B681B681846FFF7DDFE78627B6AFB610A
:10464000FB69002B05D0F86940F296514C4AE4F71B
:10465000C1FF3B681B681846FFF70AFF78627B6A58
:10466000BB61BB69002B05D0B86940F29951444A3F
:10467000E4F7B0FF3B681B681846FFF72BFF786232
:104680007B6A7B617B69002B05D0786940F29C5185
:104690003B4AE4F79FFF3B4801213B4AE4F706FF12
:1046A00078627B6A3B613B69002B05D038694FF427
:1046B000B461334AE4F78EFF34480121344AE4F709
:1046C000F5FE78627B6AFB60FB68002B05D0F8681A
:1046D00040F2A3512A4AE4F77DFF2E4801212E4AD9
:1046E000E4F7E4FE78627B6A002B0ED02448E3F7FF
:1046F000FDFC03467A6A0092022028491A4640F2DD
:10470000A653E3F73DFD7B6A30E025480121254AA9
:10471000E4F7CCFE78627B6A002B0ED01848E3F7F2
:10472000E5FC03467A6A009202201C491A4640F2D0
:10473000A953E3F725FD7B6A18E01B4801211B4ABA
:10474000E4F7B4FE78627B6A002B0ED00C48E3F7E6
:10475000CDFC03467A6A0092022010491A4640F2C4
:10476000AC53E3F70DFD7B6A00E0002318462837C1
:10477000BD4680BD80050600B14304001942040017
:1047800088020600300206001D32040034020600D2
:104790003134040038020600113704009404060086
:1047A0003C020600A13B04004002060099350400CB
:1047B00080B588B002AF78607B681B78002B02D090
:1047C000012B1BD059E07B685B68002B06D1374B6F
:1047D00001221A70364B01221A700EE00120354971
:1047E000E3F790FC00237B617B69002B05D100205F
:1047F0007221314AE4F7EEFE54E053E07B685B68D7
:10480000002B2AD17B689A8941F201039A420ED18A
:104810007B681B7C1A467B689B897968C9890091F3
:1048200003202649E3F7ACFC254B01221A707B6874
:104830009A8941F203039A421ED17B681B7C1A4677
:104840007B689B897968C989009103201D49E3F73A
:1048500097FC1D4B01221A7024E001201B49E3F74D
:1048600051FC00233B613B69002B05D100208C21CA
:10487000114AE4F7AFFE15E014E07B681B781A4696
:104880007B685B6803201249E3F762FC7B685B6826
:10489000FB60FB68002B04D0F8689121064AE4F71E
:1048A00099FE00BF1837BD4680BD00BFC17F002004
:1048B000C37F0020E4050600140606006C0606000F
:1048C000C07F0020BC060600C27F00201007060043
:1048D0004007060080B58AB002AF786003201E4909
:1048E000E3F710FC7B68002B01D10E232FE01B485F
:1048F00079680C220AF03BFE194B42221A60184BD1
:10490000BB600423BB8141F201033B8241F20203FD
:104910007B8207F108037B6101233B8307F11003CE
:1049200010481946E2F79CFBF861FB69002B0DD09B
:104930000D48E3F7DBFB0346FA69009202200B49BE
:104940001A46AE23E3F71CFCFB6900E0002318467F
:104950002037BD4680BD00BF70070600A87F00203D
:10496000A47F00208C7F002014060600A00706000C
:1049700080B58AB002AF786007F10C0318460021B9
:1049800008220AF018FE03202C49E3F7BBFB07F1CD
:104990000C0341F2010041F20201294AE2F7A2FBB5
:1049A000F861FB69002B0DD02648E3F79FFB034617
:1049B000FA690092022024491A46BF23E3F7E0FB7C
:1049C000FB6936E007F114031D481946E2F7BEFA09
:1049D000F861FB69002B0DD01A48E3F787FB03460B
:1049E000FA690092022018491A46C223E3F7C8FB6D
:1049F000FB691EE0BB691548194610220AF0B7FD95
:104A00000F48E2F7DFFAF861FB69002B0DD00D4883
:104A1000E3F76CFB0346FA69009202200A491A4642
:104A2000C723E3F7ADFBFB6903E07B68084A1A6024
:104A3000002318462037BD4680BD00BFF40706009E
:104A40008C7F002014060600A0070600A47F00202B
:104A5000A87F002080B58AB002AF78607B68002B09
:104A600001D10E232FE01A48796808220AF07FFD51
:104A7000184B42221A60174BBB600323BB8141F2E3
:104A800003033B8241F204037B8207F108037B614D
:104A900001233B8307F110030F481946E2F7E0FAC0
:104AA000F861FB69002B0DD00C48E3F71FFB0346B0
:104AB000FA69009202200A491A46E623E3F760FBEE
:104AC000FB6900E0002318462037BD4680BD00BFCB
:104AD000B87F0020B47F0020987F002014060600D5
:104AE000A007060080B58AB002AF786007F10C031A
:104AF0001846002108220AF05EFD07F10C0341F27E
:104B0000030041F20401284AE2F7ECFAF861FB697C
:104B1000002B0DD02548E3F7E9FA0346FA69009225
:104B2000022023491A46F723E3F72AFBFB6936E004
:104B300007F114031C481946E2F708FAF861FB690B
:104B4000002B0DD01948E3F7D1FA0346FA69009219
:104B5000022017491A46FA23E3F712FBFB691EE00D
:104B6000BB69144819460C220AF001FD0E48E2F711
:104B700029FAF861FB69002B0DD00C48E3F7B6FA6F
:104B80000346FA690092022009491A46FF23E3F717
:104B9000F7FAFB6903E07B68074A1A6000231846AE
:104BA0002037BD4680BD00BF987F00201406060058
:104BB000A0070600B47F0020B87F002080B592B027
:104BC00002AFF860B9607A603B6003208C49E3F77C
:104BD00099FAFB68002B01D10E230DE17B68002BB5
:104BE00001D10E2308E18748E2F70CF9F863FB6B6B
:104BF000002B0ED08448E3F779FA0346FA6B009253
:104C0000022082491A464FF48A73E3F7B9FAFB6B24
:104C1000F2E0E2F71DF9F863FB6B002B0ED07A4847
:104C2000E3F764FA0346FA6B0092022077491A46CA
:104C300040F21713E3F7A4FAFB6BDDE001E0E3F7C2
:104C4000CFFD734B1B7883F00103DBB2002BF6D151
:104C5000704B1B7883F00103DBB2002BEFD1B868F7
:104C6000FFF786FEF863FB6B0A2B44D103206A49E9
:104C7000E3F748FA6948F9680C220AF078FC684BB7
:104C800042221A60664BBB620423BB8541F20103DA
:104C90003B8641F202037B8607F128037B630123F5
:104CA0003B87604B00221A7007F130035E481946BB
:104CB000E2F7C6F9F863FB6B002B0ED05248E3F71E
:104CC00015FA0346FA6B0092022050491A4640F248
:104CD0003513E3F755FAFB6B8EE0BB684F4A1A6059
:104CE00001E0E3F77DFD4F4B1B7883F00103DBB25E
:104CF000002BF6D111E0FB6B002B0ED04248E3F7FE
:104D0000F5F90346FA6B0092022040491A464FF427
:104D1000A073E3F735FAFB6B6EE03868FFF7E2FE4D
:104D2000F863FB6B0A2B54D17B681B889BB21A4635
:104D30007B685B889BB27968898889B20846796804
:104D4000C98889B20090019103203849E3F732FA0B
:104D50003748796808220AF00AFC364B42221A606A
:104D6000344B7B6103233B8341F20303BB8341F25A
:104D70000403FB8307F114033B620123BB842E4B26
:104D800000221A7007F11C032C481946E2F758F963
:104D9000F863FB6B002B0ED01B48E3F7A7F9034623
:104DA000FA6B0092022019491A464FF4AD73E3F7EB
:104DB000E7F9FB6B20E03B681D4A1A6001E0E3F76E
:104DC0000FFD1D4B1B7883F00103DBB2002BF6D1E6
:104DD00011E0FB6B002B0ED00B48E3F787F903467D
:104DE000FA6B0092022009491A4640F26513E3F774
:104DF000C7F9FB6B00E0002318464037BD4680BD75
:104E000024080600B147040014060600A0070600A7
:104E1000C17F0020C37F002050080600A87F00202B
:104E2000A47F0020C07F00208C7F00208408060023
:104E3000B87F0020B47F0020C27F0020987F002030
:104E400080B588B000AF78607B68002B01D10E235D
:104E500023E07B681B889BB2BB817B685B889BB22D
:104E6000FB817B689B889BB23B827B68DB889BB223
:104E70007B827B681B7A3B7507F10C031846F8F7B9
:104E80009BFEF861FB69BB61BB69002B04D0B8696C
:104E90006421044AE4F79EFB002318462037BD46F0
:104EA00080BD00BFEC08060080B59CB000AFF86084
:104EB0007A600A46FA723B81FB7A092B00F214826F
:104EC00001A252F823F000BF81520400F14E040009
:104ED0004F4F0400AD4F0400075004009D500400E4
:104EE000F750040051510400CD5104002752040032
:104EF000FB6893F856300320A4491A46E3F712F9E9
:104F0000FB6893F85630002B10D04FF48070F8F700
:104F10009BFCF866FB6EBB66BB6E002B05D0B86EC3
:104F200078219B4AE4F756FB10E00FE04FF48070C5
:104F3000F8F7B4FDF866FB6E7B667B6E002B05D040
:104F4000786E7D21924AE4F745FBCEE1CDE1FB6826
:104F500093F8573003208F491A46E3F7E3F8FB68CC
:104F600093F85730002B10D04FF40070F8F76CFC1A
:104F7000F866FB6E3B663B6E002B05D0386E8621D3
:104F8000834AE4F727FB10E00FE04FF40070F8F7D6
:104F900085FDF866FB6EFB65FB6D002B05D0F86D9B
:104FA0008B217B4AE4F716FB9FE19EE1FB6893F8B7
:104FB0005830032078491A46E3F7B4F8FB6893F8B1
:104FC0005830002B0FD00820F8F73EFCF866FB6E37
:104FD000BB65BB6D002B05D0B86D94216C4AE4F71E
:104FE000F9FA0FE00EE00820F8F758FDF866FB6EBE
:104FF0007B657B6D002B05D0786D9921644AE4F7C1
:10500000E9FA72E171E1FB6893F8593003206349D2
:105010001A46E3F787F8FB6893F85930002B1ED047
:105020004FF48060F8F710FCF866FB6E3B653B6D53
:10503000002B04D0386DA521554AE4F7CBFA0720A0
:10504000F8F702FCF866FB6EFB64FB6C002B05D0E6
:10505000F86CA8214E4AE4F7BDFA1EE01DE04FF4BB
:105060008060F8F71BFDF866FB6EBB64BB6C002B21
:1050700004D0B86CAD21464AE4F7ACFA0720F8F743
:105080000DFDF866FB6E7B647B6C002B05D0786CA5
:10509000B0213F4AE4F79EFA27E126E1FB6893F846
:1050A0005A3003203E491A46E3F73CF8FB6893F870
:1050B0005A30002B0FD00720F8F7C6FBF866FB6EBE
:1050C0003B643B6C002B05D0386CB921304AE4F7C7
:1050D00081FA0FE00EE00720F8F7E0FCF866FB6EBF
:1050E000FB63FB6B002B05D0F86BBE21284AE4F76D
:1050F00071FAFAE0F9E0FB6893F85B300320294984
:105100001A46E3F70FF8FB6893F85B30002B0FD0DB
:105110001020F8F799FBF866FB6EBB63BB6B002BA6
:1051200005D0B86BC7211A4AE4F754FA0FE00EE035
:105130001020F8F7B3FCF866FB6E7B637B6B002BEB
:1051400005D0786BCC21124AE4F744FACDE0CCE0EC
:10515000FB6893F85C30032013491A46E2F7E2FF3C
:10516000FB6893F85C30002B20D02020F8F76CFB14
:10517000F866FB6E3B633B6B002B05D0386BD5218B
:10518000034AE4F727FA20E01FE000BF38090600D1
:10519000EC08060084090600D8090600240A060067
:1051A000740A0600C00A06000C0B06002020F8F75F
:1051B00075FCF866FB6EFB62FB6A002B05D0F86A93
:1051C000DA214B4AE4F706FA8FE08EE0FB6893F8A9
:1051D0005D30032047491A46E2F7A4FFFB6893F8C5
:1051E0005D30002B0FD04020F8F72EFBF866FB6EE9
:1051F000BB62BB6A002B05D0B86AE3213C4AE4F7E6
:10520000E9F90FE00EE04020F8F748FCF866FB6E85
:105210007B627B6A002B05D0786AE821344AE4F788
:10522000D9F962E061E0FB6893F85E30032032490F
:105230001A46E2F777FFFB6893F85E30002B0FD039
:105240008020F8F701FBF866FB6E3B623B6A002B9F
:1052500005D0386AF121264AE4F7BCF90FE00EE0E8
:105260008020F8F71BFCF866FB6EFB61FB69002BE6
:1052700005D0F869F6211E4AE4F7ACF935E034E0D0
:105280003B8903201D491A46E2F74CFF3B89092B55
:1052900014BF00230123DBB2BB61BB69002B04D127
:1052A0000020FC21124AE4F795F9786800F04EFEE0
:1052B000F866FB6E7B617B69002B04D07869FF2167
:1052C0000B4AE4F787F97868FFF7BAFDF866FB6EDA
:1052D0003B613B69002B06D038694FF48171044A69
:1052E000E4F778F901E000E000BF7037BD4680BD0B
:1052F000EC0806005C0B0600AC0B0600FC0B06007D
:1053000080B588B002AF0346FB713348334900F0E3
:10531000D1FE78617B69002B0ED03148E2F7E6FEC2
:1053200003467A69009202202E491A4640F2191368
:10533000E2F726FF7B694BE0FB79002B0ED0264875
:1053400000F004FE78617B693B613B69002B05D06E
:1053500038694FF48F71224AE4F73CF91F4B1B6800
:105360001846FFF76DFD78617B69002B0ED01C4855
:10537000E2F7BCFE03467A690092022019491A46F8
:105380004FF49173E2F7FCFE7B6921E007F108031B
:105390001846002108220AF00EF9104B1B68BB606A
:1053A000114BFB6003201149E2F7ACFE07F1080343
:1053B0000F481946EFF70EFA78617B69002B06D08B
:1053C00001200C497A69E2F7ADFE7B6900E0002319
:1053D00018461837BD4680BDE0080600288000202A
:1053E000EC0806004C0C0600A94E0400A00C0600B8
:1053F000C47F0020E00C060080B584B000AF786068
:105400000D487968EFF7B4F97B681B88112B0FD131
:1054100040F6FF70F8F742FBF860FB68BB60BB68C2
:10542000002B05D0B86840F24311044AE4F7D2F8E3
:105430001037BD4680BD00BFC47F0020EC080600C9
:105440002DE9B04FD0B000AF07F13C03186007F171
:105450003803196007F134031A6007F13C031B6835
:105460001B78082B00F2518301A151F823F000BFF3
:105470009554040067550400B556040021570400F4
:10548000DF5804001F590400295A04007D5A040003
:10549000B35A040007F134031B68242B14BF002304
:1054A0000123DBB2C7F83831D7F83831002B05D1EA
:1054B00000204FF4A871954AE4F78CF807F13803FF
:1054C0001B68C7F83431D7F834311B68184610F020
:1054D00043FF02460B46C7E94A23D7E94A014FF08A
:1054E00000028B4B11F0C8F802460B46C7E94A236D
:1054F000D7F8343104331B68184610F02DFF0246EC
:105500000B46C7E94823D7E948014FF00002804B1A
:1055100011F0B2F802460B46C7E94823D7F83431F8
:1055200008331B68184610F017FF02460B46C7E900
:105530004623D7E946014FF00002754B11F09CF865
:1055400002460B46C7E9462397ED4A0B97ED481BE9
:1055500097ED462B00F04CFB07F1A4036D4819466C
:10556000EFF712FBD6E26B461C4607F134031B68CB
:10557000102B14BF00230123DBB2C7F81431D7F876
:105580001431002B05D1002040F271115F4AE4F77D
:1055900021F807F138031B68C7F81031D7F810312C
:1055A0001B68FB67D7F810315B68C7F88030D7F805
:1055B00010319B68C7F88430D7F81031DB68C7F822
:1055C00088300423013BC7F80C310423DAB24FF0D2
:1055D0000003D900F961F96941EA5271F961D1001A
:1055E000B961D7E90623D9007961796941EA527135
:1055F0007961D1000423DAB24FF00003D900F960D9
:10560000F96841EA5271F960D100B960D7E9022323
:10561000D9007960796841EA52717960D100042338
:105620001A461346DB009B1A0733DB08DB00ADEBA1
:10563000030D6B460033C7F80831002387F83F316C
:105640002BE097F83F319B00D7F8102113441B68DB
:10565000184610F081FE02460B46C7E94023D7E901
:1056600040014FF000022C4B11F006F802460B46A9
:10567000C7E9402397F83F211346DB009B1AD7F870
:105680000821134418462549D7E9402309F0CEFFE5
:1056900097F83F31013387F83F31042397F83F21D2
:1056A0009A42CED307F17C031A481946EFF7E8F97E
:1056B000A5462FE207F134031B680C2B14BF00230F
:1056C0000123DBB2C7F8FC30D7F8FC30002B05D142
:1056D000002040F293110D4AE3F77CFF07F13803F5
:1056E0001B68C7F8F830D7F8F8301B683B67D7F865
:1056F000F8305B687B67D7F8F8309B68BB6707F1C9
:10570000700304481946EFF781FA03E2EC0806003B
:105710000000F040C47F00200000D0410C0D0600C6
:105720006B461C4607F134031B68242B14BF00236F
:105730000123DBB2C7F8F430D7F8F430002B05D1E1
:1057400000204FF4D271B14AE3F744FF07F1380368
:105750001B68C7F8F030D7F8F0301B681B149BB2F9
:10576000A7F85C30D7F8F03004331B681B149BB2E9
:10577000A7F85E30D7F8F03008331B681B149BB2D3
:10578000A7F86030D7F8F0300C331B681B149BB2BD
:10579000A7F86230D7F8F03010331B681B149BB2A7
:1057A000A7F86430D7F8F03014331B681B149BB291
:1057B000A7F86630D7F8F03018331B681B149BB27B
:1057C000A7F86830D7F8F0301C331B681B149BB265
:1057D000A7F86A30D7F8F03020331B681B149BB24F
:1057E000A7F86C300923013BC7F8EC300923D8B285
:1057F0004FF0000102460B46921843EB03031218C8
:1058000043EB01034FEA031B4BEA127B4FEA021AF8
:1058100052465B4609231A4613465B0013445B005D
:105820000923D8B24FF0000102460B46921843EB11
:105830000303121843EB01034FEA031949EA1279F3
:105840004FEA021842464B4609231A4613465B00AC
:1058500013445B000733DB08DB00ADEB030D6B4645
:105860000033C7F8E830002387F83E312AE097F884
:105870003E319B00D7F8F02013441B68184610F007
:105880006BFD02460B46104619464FF00002604B76
:1058900010F0F2FE02460B46C7E9382397F83E2186
:1058A00013465B0013445B00D7F8E8201344184606
:1058B0005849D7E9382309F0B9FE97F83E3101334A
:1058C00087F83E31092397F83E219A42CFD307F15A
:1058D0005C0351481946EFF7DBF9A5461AE107F1D9
:1058E00034031B68042B14BF00230123DBB2C7F869
:1058F000DC30D7F8DC30002B05D1002040F2C91194
:10590000424AE3F767FE07F138031B681B68BB6573
:1059100007F1580340481946EFF7FCF9FAE06B46E7
:105920001C4607F134031B680C2B14BF0023012312
:10593000DBB2C7F8D830D7F8D830002B05D100201B
:105940004FF4EA71314AE3F745FE07F138031B686B
:10595000C7F8D430314B1B68FB64314B1B683B6587
:10596000D7F8D4309B687B650323013BC7F8D03060
:105970000323DAB24FF000039901F962F96A41EAB0
:105980009261F96291010323DAB24FF000039901A9
:105990007962796A41EA9261796291010323DB00BD
:1059A0000733DB08DB00ADEB030D6B460033C7F8B4
:1059B000CC30002387F83D311AE097F83D31DB0009
:1059C000D7F8CC20D51897F83D319B00D7F8D420D4
:1059D00013441B68184610F0D1FC02460B462846BB
:1059E000104909F023FE97F83D31013387F83D3126
:1059F000032397F83D219A42DFD307F14C03064871
:105A00001946EFF7C9F9A54684E000BFEC08060087
:105A10000000D041140D0600C47F00202C8000201F
:105A2000308000201C0D060007F134031B68022B98
:105A300014BF00230123DBB2C7F8C830D7F8C83041
:105A4000002B05D1002040F2F111354AE3F7C2FDE9
:105A500007F138031B68C7F8C430D7F8C4301B7887
:105A600087F84830D7F8C4305B7887F8493007F1B9
:105A700048032C481946EEF77FFF4BE007F134034B
:105A80001B68012B14BF00230123DBB2C7F8C03011
:105A9000D7F8C030002B05D1002040F20221204A67
:105AA000E3F798FD07F138031E481968EEF7A6FFE3
:105AB00030E007F134031B68082B14BF00230123D7
:105AC000DBB2C7F8BC30D7F8BC30002B05D10020C2
:105AD0004FF40371124AE3F77DFD07F138031B68A9
:105AE000C7F8B830D7F8B8301A6807F140031A6021
:105AF000D7F8B8305A6807F140035A6007F14003FD
:105B000008481946EEF7FEFF04E002200649E2F7D6
:105B1000F9FA00BF07F5A077BD46BDE8B08F00BF1A
:105B2000EC080600C47F0020240D060080B582B07A
:105B300000AF0346FB71FB791846F8F77FF8034680
:105B400018460837BD4680BD80B58AB002AF786080
:105B500039607B68002B01D10E2335E03B68002BB8
:105B600001D10E2330E003201949E2F7CBFA7B681C
:105B7000184A5A607B68184A1A603B681B687B6148
:105B8000164BBB613B681B68FB60154B3B6107F123
:105B9000140207F10C03134811461A46F8F75CF893
:105BA000F861FB69002B0ED00F48E2F79FFA03461D
:105BB000FA69009202200D491A464FF41673E2F773
:105BC000DFFAFB6900E0002318462037BD4680BDA0
:105BD0006C0D0600F953040001530400FC0D06008F
:105BE0000C0E060041540400EC0806004C0C0600A4
:105BF000F0B595B000AF87ED040B87ED021B87ED84
:105C0000002B4FF000024FF00003C7E912234FF0C2
:105C100000024FF00003C7E90E238F4B1B781E468E
:105C2000D7E90401D7E9042310F0FCFB02460B4638
:105C300014461D46D7E90201D7E9022310F0F2FB12
:105C400002460B462046294610F03AFA02460B4619
:105C500014461D46D7E90001D7E9002310F0E2FB06
:105C600002460B462046294610F02AFA02460B4609
:105C700043EC172BB0EE470AF0EE670A0CF018FB66
:105C8000B0EE407AF0EE607A744AF300134483ED8C
:105C9000007B00237B6410E0704A7B6CDB001344C4
:105CA000D3E90023D7E9120110F00AFA02460B46A5
:105CB000C7E912237B6C01337B647B6C092BEBDD22
:105CC000D7E912014FF00002654B10F0D5FC0246F7
:105CD0000B46C7E91223604B1B78604ADB00134474
:105CE000D3E9002310461946D7E9122310F0E6F94C
:105CF00002460B46C7E90E23D7E90E0110F074FEE9
:105D00000246584B1A60584BD3E9002310461946F7
:105D1000D7E90E2310F086FB02460B4614461D46BB
:105D2000514BD3E900234FF00000504910F0C6F961
:105D300002460B46104619464D4BD3E9002310F09E
:105D400071FB02460B462046294610F0B9F902467F
:105D50000B46C7E90E23D7E90E0110F045FE0246B7
:105D6000444B1A6007F1200318464349D7E90E2334
:105D700009F05CFC07F12003032040491A46E2F7D2
:105D8000D1F93B49D7E90E23C1E90023D7E90E0138
:105D90002DA3D3E9002310F0D5FD0346002B31D00D
:105DA000374B1B7883F00103DBB2002B26D0354B39
:105DB0001B6807F12002104633491A4609F036FCE9
:105DC00007F1200303202D491A46E2F7ABF92D4BCA
:105DD0001B685A1C2B4B1A602C4B01221A70294B42
:105DE0001B68BB610023FB6103202949E2F78AF9A4
:105DF00007F1180327481946EEF784FE204B0122CD
:105E00001A700CE0D7E90E0111A3D3E9002310F0BA
:105E10007BFD0346002B02D0194B00221A700E4B5B
:105E20001B780133DAB20C4B1A700B4B1B78092B21
:105E300002D1094B00221A70002318465437BD4680
:105E4000F0BD00BFAFF30080000000E051B8AE3FEE
:105E5000000000E051B8AEBF40800020E08A002082
:105E6000000024402C800020684300200000F03F08
:105E700038800020308000208C0D06009C0D06002C
:105E80004180002044800020BC0D06004880002096
:105E9000D00D0600C47F002080B586B000AF7860CA
:105EA0007B681B78002B02D0012B18D034E07B6874
:105EB0005B68002B03D1204B01221A700EE00120F9
:105EC0001E49E2F71FF900237B617B69002B05D196
:105ED00000205B211A4AE3F77DFB29E028E07B687C
:105EE0005B68002B08D17B689B89B3F5405F12D1BA
:105EF000144B01221A701BE001201349E2F702F94A
:105F000000233B613B69002B05D100206D210C4A29
:105F1000E3F760FB0CE00BE07B685B68FB60FB6811
:105F2000002B04D0F8687221054AE3F753FB00BF49
:105F30001837BD4680BD00BF688000201C0E0600DB
:105F40004C0E060069800020A00E060080B58AB0C5
:105F500002AF78607B68002B01D10E232FE01A4836
:105F60007968092209F003FB184B42221A60174B8B
:105F7000BB600423BB814FF440533B8243F20103D7
:105F80007B8207F108037B6101233B8307F1100348
:105F90000F481946E1F764F8F861FB69002B0DD052
:105FA0000C48E2F7A3F80346FA69009202200A4976
:105FB0001A468E23E2F7E4F8FB6900E00023184656
:105FC0002037BD4680BD00BF5C8000205880002087
:105FD0004C8000204C0E0600D00E060080B58AB022
:105FE00002AF786007F10C0318460021082209F07F
:105FF000E2FA07F10C034FF4405043F20101284A42
:10600000E1F770F8F861FB69002B0DD02548E2F745
:106010006DF80346FA690092022023491A469F232D
:10602000E2F7AEF8FB6936E007F114031C481946A5
:10603000E0F78CFFF861FB69002B0DD01948E2F7FF
:1060400055F80346FA690092022017491A46A2231E
:10605000E2F796F8FB691EE0BB6914481946102266
:1060600009F085FA0E48E0F7ADFFF861FB69002BF7
:106070000DD00C48E2F73AF80346FA690092022084
:1060800009491A46A723E2F77BF8FB6903E07B681E
:10609000074A1A60002318462037BD4680BD00BF5E
:1060A0004C8000204C0E0600D00E060058800020C8
:1060B0005C80002080B58AB002AF786039607B6870
:1060C000002B01D10E238FE04948E0F79BFEF861D9
:1060D000FB69002B0DD04748E2F708F80346FA6940
:1060E0000092022044491A46B823E2F749F8FB69B6
:1060F0007AE0E0F7ADFEF861FB69002B0DD03D487A
:10610000E1F7F4FF0346FA69009202203A491A4681
:10611000BB23E2F735F8FB6966E001E0E2F760FBDC
:10612000364B1B7883F00103DBB2002BF6D13868C5
:10613000FFF754FFF861FB69002B43D0032030497F
:10614000E1F7E0FF2F487968092209F010FA2E4B99
:1061500042221A602C4BBB600423BB814FF4405396
:106160003B8243F201037B8207F108037B61012339
:106170003B83264B00221A7007F11003244819466E
:10618000E0F75EFFF861FB69002B0DD01948E1F7DD
:10619000ADFF0346FA690092022017491A46D92337
:1061A000E1F7EEFFFB691FE03B68164A1A6001E069
:1061B000E2F716FB154B1B7883F00103DBB2002BD3
:1061C000F6D110E0FB69002B0DD00A48E1F78EFFF5
:1061D0000346FA690092022007491A46E423E1F7D0
:1061E000CFFFFB6900E0002318462037BD4680BD85
:1061F000995E04004C0E0600D00E06006880002058
:10620000240F06005C800020588000206980002058
:106210004C80002080B584B000AF0346FB71FB7951
:10622000012B08D0022B0FD0002B12D110480021D7
:10623000EFF78CFA18E002200E49E1F763FF0C48F3
:106240000121EFF783FA0FE009480221EFF77EFA08
:106250000AE00023FB60FB68002B04D100204D21E5
:10626000054AE3F7B7F900BF1037BD4680BD00BF50
:106270006C800020580F0600B00F060080B584B077
:1062800000AF78607B68B3F88430832B07D07B68DD
:10629000B3F8843002200D491A46E1F743FF7A68CB
:1062A0007B68B3F884300A4811461A46EFF710FAB3
:1062B000F860FB68002B03D001200649E1F722FFBC
:1062C000002318461037BD4680BD00BFFC0F0600F6
:1062D0006C8000204010060080B58CB000AFF860E4
:1062E0007A600A46FA723B81FB7A012B00F09680B5
:1062F000022B02D0002B66D0ADE0584B1B78022B4E
:1063000019D13B8978681946F8F7FAFFF862FB6AF9
:10631000042B04D152481021EFF718FA52E0FB6A1F
:10632000BB62BB6A002B05D0B86A82214D4AE3F7F5
:1063300051F947E046E0494B1B78012B20D17B689F
:106340007B623B89052B15D17B6A1B8899B27B6ADE
:106350005B889BB21A467B6A1B79084611461A462F
:10636000F9F766F90346002B09D03D481121EFF7F4
:10637000EDF927E03A481121EFF7E8F922E021E0B2
:10638000364B1B78032B18D17B683B623B89012B72
:106390000DD13B6A1B781846F9F7D8F8F862FB6A0A
:1063A000002B09D02E481121EFF7D0F90AE02C4834
:1063B0001121EFF7CBF905E004E029481121EFF7AF
:1063C000C5F948E047E0FB6893F8263003202649EA
:1063D0001A46E1F7A7FEFB6893F82630002B0ED093
:1063E000F6F704FBF862FB6AFB61FB69002B05D042
:1063F000F869B1211B4AE3F7EDF80EE00DE0F6F77E
:1064000011FBF862FB6ABB61BB69002B05D0B86960
:10641000B621144AE3F7DEF81DE01CE03B89022BAD
:1064200014BF00230123DBB27B617B69002B04D105
:106430000020BC210B4AE3F7CDF87B683B613B6948
:106440001B78032009491A46E1F76CFE3B691A786C
:10645000024B1A7000BF3037BD4680BD704300202C
:106460006C800020B00F060084100600CC100600DF
:1064700080B586B000AF0346FB7107F10C031846E8
:106480000021082209F097F801237B7201233B7257
:1064900007F10803FB600E4B3B6103200D49E1F758
:1064A00031FE07F10C030C481946EFF799F87861B3
:1064B0007B69002B06D0012008497A69E1F732FE9A
:1064C0007B6900E0002318461837BD4680BD00BF39
:1064D000D9620400181106006C80002054110600D7
:1064E00080B584B000AF78600B487968EFF746F864
:1064F0007B681B88112B0CD1F6F794FAF860FB68C7
:10650000BB60BB68002B04D0B868F821034AE3F7EE
:1065100061F81037BD4680BD6C800020B00F0600CA
:1065200080B586B000AF78607B68002B01D10E2368
:1065300020E003201149E1F7E5FD7B68104A5A602D
:106540007B68104A1A60104BFB6007F10C03184679
:10655000F9F728F978617B693B613B69002B05D02D
:10656000386940F20B11094AE3F734F80848F6F7A6
:1065700077FA034618461837BD4680BD80110600DD
:10658000E16404007164040015620400B00F0600A9
:106590007D62040080B483B000AF78604FF0A04308
:1065A00018460C37BD465DF8047B704780B584B053
:1065B00000AF7860F970BA707B703B1D1846FFF72A
:1065C000E9FFF8607A68F978BB785B0019437B785B
:1065D0009B0019433B7E1B0219433B7F1B0419435D
:1065E000FB6802F5E07243F822101037BD4680BD0B
:1065F00080B584B002AF786000230093002301933C
:106600007868012101220023FFF7D0FF0837BD463B
:1066100080BD00BF80B584B000AF78603B1D1846D8
:10662000FFF7B8FFF8607B68012202FA03F3F8680D
:10663000194600F017F81037BD4680BD80B584B00C
:1066400000AF78603B1D1846FFF7A4FFF8607B6839
:10665000012202FA03F3F868194600F011F8103726
:10666000BD4680BD80B483B000AF786039607B6880
:106670003A68C3F808250C37BD465DF8047B7047BF
:1066800080B483B000AF786039607B683A68C3F843
:106690000C250C37BD465DF8047B704780B485B08F
:1066A00000AF13460246FA710A46BA717B710023A5
:1066B000FB73FB79002B03D0FB7B43F00103FB73DF
:1066C000BB79002B03D0FB7B43F00203FB737B7988
:1066D000002B03D0FB7B43F00403FB73FB7B1846CA
:1066E0001437BD465DF8047B704700BF80B596B097
:1066F00002AF786039607B68002B0BD13B68002BC0
:1067000008D1A54B1A6807F1440310681860127984
:106710001A7156E03B68002B07D17A6807F14403F1
:106720001068186012791A714BE07B68002B46D113
:10673000994B1A6807F144031068186012791A71AE
:1067400097F84430032B36D801A252F823F000BF4B
:10675000BB670400616704007B670400996704005D
:106760003B681B7887F845303B685B7887F8463094
:106770003B689B7887F8473020E03B6819783B6896
:106780005A783B689B78084611461A46FFF786FF01
:10679000034687F8453011E03B6819783B685A7822
:1067A0003B689B78084611461A46FFF777FF034679
:1067B00087F8453002E00123EAE000BF01E0012351
:1067C000E6E00120F3F754F9F864FB6C002B0DD0E0
:1067D0007248E1F78BFC0346FA6C00920220704984
:1067E0001A469A23E1F7CCFCFB6CD1E06A4B1B689C
:1067F0001B78002B08D1002387F844300320694917
:10680000E1F780FC0023C3E097F84430012B2DD141
:1068100097F84530002B09D197F84630002B05D169
:1068200097F84730002B01D10023B1E097F84530AD
:1068300087F8403097F8463087F8413097F847306E
:1068400087F8423097F845301A4697F8463097F85F
:106850004710009103205449E1F792FC07F14003EF
:1068600001201946F3F74EF9034691E097F84430BA
:10687000022B46D107F1240300221A6004330022C0
:106880001A60043300221A60043300221A600433B1
:1068900000221A60043300221A60043300221A60B6
:1068A00004332323BB62FF2387F82C304FF4FA63B1
:1068B000BB634FF4FA73FB6397F8463007EE903AE8
:1068C000B8EEE77ADFED397A67EE277AFCEEE77A01
:1068D00017EE903ADBB287F82C30B7F847309BB20E
:1068E0003B6397F8453087F8243003203049E1F7BF
:1068F00009FC07F1240301201946F3F749F903467F
:1069000046E097F84430032B41D107F108030022F9
:106910001A60043300221A60043300221A60043320
:1069200000221A60043300221A60043300221A6025
:10693000043300221A6004332323FB60FF233B74DB
:106940004FF4FA63FB614FF4FA733B6297F84630F9
:1069500007EE903AB8EEE77ADFED147A67EE277A21
:10696000FCEEE77A17EE903ADBB23B7400237B61D2
:1069700097F845303B7203200E49E1F7C3FB07F15E
:10698000080301201946F3F703F9034600E0012349
:1069900018465037BD4680BDF0800020C01106006B
:1069A000081206005C1206009412060033332340DE
:1069B000E41206002013060080B586B000AF7860B0
:1069C0007B68002B00D135E01C487968EFF7AEF802
:1069D0007B681B88102B02D0112B17D02AE00320D4
:1069E0001749E1F78FFB174B1B6818460021FFF78B
:1069F0007DFE78617B693B613B69002B05D038697E
:106A0000E521114AE2F7E6FD14E013E003200F4907
:106A1000E1F778FB012000F029F978617B69FB60E0
:106A2000FB68002B05D0F868EC21074AE2F7D2FD9D
:106A3000FFE700BF1837BD4680BD00BFF4800020CF
:106A400064130600F0800020C01106008C130600BD
:106A500080B584B000AF78603960104B1A683B682D
:106A60009A4202D0386800F08DFA00200021FFF72A
:106A70003DFEF860FB68062B0DD0FB68002B0AD0AA
:106A8000FB68BB60BB68002B05D0B8684FF484710D
:106A9000034AE2F79FFD1037BD4680BDF08000201D
:106AA000C011060080B584B002AF786039603B68E1
:106AB0001B781A463B685B783968897808463968DC
:106AC000C9780090019103201849E1F773FB3B68F6
:106AD0001B78002B03D01220FFF79CFD02E0122050
:106AE000FFF7ACFD3B685B78002B03D01320FFF76A
:106AF00091FD02E01320FFF7A1FD3B689B78002B7E
:106B000003D01420FFF786FD02E01420FFF796FD66
:106B10003B68DB78002B03D01520FFF77BFD02E0FC
:106B20001520FFF78BFD0837BD4680BDB813060062
:106B300080B58AB002AF0346FB712148214900F0BD
:106B4000E1FAF861FB69002B0ED01F48E1F7CEFA9D
:106B50000346FA69009202201C491A464FF4A773B3
:106B6000E1F70EFBFB6927E0FB79002B0ED0144800
:106B700000F008FAF861FB69BB61BB69002B05D026
:106B8000B86940F25311104AE2F724FD0D4B1B681F
:106B9000FB6000233B7200237B720023BB72002347
:106BA000FB720B4B3B610B4B7B6107F108030A48FF
:106BB0001946EFF781F9034618462037BD4680BDD8
:106BC000A8110600F0800020C0110600081206007F
:106BD000516A0400A56A0400F480002080B584B0E6
:106BE00000AF02460B46FA71BB71FB790B2B1CD12F
:106BF0000F4B9A8B4FF6FF739A4216D0BB790C4815
:106C00001946EFF7BDF9F860FB68082B0DD0FB685B
:106C1000002B0AD0FB68BB60BB68002B05D0B868AE
:106C200040F26F11034AE2F7D5FC1037BD4680BD34
:106C3000F4800020C011060080B584B000AF134678
:106C40000246FA710A46BA717B71FB793B73BB79D4
:106C50007B737B79BB7307F10C0300201946FFF7A8
:106C600045FD034618461037BD4680BD80B586B049
:106C700002AF0346FB71FB79002B16D12648002199
:106C8000FFF734FDF860FB68002B3FD02348E1F7A5
:106C90002DFA0346FA680092022021491A4640F272
:106CA0008913E1F76DFAFB6831E0FB79012B16D10E
:106CB0001C480021FFF71AFDF860FB68002B25D067
:106CC0001648E1F713FA0346FA68009202201449C5
:106CD0001A464FF4C773E1F753FAFB6817E01248FE
:106CE0000021FFF703FDF860FB68002B0ED00B4876
:106CF000E1F7FCF90346FA680092022008491A46B7
:106D000040F29313E1F73CFAFB6800E000231846D9
:106D10001037BD4680BD00BFA8110600C011060097
:106D200008120600B0110600B811060080B584B044
:106D300002AFDBF7BBFB034683F00103DBB2002BA2
:106D400014D0DBF773FB78607B68002B0ED01748FC
:106D5000E1F7CCF903467A680092022014491A46FA
:106D600040F2A113E1F70CFA7B681BE01148012106
:106D700040F26662DEF7DEFB78607B68002B0ED0A7
:106D80000A48E1F7B3F903467A68009202200849FD
:106D90001A4640F2AD13E1F7F3F97B6802E0DEF743
:106DA00035FC034618460837BD4680BDC0110600B5
:106DB000081206001414060080B58AB000AF78608F
:106DC0003960314B3E221A703B681A682E4B5A606C
:106DD0002D4B2E4A9A607B68002B01D10E234EE08A
:106DE0007B682B4A5A607B682A4A1A60FFF79EFF2D
:106DF00078627B6A3B623B6A002B05D0386A40F2BE
:106E0000CD11254AE2F7E6FB244BFB6002233B74DD
:106E100004237B741C4B7B6110233B7607F10C032E
:106E200018460021F2F7FCFE78627B6AFB61FB6981
:106E3000002B05D0F8694FF4EB71174AE2F7CAFB53
:106E40000020F2F715FE0120F2F712FE1220FFF7E4
:106E5000CFFB1320FFF7CCFB1420FFF7C9FB152055
:106E6000FFF7C6FB1220FFF7E9FB1320FFF7E6FB55
:106E70001420FFF7E3FB1520FFF7E0FB0023184683
:106E80002837BD4680BD00BF1C8100201C140600B1
:106E9000B9690400316B0400C01106002C1406000F
:106EA00080B588B002AF78607B681B78002B02D079
:106EB000012B18D040E07B685B68002B03D12A4B84
:106EC00001221A700EE001202849E1F71BF9002386
:106ED0007B617B69002B05D100205D21244AE2F70C
:106EE00079FB3EE03DE07B685B68002B14D17B685A
:106EF0009B89B3F5804F1ED17B681B7C1A467B684B
:106F00009B897968C989009103201A49E1F738F90A
:106F1000194B01221A7024E001201849E1F7F2F818
:106F200000233B613B69002B05D100206F21104AF3
:106F3000E2F750FB15E014E07B681B781A467B688B
:106F40005B6803200E49E1F703F97B685B68FB602F
:106F5000FB68002B04D0F8687421054AE2F73AFB7D
:106F600000BF1837BD4680BD418100203C1406009B
:106F70006C140600BC1406004081002008150600B1
:106F80003815060080B58AB002AF786003201E492C
:106F9000E1F7B8F87B68002B01D10E232FE01B48E6
:106FA0007968052208F0E3FA194B42221A60184B5F
:106FB000BB600323BB814FF480433B8244F2010357
:106FC0007B8207F108037B6101233B8307F11003F8
:106FD00010481946E0F744F8F861FB69002B0DD022
:106FE0000D48E1F783F80346FA69009202200B4945
:106FF0001A469123E1F7C4F8FB6900E00023184624
:107000002037BD4680BD00BF6815060038810020CE
:1070100034810020288100206C1406009815060099
:1070200080B58AB002AF786007F10C0318460021E2
:10703000082208F0C0FA03202C49E1F763F807F1B1
:107040000C034FF4804044F20101294AE0F74AF86A
:10705000F861FB69002B0DD02648E1F747F803469D
:10706000FA690092022024491A46A223E1F788F81F
:10707000FB6936E007F114031D481946DFF766FF88
:10708000F861FB69002B0DD01A48E1F72FF8034691
:10709000FA690092022018491A46A523E1F770F810
:1070A000FB691EE0BB69154819460C2208F05FFA1F
:1070B0000F48DFF787FFF861FB69002B0DD00D4803
:1070C000E1F714F80346FA69009202200A491A46C9
:1070D000AA23E1F755F8FB6903E07B68084A1A60C8
:1070E000002318462037BD4680BD00BFEC150600C2
:1070F000288100206C1406009815060034810020B9
:107100003881002080B58AB002AF786039600320F2
:107110004D49E0F7F7FF7B68002B01D10E238FE08C
:107120004A48DFF76FFEF861FB69002B0DD0484835
:10713000E0F7DCFF0346FA690092022045491A464F
:10714000BC23E1F71DF8FB697AE0DFF781FEF86107
:10715000FB69002B0DD03E48E0F7C8FF0346FA69F3
:10716000009202203B491A46BF23E1F709F8FB6968
:1071700066E001E0E1F734FB374B1B7883F0010355
:10718000DBB2002BF6D13868FFF74AFFF861FB69E4
:107190000A2B43D103203149E0F7B4FF3048796826
:1071A000052208F0E4F92F4B42221A602D4BBB60F8
:1071B0000323BB814FF480433B8244F201037B8273
:1071C00007F108037B6101233B83274B00221A70E0
:1071D00007F1100325481946DFF732FFF861FB6914
:1071E000002B0DD01A48E0F781FF0346FA690092A0
:1071F000022018491A46DD23E0F7C2FFFB691FE0B1
:107200003B68174A1A6001E0E1F7EAFA164B1B786F
:1072100083F00103DBB2002BF6D110E0FB69002BF9
:107220000DD00B48E0F762FF0346FA690092022096
:1072300008491A46E823E0F7A3FFFB6900E00023B2
:1072400018462037BD4680BD1C160600A16E0400FE
:107250006C140600981506004181002048160600AF
:1072600038810020348100204081002028810020C6
:1072700080B483B000AF0346FB71084B97F9072039
:107280005209F97901F01F01012000FA01F143F8D8
:1072900022100C37BD465DF8047B704700E100E02A
:1072A00045DF7047184600BF46DF7047184600BFED
:1072B00047DF7047184600BF80B400AF0D4B012276
:1072C0001A730C4B00221A740A4B00225A74094B91
:1072D0001B684FF47A7202FB03F2064B5A61054BAE
:1072E0009A68044B9A61044B1846BD465DF8047BCE
:1072F000704700BF448100205081002080B582B0DB
:1073000000AF0346FB710C4B00221A730A4B00229C
:107310001A74094BFA795A74074B9A68064B5A61EA
:10732000054B064A9A610648FFF7C2FF0346184616
:107330000837BD4680BD00BF4481002040420F0099
:107340005081002080B582B000AF0023FB71FB7933
:107350004C4A0221D154FB795A1CFA711A46494908
:10736000CB5C43F04003D9B2464B9954FB795A1C8D
:10737000FA71444A0021D154FB79BB71FB795A1C44
:10738000FA71404A0021D154FA793E4B1344184611
:107390003D49062208F0EBF8FB790633FB71FB79D7
:1073A0005A1CFA71374A0221D154FB795A1CFA71DE
:1073B000344A0121D154FB795A1CFA71314A062111
:1073C000D154FB795A1CFA712E4A0321D154FB790E
:1073D0005A1CFA712B4A0321D154FB795A1CFA71B9
:1073E000284AAA21D154FB795A1CFA71254AFE2158
:1073F000D154FB795A1CFA71224A0021D154FB79ED
:107400007B71FB795A1CFA711E4A1621D154FB7903
:107410005A1CFA711B4AAA21D154FB795A1CFA71E1
:10742000184AFE21D154FB795A1CFA71154A1021D1
:10743000D154FB795A1CFA71124AEE21D154FA79CF
:10744000104BD118114B9A6A104B9B8D0846114670
:107450001A4608F08CF80D4B9B8DDAB2FB79134479
:10746000FB71FA79BB79D31ADAB2064B5A70FA7902
:107470007B79D31ADAB2034B1A74024B18460837D9
:10748000BD4680BD748100206181002044810020C0
:1074900080B483B000AF78607B68252B07D1114B97
:1074A0000222C3F808250F4B2522C3F854257B6818
:1074B000262B07D10B4B1A22C3F80825094B26228D
:1074C000C3F854257B68272B07D1064B5022C3F8FD
:1074D0000825044B2722C3F854250C37BD465DF818
:1074E000047B70470010004080B582B000AFFFF70A
:1074F00029FF78601F4B0122C3F8FC2F1D4B1E4A49
:10750000C3F814251B4B1D4AC3F81825194B40F22C
:107510000312C3F83425174B40F25B62C3F83825D9
:10752000144B0122C3F83025124B0322C3F800226A
:10753000104B0322C3F810250E4B9622C3F84425A6
:107540000C4B1022C3F804230A4B8E22C3F82425C7
:10755000084B0B4AC3F81C25064B0A4AC3F83C25C6
:10756000044B7A68C3F804250120FFF781FE083731
:10757000BD4680BD00100040060102002500030248
:1075800000D6BE895555550080B500AF094B0A4A53
:10759000C3F85425074B094AC3F85025054B4FF44F
:1075A0008072C3F80425FFF79FFF034B01221A6185
:1075B00080BD00BF00F0014000100040408100404D
:1075C00080B582B000AF0346FB71FB79022B0BD074
:1075D000032B15D0012B00D01EE02520FFF758FF0C
:1075E0000F4B01221A6017E02620FFF751FF0D4BC9
:1075F0000122DA600B4B4FF4C872C3F840250BE050
:107600002720FFF745FF074B0122DA60054B4FF4B7
:10761000C872C3F8402500BF0837BD4680BD00BF13
:10762000001000400080004080B582B000AF0346EB
:10763000FB712B4B00225A60294B00221A70FB79F8
:10764000002B02D0022B0CD03BE0FFF79DFF254B17
:1076500000221A70234B1B780133DAB2214B1A70C7
:1076600039E0214BD3F81031012B29D11E4B0022D8
:10767000C3F810211B4B1B781846FFF7A1FF194BCD
:107680001B78042B15D1194B4FF48072C3F80825D1
:10769000174B1B79002B08D0FFF70EFE0246104B4C
:1076A0005A600F4B03221A7015E00D4B02221A701C
:1076B00011E00C4B1B780133DAB20A4B1A700AE066
:1076C00009E00B4B5B6A002B04D0094B5B6A082076
:1076D0009847FFE700BF024B18460837BD4680BDFC
:1076E0009C810020A48100200010004000F0014097
:1076F0004481002080B584B000AF78600320224927
:107700007A68E0F70FFD7B68043B042B38D801A2B0
:1077100052F823F05777040057770400817704006C
:107720002977040081770400184B5B79002B11D076
:10773000164B00225A71FFF7B7FDF860FB68002B6B
:1077400008D0124B5B6A002B04D0104B5B6AF868C0
:10775000984716E015E00D4B1B79002B0FD0002049
:10776000FFF7CCFDF860FB68002B08D0074B5B6A85
:10777000002B04D0054B5B6AF868984701E000E0F5
:1077800000BF1037BD4680BD7C1606004481002036
:1077900080B582B000AF786003201249E0F7B2FCF8
:1077A0007B681A68104B1A600F4B41F27C529A604A
:1077B0000D4B7A681C330A321068186091889279F0
:1077C00099809A717B685A69074B5A627B681A895B
:1077D000054B9A857B685A68034B9A620837BD4609
:1077E00080BD00BFB01606004481002080B582B085
:1077F00000AF1A4B5B79002B03D1184B1B79002B80
:1078000000D027E003201649E0F77CFC134B01224F
:107810001A71124B01225A711248FFF741FD78602C
:107820007B68002B07D00D4B5B6A002B03D00B4B02
:107830005B6A786898470120FFF760FD78607B6895
:10784000002B07D0054B5B6A002B03D0034B5B6A10
:10785000786898470837BD4680BD00BF4481002046
:10786000DC1606002976040080B500AF032003492A
:10787000E0F748FC024B00221A7180BD0817060091
:107880004481002080B582B000AF78600B46FB7069
:10789000134B1B6823F00102114B1A60FB78002B7D
:1078A00006D10F4B1B6823F002020D4B1A6009E052
:1078B00003200C49E0F726FC094B1B6843F0020249
:1078C000074B1A607B685B68002B05D07B685B68A0
:1078D000FA787868114698470837BD4680BD00BFE2
:1078E000A88100203417060012DF7047184600BF39
:1078F0006DDF7047184600BF80B485B000AF786078
:10790000254BFB607B68002B40D0244B1A68F9683C
:107910007B6800BF00BF00BF00BF00BF00BF00BF4B
:1079200000BF8A422FD000BF00BF00BF00BF00BF12
:1079300000BF00BF00BF00BF00BF00BF00BF00BF4F
:1079400000BF00BF00BF00BF00BF00BF00BF00BF3F
:1079500000BF00BF00BF00BF00BF00BF00BF00BF2F
:1079600000BF00BF00BF00BF00BF00BF00BF00BF1F
:1079700000BF00BF00BF00BF00BF00BF00BF00BF0F
:1079800000BF00BF00BF013BC3D17B601437BD46C1
:107990005DF8047B704700BF0024F400D042002053
:1079A00080B582B000AF78607B684FF47A7202FBDA
:1079B00003F31846FFF7A0FF0837BD4680BD00BFA0
:1079C00080B483B000AF78604FF0A04318460C3706
:1079D000BD465DF8047B704780B584B000AF786029
:1079E000F970BA707B703B1D1846FFF7E9FFF8602D
:1079F0007A68F978BB785B0019437B789B00194360
:107A00003B7E1B0219433B7F1B041943FB6802F5B5
:107A1000E07243F822101037BD4680BD80B584B0B7
:107A200002AF78600023009300230193786801215E
:107A300001220023FFF7D0FF0837BD4680BD00BFFD
:107A400080B584B000AF78603B1D1846FFF7B8FFE3
:107A5000F8607B68012202FA03F3F868194600F027
:107A600017F81037BD4680BD80B584B000AF786090
:107A70003B1D1846FFF7A4FFF8607B68012202FA5D
:107A800003F3F868194600F011F81037BD4680BDC1
:107A900080B483B000AF786039607B683A68C3F81F
:107AA00008250C37BD465DF8047B704780B483B071
:107AB00000AF786039607B683A68C3F80C250C37F2
:107AC000BD465DF8047B704780B58EB002AF78602C
:107AD00007F127031846FFF707FFB862BB6A002BC0
:107AE0000DD03D48E0F702FB0346BA6A009202203F
:107AF0003A491A463A23E0F743FBBB6A68E097F835
:107B00002730002B01D1022362E007F12003184641
:107B1000FFF7EEFEB862BB6A002B0DD02E48E0F7EF
:107B2000E5FA0346BA6A009202202C491A4643231A
:107B3000E0F726FBBB6A4BE007F10C0300221A605A
:107B4000043300221A60043300221A600433002236
:107B50001A60043300221A800233062387F82F307C
:107B60002BE097F82F30062B0CD007F10C031846AA
:107B700007F095FD034607F10C0213441846184917
:107B800007F054FD07F10C03184607F088FD034683
:107B900007F10C021A4497F82F30013B07F130012E
:107BA0000B4413F80F3C10460E491A4607F03EFDF1
:107BB00097F82F30013B87F82F3097F82F30002BA4
:107BC000CFD107F10C037868194607F060FD002358
:107BD00018463037BD4680BD68180600B818060044
:107BE0000C1906001019060080B400AF064B1B6884
:107BF00003F00103002B0CBF00230123DBB2184666
:107C0000BD465DF8047B7047F0ED00E0B0B588B08C
:107C100002AF0346381D80E80600FB73F87B397914
:107C20007A79BB79FD793C7A00950194F0F748F9AF
:107C300078617B69002B0DD00948E0F757FA0346BD
:107C40007A690092022007491A466923E0F798FAF8
:107C50007B6900E0002318461837BD46B0BD00BF61
:107C600068180600B8180600B0B586B002AF034623
:107C7000381D80E80600FB73FB7B1E2B29D0F87BA8
:107C800039797A79BB79FD793C7A00950194FFF7CF
:107C9000A3FE7B7A012B08D0022B19D0002B09D12F
:107CA000FB7B1846FFF7E0FE13E0FB7B1846FFF76F
:107CB000C7FE0EE00948E0F719FA034606220092D3
:107CC000022007491A468B23E0F75AFA062301E0FF
:107CD00000BF002318461037BD46B0BD6818060027
:107CE000B818060080B59EB002AF0346FB7107F1DD
:107CF00008026023104600211A4607F05CFC0123AD
:107D000087F82030022387F82530012387F82B30AD
:107D1000012387F83130012387F83730012387F8B2
:107D20004A30012387F84C30022387F84F30012373
:107D300087F85030012387F85230022387F85530F6
:107D4000012387F85B30012387F86130012387F82E
:107D50006730FB79002B3FD00023A7F86E3000235B
:107D600087F86D301DE097F86D2013465B001344D3
:107D70005B0007F170021344683B5B79012B0BD168
:107D800097F86D30012202FA03F39AB2B7F86E3019
:107D900013439BB2A7F86E3097F86D30013387F824
:107DA0006D3097F86D300F2BDDD9B7F86E3018466F
:107DB000F0F7B8FAB866BB6E002B0DD02448E0F798
:107DC00095F90346BA6E0092022022491A46AC2366
:107DD000E0F7D6F9BB6E37E0002387F86C302EE071
:107DE00097F86C2097F86C1013465B0013445B0007
:107DF00007F170021344683B186800220246988815
:107E0000002360F30F03084611461A46FFF7FEFEF3
:107E1000B866BB6E002B0DD00D48E0F767F903463E
:107E2000BA6E009202200B491A46B223E0F7A8F975
:107E3000BB6E09E097F86C30013387F86C3097F827
:107E40006C300F2BCCD9002318467037BD4680BD4F
:107E500068180600B818060080B5B4B002AF244B0D
:107E600039461A46C023084611461A4607F07FFBDA
:107E7000002387F8C73032E097F8C72097F8C7107B
:107E800013465B0013445B0007F1C8021344C83B70
:107E90001868002202469888002360F30F03084602
:107EA00011461A46FFF7E0FEC7F8C000D7F8C03009
:107EB000002B0FD00F48E0F719F90346D7F8C02080
:107EC000009202200C491A46C523E0F759F9D7F869
:107ED000C03009E097F8C730013387F8C73097F80A
:107EE000C7301F2BC8D900231846C837BD4680BDF0
:107EF0001819060068180600B818060080B5B4B056
:107F000002AF264B39461A46C023084611461A4688
:107F100007F02DFB202387F8C73035E097F8C730EE
:107F2000013BD9B297F8C7305A1E13465B00134481
:107F30005B0007F1C8021344C83B186800220246E0
:107F40009888002360F30F03084611461A46FFF78E
:107F50008BFEC7F8C000D7F8C030002B0FD01048F8
:107F6000E0F7C4F80346D7F8C020009202200D497C
:107F70001A46D823E0F704F9D7F8C03009E097F89B
:107F8000C730013B87F8C73097F8C730002BC5D101
:107F900000231846C837BD4680BD00BF181906002B
:107FA00068180600B818060080B586B002AF786081
:107FB000FFF752FFF860FB68002B0DD02348E0F775
:107FC00095F80346FA680092022021491A46E423F4
:107FD000E0F7D6F8FB6834E01E20FFF71FFD1E20F7
:107FE000FFF72EFD0520FFF7DBFC78680121F0F795
:107FF000E9FAF860FB68002B0DD01448E0F776F83A
:108000000346FA680092022011491A46EB23E0F772
:10801000B7F8FB6815E00120FFF764FEF860FB6825
:10802000002B0DD00948E0F761F80346FA6800928A
:10803000022007491A46EE23E0F7A2F8FB6800E0A9
:10804000002318461037BD4680BD00BF68180600E3
:10805000B818060080B582B000AF0020FFF742FEDE
:1080600078607B68002B04D001200D497A68E0F726
:1080700059F8FFF743FF78607B68002B04D001209C
:1080800008497A68E0F74EF81E20FFF7C7FC1E206B
:10809000FFF7EAFC002318460837BD4680BD00BF45
:1080A000D8190600301A060080B483B000AF03462A
:1080B000FB800F4B1B7883F00103DBB2002B01D058
:1080C00001230FE0FB88002B01D100230AE0094BBC
:1080D0001A88FB8813409BB2FA889A4201D1012387
:1080E00000E0002318460C37BD465DF8047B70475E
:1080F000B0810020B281002080B483B000AF7860EE
:1081000039607B6806EE903AB8EE667ADFED157A54
:1081100027EE277A3B6806EE903AF8EE667AB4EEE0
:10812000E77AF1EE10FA01D5012315E07B6807EE3E
:10813000903AB8EE677ADFED0C7A27EE277A3B6843
:1081400006EE903AF8EE667AB4EEE77AF1EE10FABF
:1081500001DD012300E0002318460C37BD465DF821
:10816000047B70479A99993FCDCC4C3F90B591B024
:1081700000AF786039600023FB637B681B6807EE03
:10818000903AB8EE677A5D4BD3ED007ADFED5C6A2A
:10819000C6EEA77A87EE277ADFED5A7AC7EE277AFE
:1081A00017EE900A0EF0EAF802460B4643EC102B4D
:1081B00009F03AFD53EC102B104619460EF0F4FB73
:1081C0000346BB637B681B6807EE903AB8EE677A9C
:1081D0004A4BD3ED007ADFED4C6AC6EEA77A87EE04
:1081E000277ADFED487AC7EE277A17EE900A0EF06D
:1081F000C5F802460B4643EC102B09F015FD53EC75
:10820000102B104619460EF0CFFB03467B63BB6B69
:108210000F2B01D90F23BB637B6B1F2B01D91F23AE
:108220007B637B6B0F2B01D810237B63BB6B374ABF
:1082300002FB03F307EE903AB8EE677A2F4BD3EDCB
:10824000007AC7EE277A17EE900A0EF097F80246EA
:108250000B4643EC102B09F0E7FC53EC102B1046B7
:1082600019460EF0A1FB0346BB627B6B284A02FB5A
:1082700003F307EE903AB8EE677A204BD3ED007A1D
:10828000C7EE277A17EE900A0EF078F802460B46F2
:1082900043EC102B09F0C8FC53EC102B1046194688
:1082A0000EF082FB03467B627B681B681A46BB6A42
:1082B000D31A184607F00EF904467B681B681A4665
:1082C0007B6AD31A184607F005F903469C4221DC65
:1082D000BB6BDAB23B681A707B681B683B627B68D9
:1082E000BA6A1A607B681B68386A1946FFF704FF90
:1082F0000346FA6B1344FB6320E000BFAC8100200F
:1083000000007F4600007A440000FF470006F900A5
:108310000030C8077B6BDAB23B681A707B681B6859
:10832000FB617B687A6A1A607B681B68F86919468A
:10833000FFF7E2FE0346FA6B1344FB637B689B681E
:1083400007EE903AB8EE677A694BD3ED007ADFED2D
:10835000696AC6EEA77A87EE277ADFED677AC7EEFD
:10836000277A17EE900A0EF009F802460B4643EC06
:10837000102B09F059FC53EC102B104619460EF047
:1083800013FB03463B637B689B6807EE903AB8EEAD
:10839000677A574BD3ED007ADFED586AC6EEA77ABD
:1083A00087EE277ADFED547AC7EE277A17EE900A28
:1083B0000DF0E4FF02460B4643EC102B09F034FCB1
:1083C00053EC102B104619460EF0EEFA0346FB62F2
:1083D0003B6B0F2B01D90F233B63FB6A1F2B01D98A
:1083E0001F23FB62FB6A0F2B01D81023FB623B6B40
:1083F000434A02FB03F307EE903AB8EE677A3C4B30
:10840000D3ED007AC7EE277A17EE900A0DF0B6FF8B
:1084100002460B4643EC102B09F006FC53EC102BE4
:10842000104619460EF0C0FA0346BB61FB6A354A96
:1084300002FB03F307EE903AB8EE677A2C4BD3EDCC
:10844000007AC7EE277A17EE900A0DF097FF0246E2
:108450000B4643EC102B09F0E7FB53EC102B1046B6
:1084600019460EF0A1FA03467B617B689B681A46A9
:10847000BB69D31A184607F02DF804467B689B6841
:108480001A467B69D31A184607F024F803469C4223
:1084900014DC3B6BDAB23B689A707B689B683B618B
:1084A0007B68BA699A607B689B6838691946FFF7F0
:1084B00023FE0346FA6B1344FB6313E0FB6ADAB254
:1084C0003B689A707B689B68FB607B687A699A60FE
:1084D0007B689B68F8681946FFF70EFE0346FA6B47
:1084E0001344FB63FB6B18464437BD4690BD00BF89
:1084F000AC81002000007F4600007A440000FF4766
:108500000006F9000030C80790B591B000AF786060
:1085100039600023FB637B681B6907EE903AB8EE75
:10852000677A3B685B7819463B68DB781A461346E6
:108530009B079B1A9B000B4407EE903AF8EEE76A04
:10854000784BD3ED007A9FED786AC6EE277A66EE17
:10855000A77A87EE277ADFED757AC7EE277A17EECE
:10856000900A0DF00BFF02460B4643EC102B09F06E
:108570005BFB53EC102B104619460EF015FA034620
:10858000BB637B681B6907EE903AB8EE677A3B687D
:108590005B7819463B68DB781A4613469B079B1AA3
:1085A0009B000B441B0107EE903AF8EEE76A5D4B27
:1085B000D3ED007A9FED5C6AC6EE277A66EEA77A65
:1085C00087EE277ADFED597AC7EE277A17EE900A01
:1085D0000DF0D4FE02460B4643EC102B09F024FBB1
:1085E00053EC102B104619460EF0DEF903467B6360
:1085F000BB6B0F2B01D90F23BB637B6B1F2B01D9E7
:108600001F237B637B6B0F2B01D810237B633B689D
:108610005B7819463B68DB781A4613469B079B1A22
:108620009B000B44BA6B02FB03F213461B029B1A1E
:1086300007EE903AB8EE677A3A4BD3ED007A87EEC0
:10864000277ADFED3A7A67EE277A17EE900A0DF077
:1086500095FE02460B4643EC102B09F0E5FA53EC6D
:10866000102B104619460EF09FF90346BB623B687B
:108670005B7819463B68DB781A4613469B079B1AC2
:108680009B000B447A6B02FB03F213461B029B1AFE
:108690001B0107EE903AB8EE677A224BD3ED007AD1
:1086A00087EE277ADFED217A67EE277A17EE900AB8
:1086B0000DF064FE02460B4643EC102B09F0B4FAB1
:1086C00053EC102B104619460EF06EF903467B62F0
:1086D0007B681B691A46BB6AD31A184606F0FAFE75
:1086E00004467B681B691A467B6AD31A184606F053
:1086F000F1FE03469C421BDCBB6BDAB23B681A718D
:108700007B681B693B627B68BA6A1A617B681B697C
:10871000386A1946FFF7F0FC0346FA6B1344FB6313
:108720001AE000BFAC81002000007F4300007A44C3
:108730007B6BDAB23B681A717B681B69FB617B68F3
:108740007A6A1A617B681B69F8691946FFF7D4FCDD
:108750000346FA6B1344FB637B685B6907EE903A50
:10876000B8EE677A3B685B7819463B68DB781A4657
:1087700013469B079B1A9B000B4407EE903AF8EEBA
:10878000E76A854BD3ED007A9FED846AC6EE277ABF
:1087900066EEA77A87EE277ADFED817AC7EE277A31
:1087A00017EE900A0DF0EAFD02460B4643EC102B43
:1087B00009F03AFA53EC102B104619460EF0F4F873
:1087C00003463B637B685B6907EE903AB8EE677AD5
:1087D0003B685B7819463B68DB781A4613469B0773
:1087E0009B1A9B000B441B0107EE903AF8EEE76AD8
:1087F000694BD3ED007A9FED696AC6EE277A66EE83
:10880000A77A87EE277ADFED667AC7EE277A17EE2A
:10881000900A0DF0B3FD02460B4643EC102B09F015
:1088200003FA53EC102B104619460EF0BDF8034620
:10883000FB623B6B0F2B01D90F233B63FB6A1F2BA2
:1088400001D91F23FB62FB6A0F2B01D81023FB62A7
:108850003B685B7819463B68DB781A4613469B07F2
:108860009B1A9B000B443A6B02FB03F213461B025C
:108870009B1A07EE903AB8EE677A474BD3ED007A31
:1088800087EE277ADFED467A67EE277A17EE900AB1
:108890000DF074FD02460B4643EC102B09F0C4F9B1
:1088A00053EC102B104619460EF07EF80346BB61C0
:1088B0003B685B7819463B68DB781A4613469B0792
:1088C0009B1A9B000B44FA6A02FB03F213461B023D
:1088D0009B1A1B0107EE903AB8EE677A2E4BD3ED48
:1088E000007A87EE277ADFED2E7A67EE277A17EE89
:1088F000900A0DF043FD02460B4643EC102B09F0A5
:1089000093F953EC102B104619460EF04DF8034620
:108910007B617B685B691A46BB69D31A184606F00F
:10892000D9FD04467B685B691A467B69D31A1846F1
:1089300006F0D0FD03469C4214DC3B6BDAB23B6888
:108940005A717B685B693B617B68BA695A617B6875
:108950005B6938691946FFF7CFFB0346FA6B13448E
:10896000FB6313E0FB6ADAB23B685A717B685B69B0
:10897000FB607B687A695A617B685B69F8681946B5
:10898000FFF7BAFB0346FA6B1344FB63FB6B184615
:108990004437BD4690BD00BFAC81002000007F433E
:1089A00000007A4480B586B000AF0346B9607A60B3
:1089B000FB8100237B61FB89002B01D1022367E04F
:1089C000354B1B7883F00103DBB2002B01D004236D
:1089D0005EE0BB68002B01D10E2359E07B680022CA
:1089E0001A707B68FF225A707B6800229A707B683D
:1089F0000022DA707B6800221A717B6800225A71AB
:108A0000BB681A797B685A70BB681B7B0233002BEA
:108A100000DA03339B10DAB27B68DA707B68DB78AC
:108A2000072B02D97B680722DA707B68DB789B0012
:108A3000DAB2BB681A73B8687968FFF797FB034628
:108A40007A6913447B61FB891846FFF72DFB0346C7
:108A5000002B08D0B8687968FFF756FD03467A699D
:108A600013447B610EE0BB681B69002BBB680022CE
:108A70001A61BB6800225A617B6800221A717B6808
:108A800000225A717B69002B01D0012300E00023F2
:108A900018461837BD4680BDB081002080B483B031
:108AA00000AF03463960FB803B6807EE103AF8EEF2
:108AB000477A074BC3ED007A064BFA881A80064BBB
:108AC00001221A700C37BD465DF8047B704700BF69
:108AD000AC810020B2810020B081002080B586B03A
:108AE00000AFF860B9607A603B60E0F78FFE034644
:108AF000FB75154B1B78FA7D9A4207D2FB7D01204E
:108B000012491A46DFF70EFB0F2318E0F868B96820
:108B10007A683B68DBF774FF38613B69002B0DD046
:108B20000B4B1B685A1C0A4B1A60094B1B6801202F
:108B300008491A46DFF7F6FA3B6900E000231846B9
:108B40001837BD4680BD00BF84430020901A060040
:108B5000B4810020E81A060080B483B000AF034659
:108B6000FB71064BFA791A70054B00221A6000233C
:108B700018460C37BD465DF8047B704784430020DF
:108B8000B48100200000000007EE900AB8EEE77AFA
:108B9000DFED117ADFED116A67EE277AB6EE007A23
:108BA000C7EEA67A38B505460D4C67EE877A17EE04
:108BB000900A0DF0E3FB41EC100B08F039FF0022A6
:108BC000084B51EC100B0DF02DFC0DF0C5FEC4F858
:108BD0008050C4F8840038BD368D27400024744985
:108BE000B88100200000D041024840F252310122F9
:108BF000E6F78EBB3191040070B5294CB7EE000A40
:108C000004F5E471F0EE400A064604F1E00001F0DC
:108C10001FF804F1E00004F5D47104F1500201F0F2
:108C200057FA054608B9284670BD6368013363608A
:108C3000D4E914010DF090FE3168E7F71BF807EE58
:108C4000900AFAEEC87A17EE900A0DF097FBC4E985
:108C50001401D4E96A010DF07FFEA065D4E96C012E
:108C60000DF07AFEE065D4E96E010DF075FE0AA301
:108C7000D3E900232066D4E968010DF063FE0028E3
:108C8000D1D09FED080A04F1E0000146F0EE400A61
:108C900000F0DEFF284670BD000000000070A74015
:108CA000B8810020CDCCCC3E044B0549054A196261
:108CB00059629962DA621A635A637047B881002078
:108CC00000401CC600401C460C4B03F10C02B3ECE8
:108CD000017AD3ED247AB4EEE77A93ED027AF1EEDD
:108CE00010FAF4EEC77A48BF43ED017AF1EE10FABC
:108CF00048BFC3ED027A9342E9D17047D881002082
:108D0000F0B50F4BB0F94AC0B0F94CE0B0F948707B
:108D10009E6EDD6E5C6E024685B00B46C6EB0C4661
:108D2000C5EB0E45916EB0F844000296C4EB0744C3
:108D300001AA03950194E7F73BFD05B0F0BD00BF24
:108D4000B881002090ED037AD0ED047AB4EEE77A92
:108D5000F1EE10FA14DDD0ED056AB4EEE67AF1EE2C
:108D600010FA2FDDF4EEE67A0023F1EE10FA036438
:108D7000A7BF0122022302220123426483647047B9
:108D800014D5D0ED056AF4EEE67AF1EE10FA0DDDB9
:108D9000B4EEE67A0123F1EE10FA0364A7BF0022D5
:108DA000022302220023426483647047B4EEE77A10
:108DB0000223F1EE10FA036410DA01220023426468
:108DC00083647047B4EEE77AF1EE10FA04D5F4EE5E
:108DD000E67AF1EE10FADBDC0223036400220123C1
:108DE00042648364704700BF002300220121416771
:108DF000C264826703604362436083628360C362CC
:108E0000704700BF30B40023002214250A2401213A
:108E100085650466416780F87020C2648267426598
:108E200003604362436083628360C36230BC704707
:108E30002DE9F0432DED028B87B06946FFF760FF07
:108E400003AD9FED258A00260027E9462C460DF14B
:108E50001808F9EC017AF8EEE77A67EE887A27EEDF
:108E6000A77AE4EC017A17EE100A0DF087FA0246B1
:108E70000B46304639460DF023F9444506460F4669
:108E8000E7D147EC106B09F013FA144C59EC108B36
:108E900004F10C0655F8040B0DF070FA42464B46EF
:108EA0000DF0EAFB0DF0A0FDD4ED007A07EE100AFC
:108EB00077EE877AE4EC017AB442EBD1084BD3F831
:108EC000842401210A44C3F88424C3F8AC1407B0F5
:108ED000BDEC028BBDE8F08300008037E885002000
:108EE000B88100202DE9F04387B0064602AA0DF1B3
:108EF000070103A8E6F764FDDDED037A67EEA77AC4
:108F000006F10C0717EE900A0DF038FA0022002344
:108F10000DF0D6F8DDED047A67EEA77A044617EE79
:108F2000900A0D460DF02AFA02460B4620462946C5
:108F30000DF0C6F8DDED057A67EEA77A04460D461A
:108F400017EE900A0DF01AFA22462B460DF0B8F8EB
:108F500041EC100B09F0ACF959EC108B03AD344621
:108F600055F8040B0DF00AFA42464B460DF084FB0F
:108F70000DF03AFDD4ED007A07EE100A77EE877A0D
:108F8000E4EC017ABC42EBD1736D012213447365AA
:108F9000F26707B0BDE8F083D0ED0F4AD0ED147A48
:108FA000B7EE006AF8EEE75A34EEC66A10B5002153
:108FB000044603460322D3ED007A93ED095AD3ED1C
:108FC000066AC7EEA57AF5EEC07AF1EE10FAB4BFE4
:108FD000B1EE677AB0EE677AC3ED067AE5EE067A0F
:108FE000F5EEC06AC7EEA47AF1EE10FAB8BFF1EE62
:108FF000666AF5EEC07AF1EE10FA37EE667AC3EDE6
:10900000097AB8BFF1EE677A013A83ED0C7AC3EDC5
:10901000037A43F8041BCED12046FFF793FEE36C9E
:10902000226CB3F57A7FBCBF0133E36494F87030EF
:10903000052B07D8DFE803F027032F424E07E36F25
:10904000012B62D010BD04EB820292ED037AD4EDC5
:109050001A7AB4EEE77AF1EE10FA0DD9106B0DF032
:109060008DF931A3D3E900230DF058FC002853D02B
:10907000E26C236E9A424EDB0123032284F87020B7
:109080006367A36710BD012300226367A36784F8A9
:109090007030E26410BD04EB8202D2ED037A94EDED
:1090A000197AF4EEC77AF1EE10FA27DA94ED1A7A0B
:1090B000F4EEC77AF1EE10FA17D8DDE704EB82027E
:1090C00092ED037AD4ED197AB4EEE77AF1EE10FA64
:1090D00014DA10BD04EB820292ED037AD4ED1B7A10
:1090E000B4EEE77AF1EE10FAACD8012305210022A4
:1090F00084F87010E2646367A36710BD0023042244
:1091000084F870206367A36710BD0222002384F8EF
:109110007020A36710BD10BD0423E0646067A067E2
:1091200084F8703010BD00BF9A9999999999A9BF98
:109130002DE9F04F2DED068B8046C06ED04C95B0DA
:1091400044F61F620025904207950895099523DD96
:10915000D4F88030984201D0FFF716FDD8F83030AF
:10916000C4F8B0344046FFF763FED4F88424D4F842
:109170008034C34D9A421BDAD4F8A834C04A012B7C
:1091800022D0D4F8A434012B00F0E880002015B0E0
:10919000BDEC068BBDE8F08FD4F8483318449042FC
:1091A000C4F84803F2DDFFF7EFFCC4F84853D5E7F5
:1091B00005F58660FFF7F0FE0023C5F88434D4F887
:1091C000A834AF4A012BDCD1D2F894300DF1280A33
:1091D000012B08BF00235146404608BFC2F8943017
:1091E000FFF78EFD0DA8E7F7A7FC0B9A0D990A9FD4
:1091F0000F9D0C9BA3480E9EA3EBA533A7EBA137B5
:10920000A2EBA636011D602200F118090C930A9703
:109210000B9606F0B5F99AE8070010AD89E807004B
:109220002846E7F703FE09F1580109F154006022CE
:1092300006F0A6F995E8070009F16C0383E807003A
:10924000D4F82C340193129BDDF840B0DDF844A033
:10925000DFF844E2CDF808801E4600231A46A9F53F
:109260005974234617469146944600960394D3F8C2
:109270004C53D3F85043D3F85403D3F8B813D3F86E
:10928000BC238EFB0568ED17C5EB6805AC448EFB6F
:109290000465E417C4EB650427448EFB0064C01723
:1092A000C0EB640081448EFB0140C917C1EB600133
:1092B000D3F8C0538B448EFB0201D217C2EB61027C
:1092C00092448EFB0501009AED17C5EB61052A4417
:1092D00000926D4A0C339342C9D10099019A039CC4
:1092E000DDF808808BEAEB758CEAEC73A5EBEB7587
:1092F0000029A3EBEC73B8BF49428AEAEA70AB429B
:1093000087EAE7764B46A0EBEA70B8BF4FF0010B57
:10931000A6EBE776A8BF4FF0000B002BB8BF5B426F
:10932000864202F10902B8BF0BF1010B8B42C4F86F
:109330002C24109511901291BFF623AF082A7FF7C5
:1093400020AFBBF1020F7FF41CAF94F824044C4B08
:10935000022800F26581E5F7A3FD12E707A8E7F709
:1093600097FD9DED080A9DED077ADDED097A20EE67
:10937000000AA7EE070AA7EEA70AF1EEC07AF4EEFC
:10938000677AF1EE10FA40F04C82B0EE677ABEEEEA
:10939000C97A3E49C4ED037A17EE103A0DF1400B3D
:1093A00000250AA8ADF82830ADF82A50ADF82C50A9
:1093B00002F018FF5846E7F71FFC216F1098344E53
:1093C0009FED348AE6F756FC616F82461198E6F706
:1093D00051FCA16F81461298E6F74CFCE16F0090BA
:1093E0001398E6F747FC01909BE80F00A6F15C0795
:1093F00086E80F000DF1340B08F14806B6F90000BD
:10940000D8F86810DFED238A0004E6F733FC07EE96
:10941000900A36F9023BF8EEE77A1B0467EE887A89
:109420004BF815300235062DE7EC017AE6D1144DE4
:10943000594605F5E47000F0C5FCD4F828232368EC
:109440009A42FFF6A3AE95ED367AD8ED397AB5EEAD
:10945000407AF8EEE77AF1EE10FA67EEA87A05D0D6
:1094600037EEC77AB0EEC77A85ED377AA368C4EDD8
:10947000367A052B19D8DFE803F0111111119A93F0
:10948000B881002004850020248200206884002008
:109490002882002000008037398EE338C449A16358
:1094A0004FF07E52C823E2632364D8F83030C148BD
:1094B000DB0568D502F086FD0DF0B6FBDFEDBE7A68
:1094C00007EE100AC7EE277AC4ED047ABB4D982246
:1094D000002105F52C7006F06EF8009B019AD1442E
:1094E0004B441F46D4F884303A449A4266DDD5EDA9
:1094F000049AF5EEC09AF1EE10FA5FDDD5ED0E7A22
:10950000F4EEE79AF1EE10FA58D56A682B6C9A429D
:1095100080F26A81D5F8A434012B7FF437AE08F1CC
:109520006800FFF769FB00283FF430AED5ED049AE0
:1095300094ED058A94ED069AD4ED078A84ED2D8A80
:1095400084ED2E9AC4ED2F8A9C4CF0EE487A234687
:10955000002293ED087AB4EEE77A93ED0B7AF1EE00
:1095600010FAB4EEE77A48BFC3ED087A0432F1EEA0
:1095700010FAC8BFC3ED0B7A0C2A03F104035AD0CA
:10958000D3ED2D7AE5E702F023FD0DF04DFBDFED85
:109590008C7A07EE100AC7EE277AC4ED047A95E7B5
:1095A000884B894AA3633223E26323647DE7874BB8
:1095B000874AA3636423E263236476E794ED058A14
:1095C00094ED069AD4ED078A7C4BB0EE487A0022DF
:1095D000D3ED267A77EEC77A0432F0EEE77A0C2ADA
:1095E000C3ED297A03F1040302D093ED057AEFE786
:1095F00094ED297AD4ED2A7AD4ED2B6A754884ED5E
:10960000268A77EE277A002177EEA67AE82284ED83
:10961000279AC4ED288AC4ED2C7A05F0CCFFB5E575
:109620000146D3F8282403F16400E5F751FC01203A
:10963000E7F79EFBA5E5684B03F10C02B3EC017A5A
:10964000D3ED027A77EE677A9342C3ED2A7AF5D1A9
:10965000D4E91489002394ED0FAA604F84F82434D0
:109660001E461D469B469A46F7EC017A5C4BF4EE8B
:10967000CA7AF1EE10FA4FF000024046494615DB77
:109680000CF01CFD21F0004305930490DDE904017A
:109690003FA3D3E900230DF037F938B10AF10106F1
:1096A0000123F6B2AB40B2464BEA030B0135032D62
:1096B000DAD184F82464C4F828B4404DBAF1000F1C
:1096C00038D0D5E96A010DF047F96866D5E96C0133
:1096D0000DF042F9A866D5E96E010DF03DF9AB68D1
:1096E000E866032B4FF00002D8BFC5F808A0BAF116
:1096F000030FC5F82C241DD1E068304D0CF03EFE60
:1097000025A3D3E900230DF0FFF898B10022344BD4
:10971000D5E914010CF0D2FC21F0004319461CA33A
:10972000D3E900230DF0F0F820B1AB68032B04BFA0
:109730000423AB60DFED2B7AF4EEE79AF1EE10FA3A
:109740007FF542AFE0681D4D0CF018FE14A3D3E97D
:1097500000230DF0D9F800283FF436AF0022204B4B
:10976000D5E914010CF0AAFC21F0004319460EA320
:10977000D3E900230DF0C8F800283FF425AFAB680B
:10978000042B04BF0523AB601EE700BFAFF30080CE
:109790009A9999999999B93F295C8FC2F528BC3F4C
:1097A0003BDF4F8D976E923F9CC420B07268913F13
:1097B0000080BB44688400200050C347B88100206B
:1097C00000247449000070423333B33F00009643D5
:1097D0009A99993F80830020D881002084820020BC
:1097E0000000F03F00007A43D5F8B0000CF0C6FD51
:1097F0000FA3D3E900230DF0A5F800283FF498AE9D
:10980000D5F8A434012B7FF4C1AC08F16800FFF750
:10981000F3F900283FF4BAAC0023D5ED049A6B604D
:1098200086E608F003FEF0EE407AAEE5AFF3008086
:109830009A9999999999A93F2DE9F84F1E4CDFF80B
:1098400088801E4E002120464FF4976205F0B3FE3B
:109850004FF08045142104F5936C2567C4F88814F3
:1098600001200A2104F26C4904F2944704F29C4559
:10987000134A144BDFF854E0C4F8A4044FF0844AB0
:109880004FF01E0B1920C4F890142262C4F88CB457
:10989000C9F800A0CCF80080C7F800E02E60216075
:1098A000C4F880146262A262E3622363636303F01C
:1098B00091F80020BDE8F88FB88100203333333FA2
:1098C00000401CC600401C46CDCCCC3ECDCC4C3F0D
:1098D0000148E5F7C3BD00BF3191040008B5FFF7AB
:1098E000ABFF00B108BD0248BDE80840E7F754BB34
:1098F000E98B040008B50448E5F7B0FD0348BDE86E
:109900000840E7F707BB00BF31910400E98B040072
:10991000014B9868704700BFB8810020AFF300800A
:1099200002484FF4C8710422E5F7F2BCFDBB040005
:109930002DE9F04F814F87B004460D46D7F8AC00B3
:109940000CF00AFD22462B460CF0DEFF002844D125
:10995000D7F8B0000CF000FD02460B462046294621
:109960000CF0D2FFC8BBB7F8BC3003931A46B7F966
:10997000C23010B2C01A0CF0EFFC80468946424655
:1099800029464B4620460CF0DDFFB7F9CA20B7F94F
:10999000D030061CA2EB030018BF01260CF0DCFC43
:1099A00002460B4620462946CDE900230CF0CAFFAB
:1099B00000B10136B7F9DE30B7F9D800C01A0CF0A3
:1099C000CBFC82468B462046294652465B460CF02D
:1099D000B9FF00B10136012E03DD012007B0BDE85B
:1099E000F08F204629460022554B0CF01BFD044603
:1099F0000D464046494622462B460CF0A3FF224620
:109A000010F100082B46DDE9000118BF4FF00108F6
:109A10000CF098FF08B108F101085046594622465B
:109A20002B460CF08FFF10B9B8F1000F03D00220C5
:109A300007B0BDE8F08F434B404C0398CDF80C8045
:109A400093ED327B57EC176B93ED347B8DED007B00
:109A500093ED367B8DED047B04F12405B246BB46C5
:109A600000B20CF079FC52465B460CF027FB064630
:109A7000B4F9C2000F460CF06FFC52465B460CF086
:109A80001DFB02460B46304639460CF0CBFC8046A7
:109A9000B4F9BE0089460CF05FFCDDE900230CF050
:109AA0000DFB0646B4F9C4000F460CF055FCDDE989
:109AB00000230CF003FB02460B46304639460CF0FF
:109AC000B1FC02460B46404649460CF0F9FA804686
:109AD000B4F9C00089460CF03FFCDDE904230CF02A
:109AE000EDFA0646B4F9C6000F460CF035FCDDE988
:109AF00004230CF0E3FA02460B46304639460CF0DC
:109B000091FC02460B46404649460CF0D9FA002229
:109B100000230CF0F9FE0C3460B9AC4202D0B4F86A
:109B2000BC009DE7DDF80CB0BBF1010FCCBF0020FD
:109B3000012053E7039B01330393EEE7008D0020E0
:109B400000000440308B0020014B83ED3A0A70473F
:109B5000008D00200C4A13685068D90110B481EAC6
:109B6000D301946881EA001181EAC4045B0383EAAB
:109B70005413C80A80EA432094605160D360106097
:109B80005DF8044B704700BF8843002038B52DEDC9
:109B9000048BB0EE409AFFF7DDFF07EE900A9FEDD1
:109BA0002A0A9FED2A8AF8EE677A27EE800A20EECD
:109BB000080A08F085F8F0EE408AFFF7CBFF07EEC1
:109BC000900AF8EE677A67EE887AF5EE407AF1EE61
:109BD00010FA1FD19FED1A0B08F050F955EC104BFD
:109BE00010EE100A00224FF0404329460CF01AFCF8
:109BF0000CF0FAFE07EE900AB1EEE70AB4EE400A66
:109C0000F1EE10FA0DD120EE090A20EE280ABDEC83
:109C1000048B38BD17EE900A0CF0B0FB41EC100B32
:109C2000DAE700224FF04043204629460CF0FAFBC9
:109C30000CF0DAFE00EE100A08F0F8FBE3E700BFD4
:109C4000000000000000F03FDB0FC9400000802F43
:109C50002DE9F04F89B00546079010EE100A10EE7E
:109C6000904A8A4605910CF089FB06460F4620462D
:109C7000CDE900670CF082FBD5E9302380468946A8
:109C800030463946CDE902890CF0CCFB2E46DAE9A4
:109C9000302304460D46404649460CF0C3FB0B46B4
:109CA0000246294620460CF00BFA06F19003C6E95D
:109CB000300106931D46D3460AF1900306F1300A9F
:109CC000CDF810A034469A46D4E90023DDE900011E
:109CD0000CF0A8FBFBE8028906460F4642464B46BD
:109CE000DDE902010CF09EFB02460B463046394688
:109CF0000CF0E6F9E4E80201DDE90001D5E9002312
:109D00000CF090FBFAE8028906460F4642464B46A5
:109D1000DDE902010CF086FB0B460246394630466F
:109D20000CF0CEF9049B9C42E5E80201CCD19A46A6
:109D3000079B03F14808059BCDF8108003F1480B01
:109D4000C146D846DDF818B0D9E90023DDE90001A5
:109D50000CF068FBF8E8026704460D4632463B46C5
:109D6000DDE902010CF05EFB02460B462046294667
:109D70000CF0A6F9E9E80201D945E5D1059BDDF82B
:109D8000108003F13009C346C846DAE90023DDE953
:109D900000010CF047FBF8E8026704460D46324626
:109DA0003B46DDE902010CF03DFB02460B46204636
:109DB00029460CF085F9EAE80201D345E5D109B05E
:109DC000BDE8F08F2DE9F04782468EB008680C465A
:109DD0000CF0C2FA8046606889460CF0BDFA06466F
:109DE000A0680F460CF0B8FA002204460D46AD4BB1
:109DF000DAE930010CF064F942464B46CAE9300119
:109E0000DAE90C010CF05CF932463B46CAE90C0178
:109E1000DAE90E010CF054F922462B46CAE90E018C
:109E2000DAE910010CF04CF94246CAE910014B4640
:109E3000404649460CF0F6FACDE90001DDE9002381
:109E4000DAE900010CF03CF93246CAE900013B4670
:109E5000404649460CF0E6FACDE90201DDE902236D
:109E6000DAE902010CF02CF92246CAE902012B467C
:109E7000404649460CF0D6FACDE90401DDE9042359
:109E8000DAE904010CF01CF93246CAE904013B4648
:109E9000304639460CF0C6FACDE90601DDE9062365
:109EA000DAE906010CF00CF92246CAE906012B4654
:109EB000304639460CF0B6FACDE90801DAE9080176
:109EC000DDE908230CF0FCF82246CAE908012B461C
:109ED000204629460CF0A6FACDE90A01DDE90A235D
:109EE000DAE90A010CF0ECF8DDE90023CAE90A011D
:109EF000404649460CF096FACDE90C01DDE90C2309
:109F0000DAE912010CF0DCF8DDE90223CAE91201FA
:109F1000304639460CF086FA02460B46DAE914015F
:109F20000CF0CEF8DDE90423CAE9140120462946E5
:109F30000CF078FA02460B46DAE916010CF0C0F88C
:109F4000DDE90223CAE91601404649460CF06AFAE7
:109F500002460B46DAE918010CF0B2F8DDE90623F7
:109F6000CAE91801304639460CF05CFACDE9020125
:109F7000DDE90223DAE91A010CF0A2F8DDE9082391
:109F8000CAE91A01204629460CF04CFA02460B4653
:109F9000DAE91C010CF094F8DDE90423CAE91C019C
:109FA000404649460CF03EFA02460B46DAE91E01ED
:109FB0000CF086F8DDE90823CAE91E01304639466F
:109FC0000CF030FA02460B46DAE920010CF078F882
:109FD000DDE90A23CAE92001204629460CF022FACD
:109FE000CDE90401DDE90423DAE922010CF068F887
:109FF000DDE90C23CAE92201404649460CF012FA79
:10A0000002460B46DAE924010CF05AF8DDE9022396
:10A01000CAE92401304639460CF004FA02460B46E0
:10A02000DAE926010CF04CF8DDE90423CAE926013F
:10A03000204629460CF0F6F902460B46DAE92801DB
:10A040000CF03EF8DDE90023CAE928013046394624
:10A050000CF0E8F902460B46304639460CF0E2F9BE
:10A0600002460B46DAE92A010CF02AF8DDE9002362
:10A07000CAE92A01204629460CF0D4F902460B46CB
:10A08000204629460CF0CEF902460B46DAE92C01AF
:10A090000CF016F8DDE90623CAE92C012046294612
:10A0A00002E000BF0000F03F0CF0BCF902460B4696
:10A0B000204629460CF0B6F902460B46DAE92E0195
:10A0C0000BF0FEFFCAE92E010EB0BDE8F08700BF1D
:10A0D0002DE9F04F90ED007BD0E93045B3B08246DA
:10A0E00031928B4653EC172B20462946DAE90C892E
:10A0F0008DED107B0CF096F9424606460F464B4616
:10A10000404649460CF08EF902460B463046394629
:10A110000BF0D4FF9AED067B53EC172B8DED127BE1
:10A120009AED0E7BCDE90A01204629468DED027B92
:10A130000CF078F9DDE9022306460F461046194671
:10A140000CF070F902460B46304639460BF0B6FF6C
:10A150009AED0A7B53EC172B8DED147B9AED107B57
:10A16000CDE90C01204629468DED047B0CF05AF90F
:10A17000DDE9042306460F46104619460CF052F955
:10A1800002460B46304639460BF098FFDAE90223C7
:10A19000CDE90E01204629460CF044F9DDE9022301
:10A1A00006460F46404649460CF03CF902460B462F
:10A1B000304639460BF082FFDAE90423CDE9060187
:10A1C000204629460CF02EF9DDE9042306460F4609
:10A1D000404649460CF026F902460B4630463946C1
:10A1E0000BF06CFFDAE90823CDE908012046294687
:10A1F0000CF018F9DDE9042306460F46DDE90201FB
:10A200000CF010F902460B46304639460BF056FF6B
:10A210009AED127B8DED187B9AED147B8DED207BF2
:10A220009AED167B8DED227B9AED187B8DED247BCC
:10A230009AED1A7BDDE906678DED267B9AED1C7B96
:10A2400032463B46CDE90001DDE90E018DED287B6C
:10A250000CF0E8F8DDE90823CDE91601DDE90C0191
:10A260000CF0E0F8DDE90C23CDE91A01DDE90A0183
:10A270000CF0D8F832463B46CDE91C01DDE9160169
:10A28000CDE906670CF0CEF8DDE9062306460F4659
:10A29000104619460BF014FFDDE908230CF0C2F854
:10A2A000DDE900230CF0BEF802460B463046394685
:10A2B0000BF004FFDDE9082306460F46DDE91A012D
:10A2C0000CF0B0F802460B46304639460BF0F8FE6B
:10A2D000DDE9002306460F46DDE90A010CF0A2F88D
:10A2E000DDE900230CF09EF802460B463046394665
:10A2F0000BF0E6FEDDE90E2306460F46DDE91C0104
:10A300000CF090F802460B46304639460BF0D6FE6C
:10A310009AED1E7B8DED2A7B9AED207B8DED2C7BBB
:10A320009AED227B00220023CDE91E018DED2E7BCC
:10A330000CF0E0FA18B1002033B0BDE8F08FDDE991
:10A340001823204629460CF06DF8424606460F4673
:10A350004B46DDE910010CF065F802460B4630462D
:10A3600039460BF0ABFEDDE9202306460F462046BA
:10A3700029460CF057F802460B46304639460BF09A
:10A380009FFEDDE9122306460F46404649460CF083
:10A3900049F802460B46304639460BF08FFEDDE9A0
:10A3A000222306460F46204629460CF03BF802467B
:10A3B0000B46304639460BF083FE06460F464046B4
:10A3C0004946DDE9148942464B460CF02BF802461B
:10A3D0000B46304639460BF071FE0022C74B0CF09D
:10A3E00021F8DDE92423CDE91801204629460CF0A7
:10A3F00019F8DDE9022306460F46DDE910010CF0ED
:10A4000011F802460B46304639460BF057FEDDE99F
:10A41000262306460F46204629460CF003F802463E
:10A420000B46304639460BF04BFEDDE9022306466B
:10A430000F46DDE912010BF0F5FF02460B463046F0
:10A4400039460BF03BFEDDE9282306460F46204641
:10A4500029460BF0E7FF02460B46304639460BF023
:10A460002FFE424606460F464B46DDE90201CDE986
:10A4700014890BF0D7FF02460B46304639460BF0E5
:10A480001DFE00229D4B0BF0CDFFDDE92A23804607
:10A490008946204629460BF0C5FFDDE90423064620
:10A4A0000F46DDE910010BF0BDFF02460B463046BA
:10A4B00039460BF003FEDDE92C2306460F46204605
:10A4C00029460BF0AFFF02460B46304639460BF0EB
:10A4D000F7FDDDE9042306460F46DDE912010BF026
:10A4E000A1FF02460B46304639460BF0E7FDDDE999
:10A4F0002E2306460F46204629460BF093FF0246C0
:10A500000B46304639460BF0DBFDDDE904230446FB
:10A510000D46DDE914010BF085FF02460B4620468F
:10A5200029460BF0CBFD0022744B0BF07BFFDDE9DD
:10A53000082306460F46DDE906010BF073FF32469D
:10A54000CDE910013B46DDE90C010BF06BFF424603
:10A5500004460D464B46DDE900010BF063FF024661
:10A560000B46204629460BF0A9FDDDE908230BF038
:10A5700059FFDDE9002304460D46104619460BF04D
:10A5800051FFDDE918230BF04DFF02460B46204634
:10A5900029460BF095FDDDE90E2304460D46DDE965
:10A5A0000C010BF03FFFDDE918230BF03BFF0246E7
:10A5B0000B46204629460BF081FDDDE916230446B3
:10A5C0000D46404649460BF02DFF02460B462046FD
:10A5D00029460BF075FDDDE9002304460D46DDE953
:10A5E00006010BF01FFF32463B460BF01BFF0246F5
:10A5F0000B46204629460BF061FDDDE91E230CF0D9
:10A600003BF83246CDE902013B46CBE90001DDE9EA
:10A610000A010BF007FFDDE9182304460D46DDE9CA
:10A6200008010BF0FFFE02460B46204629460BF0C0
:10A6300045FDDDE900230BF0F5FE04460D46DDE99E
:10A64000080102460B460BF0EDFE42464B460BF06E
:10A65000E9FE02460B46204629460BF031FDDDE9B6
:10A660000E2304460D46DDE90A010BF0DBFE4246EF
:10A670004B460BF0D7FE02460B46204629460BF010
:10A680001DFDDDE9162304460D46DDE918010BF03A
:10A69000C9FE02460B46204629460BF011FD324604
:10A6A00004460D463B46DDE910010BF0BBFE0246B9
:10A6B0000B46204629460BF001FDDDE91E230BF079
:10A6C000DBFF4246CDE904014B46CBE90201DDE95F
:10A6D0000A010BF0A7FEDDE9182304460D46DDE96B
:10A6E00006010BF09FFE02460B46204629460BF062
:10A6F000E5FCDDE900230BF095FE01E00000E03F02
:10A7000004460D46DDE9060102460B460BF08AFEC3
:10A7100032463B460BF086FE02460B462046294653
:10A720000BF0CEFCDDE91C2304460D4630463946CD
:10A730000BF078FE02460B46204629460BF0BEFC85
:10A7400004460D46DDE91801DDE91A230BF06AFE27
:10A7500002460B46204629460BF0B2FCDDE91023E9
:10A7600004460D46404649460BF05CFE02460B4649
:10A77000204629460BF0A2FCDDE91E230BF07CFFEE
:10A7800004460D46DDE90201CBE9044502460B46CD
:10A790000BF048FEDDE90423CDE90001104619461F
:10A7A0000BF040FE2246804689462B46204629462D
:10A7B0000BF038FEDAE90623CDE90601DAE90001FB
:10A7C0000BF07EFC424606460F464B46DDE9000193
:10A7D0000BF076FCDDE906230BF072FCDAE90A23C4
:10A7E000CDE90001304639460BF06AFCDAE90C236A
:10A7F00006460F46DDE902010BF014FEDAE90E23EE
:10A8000080468946DDE904010BF00CFE02460B464A
:10A81000404649460BF054FCDAE91023804689464D
:10A82000204629460BF0FEFD02460B4640464946AF
:10A830000BF046FC02460B460BF042FC02460B4670
:10A84000304639460BF03AFCDAE930230BF014FFBE
:10A8500002460B46DDE900010BF032FC41EC100B27
:10A8600007F026FD319B012083ED000B33B0BDE8DE
:10A87000F08F00BF2DE9F04F90ED307BD1E90089DA
:10A8800099B004460D4642464B4651EC170B8DEDF0
:10A89000067B0BF0C7FD94ED007B06460F46324663
:10A8A0003B46404649468DED087BCDE90E670BF0EF
:10A8B000B9FDDDE908230BF0B5FDD4E90CAB064684
:10A8C0000F4642464B46404649460BF0ABFD5246CA
:10A8D0005B460BF0A7FD02460B46504659460BF06F
:10A8E000A1FD02460B46304639460BF0E7FBD4E9A2
:10A8F000122306460F46DDE90E010BF093FD0246DA
:10A900000B46304639460BF0D9FBDDE90623CDE98D
:10A910000201104619460BF0D3FB06460F4632469D
:10A920003B4640464946CDE916670BF07BFD95ED69
:10A93000027B53EC172B8DED007BCDE904010BF06E
:10A9400071FDD4E902230BF06DFDDDE90823064615
:10A950000F46404649460BF065FD02460B46504601
:10A9600059460BF05FFD02460B46DDE902010BF094
:10A97000A7FB02460B46304639460BF0A1FB424688
:10A9800006460F464B46404649460BF099FB0246A9
:10A990000B46DDE90001CDE90C230BF043FD94EDFE
:10A9A0000E7B02460B46504659468DED0A7B0BF056
:10A9B00039FDDDE90A230BF035FD02460B46304632
:10A9C00039460BF07BFBD4E9142306460F46DDE93C
:10A9D0000E010BF027FD02460B46304639460BF0C0
:10A9E0006DFB524606460F465B46404649460BF015
:10A9F00019FD95ED047BCDE9100153EC172BDDE932
:10AA000004018DED027B0BF00DFD94ED067BD4E986
:10AA100004238DED047B0BF005FDDDE90423804666
:10AA20008946DDE910010BF0FDFC02460B4630467D
:10AA300039460BF045FB02460B46404649460BF0B3
:10AA40003FFBDDE9022306460F46DDE90C010BF072
:10AA5000E9FC94ED107B02460B46504659468DEDBD
:10AA60000C7B0BF0DFFCDDE90C230BF0DBFC02467A
:10AA70000B46304639460BF021FBD4E91623064637
:10AA80000F46DDE90E010BF0CDFC02460B463046C9
:10AA900039460BF013FB002280468946C34BDDE9A3
:10AAA00006010BF0BFFCD4E92423D4E90AABCDE9BD
:10AAB00012010BF0B7FC524606460F465B46DDE935
:10AAC00010010BF0AFFC02460B46404649460BF026
:10AAD000F7FA02460B46304639460BF0F1FADDE94B
:10AAE000002306460F46DDE906010BF09BFCDDE97D
:10AAF0000889CDE90E01002240464946AB4B0BF0D8
:10AB000091FC02460B4640464946CDE908890BF0C8
:10AB100089FC02460B46304639460BF0CFFAD4E9A1
:10AB2000182306460F46DDE90E010BF07BFC0246BA
:10AB30000B46304639460BF0C1FA00228046894662
:10AB40009B4BDDE906010BF06DFCD4E92A23CDE92E
:10AB500010010BF067FCDDE9002306460F46DDE936
:10AB600008010BF05FFC02460B46DDE90A010BF021
:10AB700059FC02460B46404649460BF0A1FA0246F4
:10AB80000B46304639460BF09BFA002206460F462C
:10AB9000874BDDE908010BF045FCCDE91401DDE947
:10ABA0000601DDE902230BF03DFCDDE914238046BC
:10ABB0008946DDE904010BF035FC02460B463046C0
:10ABC00039460BF07BFAD4E91E2306460F46404671
:10ABD0004946CDE906890BF025FC02460B46304676
:10ABE00039460BF06BFAD4E92C2380468946DDE91F
:10ABF00010010BF017FCDDE9022306460F46DDE9E4
:10AC000008010BF00FFC02460B46DDE90C010BF0CE
:10AC100009FC02460B46404649460BF051FA0246F3
:10AC20000B46304639460BF04BFADDE90E238046E1
:10AC30008946DDE900010BF0F5FB02460B46DDE934
:10AC400004010BF0EFFBDDE9142306460F465046E6
:10AC500059460BF0E7FB02460B46404649460BF0CF
:10AC60002DFA02460B46304639460BF029FADDE94B
:10AC7000002306460F46104619460BF0D3FBDDE9CC
:10AC80000A8902460B46404649460BF0CBFB02467A
:10AC90000B4640464946CDE90A890BF0C3FB024604
:10ACA0000B46304639460BF009FAD4E91A2306461A
:10ACB0000F46DDE90E010BF0B5FB02460B463046B0
:10ACC00039460BF0FBF9DDE9002380468946DDE9D2
:10ACD00016010BF0A7FB02460B46DDE902010BF063
:10ACE000A1FBD4E908230BF09DFBDDE90423064614
:10ACF0000F46DDE900010BF095FB02460B46DDE94E
:10AD00000A010BF08FFB02460B46404649460BF00A
:10AD1000D7F902460B46304639460BF0D1F9DDE94A
:10AD2000002306460F46104619460BF0C9F90246A5
:10AD30000B46DDE902010BF075FB02460B46DDE92F
:10AD40000A010BF06FFB02460B46DDE90C010BF02C
:10AD500069FB02460B46304639460BF0AFF9D4E9A1
:10AD60001C2306460F46DDE90E010BF05BFB024695
:10AD70000B46304639460BF0A1F980468946DDE99D
:10AD80001201D4E926230BF04DFBDDE90A23064628
:10AD90000F46DDE900010BF045FB02460B4650462D
:10ADA00059460BF03FFB024604E000BF0000D03FD5
:10ADB0000000E03F0B46404649460BF081F9024651
:10ADC0000B46304639460BF07BF9DDE9048906462F
:10ADD0000F46404649460022664B0BF023FB0246D5
:10ADE0000B4640464946CDE904890BF01BFB024661
:10ADF0000B46304639460BF061F9D4E9202306466C
:10AE00000F46DDE906010BF00DFB02460B4630460E
:10AE100039460BF053F9D4E92E2380468946DDE903
:10AE200010010BF0FFFADDE9022306460F46DDE9CB
:10AE300004010BF0F7FA02460B46DDE90C010BF0BA
:10AE4000F1FA02460B46404649460BF039F90246F4
:10AE50000B46304639460BF033F9DDE906238046D0
:10AE60008946DDE902010BF0DDFA02460B46504649
:10AE700059460BF0D7FA002206460F463E4BDDE955
:10AE800004010BF0CFFA02460B46504659460BF030
:10AE9000C9FA02460B46404649460BF00FF90246F6
:10AEA0000B46304639460BF00BF9DDE902890646C0
:10AEB0000F4642464B46404649460BF0B3FA02461F
:10AEC0000B46DDE90C010BF0ADFA02460B46DDE95D
:10AED0000C010BF0A7FA02460B46304639460BF040
:10AEE000EDF8D4E9222306460F46DDE906010BF012
:10AEF00099FA02460B46304639460BF0DFF8D4E9A2
:10AF0000282306460F46DDE912010BF08BFA524664
:10AF100004460D465B46404649460BF083FA02461E
:10AF20000B46DDE90C010BF07DFA02460B4630467C
:10AF300039460BF0C5F802460B46204629460BF071
:10AF4000BFF8002204460D4650465946094B0BF007
:10AF500069FA02460B46504659460BF063FA024620
:10AF60000B46204629460BF0A9F841EC100B19B00E
:10AF7000BDE8F08F0000D03F0000E03F2DE9F04336
:10AF8000804687B0B8F98C50B8F98E40B8F9902057
:10AF900003A812042D04240489460095019402920A
:10AFA000E3F72EFF019C049E029A009D039FB8F8D0
:10AFB0008800D8F8AC10A41B059E0194961B4B4644
:10AFC000ED1B6A4600950296E5F7F2FB07B0BDE877
:10AFD000F08300BF2DE9F0472DED028B86B0884647
:10AFE0006946FFF7CBFF03AD9FED258A00260027BA
:10AFF000EA462C460DF11809FAEC017AF8EEE77AE8
:10B0000067EE887A27EEA77AE4EC017A17EE100A49
:10B010000BF0B4F902460B46304639460BF050F8B7
:10B020004C4506460F46E7D147EC106B07F040F958
:10B0300057EC106B444608F10C0955F8040B0BF063
:10B040009DF932463B460BF017FB0BF0CDFCD4EDDF
:10B05000007A07EE100A77EE877AE4EC017A4C4525
:10B06000EBD1D8F854300133C8F85430E5F78EFEF0
:10B07000C8F87C0006B0BDEC028BBDE8F08700BFCD
:10B08000000080372DE9F0439DB05523002204468F
:10B0900006A80493059302920392E5F79DFD06A886
:10B0A0000AA9E4F709FF0AA80EAA02A9E4F70AFE12
:10B0B0000EA806A912AAE4F705FE13A90EC9B2EE5E
:10B0C000050A01F5967102F5967203F596731391D0
:10B0D00014921593FEF75AFDFDEEC07A139A17EEFF
:10B0E000903AB2EE050A13441393FEF74FFDFDEEBE
:10B0F000C07A149A17EE903AB2EE050A13441493EC
:10B10000FEF744FDBDEEC00A159B10EE102A204646
:10B11000134413A91593FEF755FED4E9300100221C
:10B12000314B0BF00FFC20B99FED2B0B1DB0BDE890
:10B13000F083204616A96A46FEF7CAFF0028F3D01E
:10B14000DDE9160126A3D3E900230AF0B7FF24A303
:10B15000D3E9002304460D46DDE918010AF0AEFFED
:10B160001FA3D3E9002380468946DDE91A010AF0CE
:10B17000A5FF224606460F462B46204629460BF0E1
:10B1800051F9424604460D464B46404649460BF0AF
:10B1900049F902460B46204629460AF091FF3246FD
:10B1A00004460D463B46304639460BF03BF9024615
:10B1B0000B46204629460AF083FF41EC100B07F0AE
:10B1C00077F8002251EC100B084B0BF055FA41ECCC
:10B1D000100B1DB0BDE8F0835555555555D574403D
:10B1E0000000000000C07240000034400000084031
:10B1F00038B5E8250F4C10482A46002104F0DBF949
:10B2000047F6FF732A464FF40045A4F8C230A4F86D
:10B21000D030A4F8DE300948A4F8BC500021A4F8CE
:10B22000CA50A4F8D85004F0C6F90023C4F8B430CA
:10B2300038BD00BF008D0020308B0020A88E00207C
:10B240002DE9F04FDFF8A8A02DED028BDAF894314C
:10B25000012BCFB0834600F0BD82DAF80831244AD2
:10B260002449002BC4BF03F1FF33C2F80831D1E9F0
:10B270003001002200230BF065FBC0B10DF1500935
:10B28000E8221C49484604F072F91A480BA9FEF757
:10B2900099FD184806AA00F1C801FEF719FF002819
:10B2A00040F0118249461348E82204F060F9DBF8C7
:10B2B0003030DA0504D5DBF87430DB0500F1788234
:10B2C0009FED098B0C490D4B0022D1E930010BF0A9
:10B2D0001BFB0446A0B100204FB0BDEC028BBDE8C3
:10B2E000F08F00BFAFF300800000000000000840B6
:10B2F000008D0020188C0020308B0020000034408E
:10B30000BF4806AA00F1C801FEF7E2FE0028E2D01D
:10B31000DBF8AC00BB4D0BF01FF802460B46B4A1A6
:10B32000D1E900010BF0A8F9B54ADAF8A830CDE967
:10B330000201D2E93201D2E934670AEBC302C2E961
:10B340000001AF4AD2E936010AEBC302C2E9026743
:10B35000DA1C0AEBC303C3E90401142ACAF8A820C3
:10B36000C8BFC5F8A840A74C0FCC0EAD0FC594E8D8
:10B370000300A4F1100A564685E803000FCE0DF134
:10B3800050094D460FC594E8030085E8030004F119
:10B39000080304F19802CDF810B000929B460EAE5F
:10B3A0004F46D846F8E80245F6E8020122462B4609
:10B3B0000BF0C8FA08B146E9024520462946F7E8ED
:10B3C00002230BF0BFFA08B147E902454E45E9D127
:10B3D000009B0BF1180B9B45E1D1DDE90E23DDE964
:10B3E00014010AF06BFEDDE9102304460D46DDE989
:10B3F00016010AF063FE06460F46204629463246ED
:10B400003B46DDF810B00BF09DFA08B934463D46D6
:10B41000DDE91223DDE918010AF050FE22462B4631
:10B4200006460F460BF070FA08B934463D46DDE992
:10B43000020122462B460BF067FA40B151EC180B83
:10B440000022714B0BF060FA002840F039812B4646
:10B450002246DDE902010BF075FA694BD3E930456C
:10B46000002800F0AD8151EC180B0022674B0BF067
:10B470004BFA002800F0A4810022654BDFF88081A0
:10B48000204629460BF05EFA002800F09981614BB6
:10B49000604FD3E93001002200230BF02BFA002883
:10B4A00040F07E82DAF8B400564E0AF055FF22468C
:10B4B0002B460BF0E1F850A3D3E900230BF042FA3E
:10B4C000002840F0FD80404608F1C801FFF7D2F99E
:10B4D00053EC102B10EE100A19468DED020B0AF0FA
:10B4E000EFFD0022CDE900014B4B204629460AF032
:10B4F000E5FD02460B46204629460AF093FF024628
:10B500000B46DDE900010BF0B7F841EC100B06F03B
:10B51000CFFED6F8E80055EC104B0AF02FFFD6E925
:10B5200038230AF07FFF02460B46204629460BF0DF
:10B5300009FA002840F0C480DDE90601FEF7F8F9B9
:10B5400000287FF4C8AED7E93223D8E932010AF0E7
:10B55000B5FDD7E9342304460D46D8E934010AF095
:10B56000ADFDD7E93623CDE90001D8E936010AF06F
:10B57000A5FD2246CDE904012B46204629460AF0C6
:10B5800051FF04460D46DDE9000102460B460AF074
:10B5900049FF02460B46204629460AF091FD044623
:10B5A0000D46DDE9040102460B460AF03BFF024668
:10B5B0000B46204629460AF083FD41EC100B06F0AD
:10B5C00077FEDBF8AC0055EC104B0AF0C5FE0246E6
:10B5D0000B46204629460AF025FF00220F4B0AF0B1
:10B5E00021FF0022094B04460D4619E0AFF300800D
:10B5F0009A9999999999A9410AD7A3703D0AE73F69
:10B60000308B0020008D00200000F83F000010402B
:10B6100000003E40188C00200000F03F0000103E6B
:10B620000BF090F9B0B9204629460022B44B0BF03C
:10B6300089F9002844D0D6F8B4000AF08DFED8E984
:10B6400030230BF019F8ACA3D3E900230BF05CF91D
:10B65000002835D0DAF89831AA4C012B30D10020DF
:10B66000E5F7AEFB9DED027BA74B84ED407BD3E974
:10B6700032010022A54B0AF0D5FE0BF06DF9A2496C
:10B68000A24B08900022D1E934010AF0CBFE0BF066
:10B6900063F99D499D4B09900022D1E936010AF0DA
:10B6A000C1FE0BF059F903210A9008A8E3F7BAFB91
:10B6B000974895499FED970AF7EE000AFEF7C8FAFA
:10B6C000FFF796FD07E6924800F1C801FFF7D2F8B0
:10B6D00057EC106B10EE100ADAE9402339468DED75
:10B6E000020B0AF0EBFC0D4689498B4B0446002205
:10B6F000D1E930010AF0E2FC02460B462046294619
:10B700000AF0BAFF41EC100B06F0D2FD804C324635
:10B710003B4630463946D4E930458DED000B0AF002
:10B72000CFFC002206460F46204629467A4B0AF0F7
:10B73000C5FC02460B46204629460AF073FE024627
:10B740000B46304639460AF097FF00220023044694
:10B750000D460BF0D9F818B145EC104B06F0A8FDDA
:10B76000DAF8E800674E0AF009FEDAE938230AF051
:10B7700059FE04460D462246DDE900012B460BF03A
:10B78000E1F8002840F0A880D6F80831002B40F3FB
:10B79000C9804946E8225E4803F0E9FEDDE9000180
:10B7A00022462B460BF0CEF800283FF480AD98E0FF
:10B7B0005A48FFF767FCB0EE408AF0EE608A81E5F8
:10B7C000204629460022564B0BF0BCF800283FF4D7
:10B7D00082AD75E7B0F98C10B0F98E20B0F99030D9
:10B7E0000B9149480C920BA90D93FEF7EBFABBF8AD
:10B7F0008C30BAF9BC101AB291420BDAAAF8BC30FC
:10B80000BBF88E30AAF8BE30BBF89030AAF8C03032
:10B81000BBF88C30BAF9C2003A4A19B2884209DD45
:10B82000A2F8C230BBF88E30A2F8C430BBF890301A
:10B83000A2F8C630BBF88E30BAF9CA00314A19B244
:10B8400088420DDABBF88C30A2F8C830BBF88E30D5
:10B85000A2F8CA30BBF89030A2F8CC30BBF88E30DA
:10B86000BAF9D010274A1BB299420BDDBBF88C30D5
:10B87000A2F8CE30BBF88E30A2F8D030BBF89030B2
:10B88000A2F8D230BBF89030BAF9D8001D4A19B2EC
:10B8900088420DDABBF88C30A2F8D430BBF88E3079
:10B8A000A2F8D630BBF89030A2F8D830BBF8903070
:10B8B000BAF9DE10134A1BB299427FF7CEACBBF83F
:10B8C0008C30A2F8DA30BBF88E30A2F8DC30BBF84E
:10B8D0009030A2F8DE30C0E449460D48E82203F07B
:10B8E00046FE4FF4FA7002F0A3FA0A23CAF80831B0
:10B8F000DDE400BFAFF30080333333333333C33F72
:10B9000000000440008D0020308B00200000F0403B
:10B91000188C0020000000000000F03FA88E0020DE
:10B9200000409F40D6F89831012B7FF4C0ACD6F888
:10B93000B43000200133C6F8B430E5F741FA614B6A
:10B940000022D3E93201604B0AF06CFD0BF004F8E1
:10B950005C495D4B08900022D1E934010AF062FD98
:10B960000AF0FAFF5749584B09900022D1E93601F5
:10B970000AF058FD0AF0F0FF03210A9008A8E3F747
:10B9800051FA504B0022D3E93001504B0AF0DAFF54
:10B99000002840F087809DED027B8AED407B86E4A5
:10B9A000404608F1C801FEF765FF20468AED400BCE
:10B9B0000022474B29468DED000B0AF07FFBCDE9B5
:10B9C0000201DDE9000102460B460AF079FBDDE9E0
:10B9D0000223CDE90001204629460AF023FD024654
:10B9E0000B46DDE900010AF047FE41EC100B06F0C2
:10B9F0005FFCDAF8E800B0EE408AF0EE608A0AF008
:10BA0000BDFCDAE938230AF00DFD02460B4651EC85
:10BA1000180B304C0AF096FF00287FF451AEDDE998
:10BA20000601FDF785FF02283FF44AAE00287FF4A7
:10BA300052ACD4F89841012C7FF44DACE5F7C0F935
:10BA4000D8E932010022204B0AF0ECFC0AF084FF16
:10BA500000221D4B0890D8E934010AF0E3FC0AF0FB
:10BA60007BFF0022184B0990D8E936010AF0DAFC76
:10BA70000AF072FF03210A9008A8E3F7D3F92046E1
:10BA8000E5F790F919234846149315931693E5F7B3
:10BA9000B1F9384641469FED100AF7EE000AFEF76D
:10BAA000D7F80DE607489FED0D0A0146F0EE400A73
:10BAB000FEF7CEF8034800F1C801FEF7DBFE8DED7E
:10BAC000020B68E7188C00200000F04000409F4007
:10BAD0000000F03F008D0020000000006666E63E9A
:10BAE00070B5444D036BC5F8A0310446E4F7B8FFC8
:10BAF000064608B1002070BDE5F770F90428F9D0BA
:10BB0000204605F59071FFF765FAD5F87421D5F850
:10BB100070319A424FDA236BDB053CD4D5F81421FF
:10BB2000D4F8A030334D9B1A83EAE372A2EBE372A0
:10BB3000B2F5A02F46DCD5F81811D4F8A420521A7B
:10BB400082EAE271A1EBE271B1F5A02F3ADCD5F8FF
:10BB50001C01D4F8A810091A81EAE170A0EBE17089
:10BB6000B0F5A02F12DC121202FB02F21B1203FB33
:10BB70000323091201FB0131B1F5403F2EDAD5F85C
:10BB8000B830002BB6DD013BC5F8B8302046FFF7D2
:10BB900057FB002070BD04F11800E4F71FF8B0F562
:10BBA000C84F17D2D5F8B830124A002BA2DD013B9E
:10BBB000C2F8B830EAE705F59070FDF7EDF9C5F881
:10BBC0007461A8E722460C4B52F8A00F51689268A6
:10BBD00007C3DBE70423C5F8B830D7E723460422C0
:10BBE000C5F8B82053F8A00F59689A6805F58A750A
:10BBF00007C5CBE7008D0020148E0020F8B5284C37
:10BC0000D4F80C310546BBB1D5F8B01044F61F622C
:10BC1000914208DCD4F8103121480B44934207DDEF
:10BC20000023C0F810312846BDE8F840FFF758BFA0
:10BC3000C0F810310020F8BDD0F8AC60F6B1F717AD
:10BC400032463B46002019210BF02CF832463B4689
:10BC5000C4F8AC00052100200BF024F832463B4626
:10BC6000C4F8B000962100200BF01CF80AF074FB19
:10BC7000C4E938010123C4F80C31C5E706A1D1E9B4
:10BC800000016FF00043C4E93801C4F8AC30C4F8D7
:10BC9000B030EFE7AFF300800000C0FFFFFFDF41EF
:10BCA000008D00200148E3F7D9BB00BFFDBB0400B5
:10BCB00038B5154C15480021E82203F07CFCFFF74D
:10BCC00097FA00214FF4D472204603F074FC4FF031
:10BCD0007E5304F59070C4F8E830FDF793F80C49F2
:10BCE0000C4A0D4BC4F888110A254FF082401E21E2
:10BCF000C4F85C01C4F87051C4F87C11C4F8842104
:10BD0000C4F88C31002038BD008D0020188C002034
:10BD1000CDCCCC3E3333333F9A99193F08B5FFF76A
:10BD2000C7FF00B108BD0248BDE80840E5F734B9D7
:10BD30002199040008B50448E3F790FB0348BDE8E7
:10BD40000840E5F7E7B800BFFDBB040021990400F7
:10BD50002DE9F04F002189B080460020CDE9060191
:10BD600003239C46CDF80480019B93E8C000D3E9EF
:10BD700006ABA6FB0601044606FB07F3BAEB04027A
:10BD800001EB4303A04699466BEB0303941843EB86
:10BD90000305A21845EB030318EB020449EB030566
:10BDA00006FB05F107FB0411A6FB0423AAFB0A45C9
:10BDB0000AFB0BF0AB46A2460B440BEB4001CDE96E
:10BDC00002AB03910199D1E90C0118EB080449EB8E
:10BDD0000905801A61EB03018946DDE902AB06FB28
:10BDE00005F14B468046980007FB0413A6FB04456B
:10BDF000DAF1000A1D44DDE902236BEB4B0B4FEA3D
:10BE0000880E4FEA8B01CDF810E04FEA8A0E12EB54
:10BE10000E0240EA987041EA9A714B41059006FB88
:10BE200005F107FB041192469B46A6FB0423DDE9BE
:10BE30000445019899462B4606FB03F307FB04379C
:10BE40009046A6FB0423D0E9124514EB0A0445EB07
:10BE50000B05A2464846084418EB0A04AB463B448F
:10BE600040EB0B05101943EB0501002871F10003AD
:10BE7000019B03F1080301932FDBDDE906238242D6
:10BE80008B4101DACDE90601BCF1010C7FF46CAF06
:10BE9000DDE906010AF0C8FE124B07EE100AD3EDE9
:10BEA0000E7AC7EE277A17EE900A0AF02DFF0E4B96
:10BEB000D3F80C329B00C3F1200201FA02F2B3F175
:10BEC000200420FA03F040EA02005CBF41FA04F4C7
:10BED0002043194109B0BDE8F08F404261EB4101B8
:10BEE000CBE700BF70860020908F0020C1070AD5E5
:10BEF000184B4FF040414FF080429966D966196760
:10BF00005A679A67DA67820710D5124B4FF04041A3
:10BF10004FF08042C3F80011C3F80411C3F80811B0
:10BF2000C3F80C21C3F81021C3F81421430710D51E
:10BF3000084B4FF040414FF08042C3F89811C3F8CE
:10BF40009C11C3F8A011C3F8A421C3F8A821C3F819
:10BF5000AC217047908F002038B5094D98242246B7
:10BF60002846002103F027FB05F5987022460021A2
:10BF700003F021FB0520BDE83840FFF7B7BF00BF45
:10BF8000988F002010B50D4C00214FF418722046F8
:10BF900003F011FB0720FFF7A9FF01231846032137
:10BFA0000022C4F8E43184F8E831E3F74FFD044897
:10BFB00064210722BDE81040E3F7AAB9908F002062
:10BFC00089C60400836F03B1C2E6002000217047D8
:10BFD0002DE9F84F836F002B5DD0A0F1080100F12F
:10BFE000100E0026002751F8080FD1F804C0D1E93F
:10BFF000062300FB0CF8A0FB004505EB4805121BCF
:10C0000063EB050312EB020843EB030912EB080292
:10C0100043EB0903D1E90CAB12196B4102FB0CFC99
:10C0200000FB03CCA2FB0023B2EB0A02634463EBE8
:10C030000B03002A73F1000031DB964277EB03001B
:10C04000BCBF16461F467145CDD1394630460AF071
:10C05000EBFD154B07EE100AD3ED0E7AC7EE277AEB
:10C0600017EE900A0AF050FE104BD3F80C3203EB97
:10C070004303C3F1200201FA02F2B3F1200420FAD3
:10C0800003F058BF41FA04F440EA020058BF2043CD
:10C090001941BDE8F88F18461946BDE8F88F52429D
:10C0A00063EB4303C9E700BF70860020908F002038
:10C0B0002DE9F0412F4B84B0D3F8107280461C4616
:10C0C0001A4603F1800003F1180601A952F8083F4F
:10C0D00050F8045FBB4003EB0543B24241F8043B18
:10C0E000F4D198220021244803F065FA0120FFF7DB
:10C0F000FDFE94F8E8311F4A042B32D01F4D019BFE
:10C10000686AAF6AEE6A039AD8F82410181A029B7C
:10C11000DF1B002887EAE773A3EBE773B8BF404251
:10C120008342A2EB0602B8BF034682EAE270A0EBAC
:10C13000E2709842B8BF1846E3F79CFDD4F8183275
:10C14000984206DA01A80321E2F704FF0220E4F78F
:10C15000B3FC01A90EC96962AA62EB6204B0BDE832
:10C16000F081D2F81832B3F5201FC4BF052382F83E
:10C17000E831C3E7908F0020988F00207086002060
:10C18000014BC3E90201704770860020014BC3E9EF
:10C190000601704770860020014BC3E90401704717
:10C1A00070860020064B30B403F5E872D2E90045F2
:10C1B000D3F8E0310360C1E9004530BC704700BFEF
:10C1C000908F0020064B30B403F5EC72D2E90045A5
:10C1D000D3F8E0310360C1E9004530BC704700BFCF
:10C1E000908F00202DE9F04F83B001F11803D1F8B2
:10C1F00078B001930D4601F1680C01F15C0ABBF1C6
:10C20000000F37D0B0F90020DCF81430D31A1E46E6
:10C21000DF175AF8042F9A42B8BFCAF800305CF80A
:10C22000042F9A42C8BFCCF8003005F1600E2C46AE
:10C230000122002302FB07F806FB0388A2FB06236A
:10C240004344D4E9008918EB020849EB0309E4E808
:10C2500006897445EED1019B08359D4200F102002C
:10C26000CDD10BF1010301228B67C1F8902003B0FF
:10C27000BDE8F08FB0F90030CCF81430002600276C
:10C280005B46C6E70368D36643681367F0B4946FF0
:10C2900083685367C2F8881094B1043802F15C01D6
:10C2A00002F1680750F8043F0E6A51F8045F9B1BC7
:10C2B000002BB8BF5B42AB42C8BF0B60B942F1D1A3
:10C2C000013401239467C2F89030F0BC704700BF7E
:10C2D00030B40023C56E046F416FD0F88820C56765
:10C2E000C0F88040C0F88410C0F88C200366436614
:10C2F00083668367C0F8903030BC7047D0F88820E0
:10C30000D0F88C00101A7047016E436E826E99420D
:10C31000B8BF194691420846B8BF1046704700BFE3
:10C32000F0B50346C2F120048E46B2F120070EFAA2
:10C3300004FC23FA02F002F1FF354FF0010658BF6A
:10C340004EFA07F706FA05F64CEA0000A4F12005BC
:10C3500058BF384303FA05F5C4F1200723FA07F75D
:10C360004CEA05053D43A340C4F12007E34005FA2C
:10C3700007F7203C43EA07035CBF45FA04F4234374
:10C380009E424EFA02F107DB7642B34203DA10F125
:10C39000FF3041F1FF31F0BD013041F10001F0BD4E
:10C3A0000B4A1146002341F8043B0431536041F825
:10C3B000043B13620B6053629362D3621361536157
:10C3C0009361D361136353639363D363704700BF77
:10C3D000B09100200B4AD2F84832F0B404460D4622
:10C3E0006BB11146F1E99067864277EB050001DAFF
:10C3F000C1E900450133C2F84832F0BC704702F58C
:10C400001071F5E7908F00200B4AD2F85832F0B443
:10C4100004460D466BB11146F1E99467864277EB0D
:10C42000050001DAC1E900450133C2F85832F0BC19
:10C43000704702F51471F5E7908F00200B4AD2F88F
:10C440002832F0B404460D466BB11146F1E9886715
:10C45000B04275EB070001DAC1E900450133C2F8CB
:10C460002832F0BC704702F50871F5E7908F002084
:10C470000B4AD2F83832F0B404460D466BB111467F
:10C48000F1E98C67B04275EB070001DAC1E90045BC
:10C490000133C2F83832F0BC704702F50C71F5E791
:10C4A000908F00202DE9F04DDFF830814A4ED8F80A
:10C4B0006820D8F87C50F46B08F16C018AC9D21B53
:10C4C000D8F87870C91B9142A3EB0505B8BF114697
:10C4D000A9420B46B8BF2B469C4256DB036BDC05DA
:10C4E00002D40220BDE8F08DD8F88030D8F80020C2
:10C4F0009342F6DB416FC9054CD5D8F8B0319A426A
:10C50000EFDC002B56D100240025D6E90423334963
:10C51000A24201F5EC70AB41C0E9004548DAD1F820
:10C520003832002B4FD101F50C71C1E900450133C0
:10C53000C8F83832002400219822294803F03BF83B
:10C540000420FFF7D3FCD8F8803033B32548FFF739
:10C55000FFFBD6E90667214B864203F5F872C2E974
:10C56000000177EB01021BDAD3F82822DAB1F3E9F4
:10C570008845A04271EB050401DAC3E900010132EC
:10C58000C8F828220020BDE8F08DFFF7E5FC002068
:10C59000BDE8F08D0124002BD8D100200021D8E780
:10C5A0002046BDE8F08D03F50873C3E90001E6E716
:10C5B0000124C0E708F59C70FFF7CAFB040D44EAAC
:10C5C00001340D15A1E7F1E98CAB544575EB0B0275
:10C5D000ADDAC1E90045AAE770860020908F0020FF
:10C5E000C8900020988F002030B5036B03F0C00383
:10C5F000C02B85B004463BD0636F03F0C003C02B53
:10C6000030D0D4F8B83003F0C002C02A19D003F0FB
:10C610006003602B01D005B030BDD4F8A050D4F831
:10C62000A400D4F8A830D4F8C010144A84139B1383
:10C63000AD1301A8019502940393FFF723FE05B003
:10C6400030BDB4F98C00B4F98E50B4F99030D4F800
:10C65000C0100190094A029501A80393FFF712FE4A
:10C6600005B030BD04F148000549FFF7BBFDC8E740
:10C6700004300449FFF7B6FDBEE700BF309000204C
:10C68000C8900020988F00202DE9F843036BD9054E
:10C6900040F18780426F02F05002402A044600F0C9
:10C6A0008380D0F8B82002F05002402A7CD003F0FA
:10C6B0005003402B78D0C24DE36AD5F80812C04A27
:10C6C000994219D0092BC2F80832BE4E40F32C8192
:10C6D000736BB76B306BC2F80C321946C2F8147228
:10C6E000106019228A40C3F110034FF48041C5F84D
:10C6F0001032F263C5F818122046FFF775FF95F85F
:10C70000E831062B4DD8DFE813F0FC00D000C7005D
:10C7100007009F007B0058002046FFF7C3FE00285B
:10C7200000F0FE8001283CD1D4F8B830DA0540F1A1
:10C730003A81D5F80001D5F80431D5F80811A14F98
:10C740009F4E9842B8BF18468142D7E90223B8BF2E
:10C750000146084682424FEAE17106F5E87E8B41C8
:10C76000CEE9000180F21681052386F8E831964B68
:10C77000D5F85822D3E90001002A40F0FB80C3E934
:10C780001E019249D5F848320132C5F85822D1E944
:10C790000067002B40F0E480C1E914670133C5F85D
:10C7A00048320020BDE8F883854DFFF7D5FB002314
:10C7B000C5F8E03185F8E8317EE72046FFF772FEE4
:10C7C0000128044600F0C8800028EAD1FFF7C4FB26
:10C7D00005F5867007C8D5F82831C5F80041C5F8B9
:10C7E0000441C5F80841C5F81841C5F83041C5F8FD
:10C7F0001C01C5F82011C5F82421C5F82C31D0E75B
:10C800000623012085F8E831E4F756F9FFF7A4FB89
:10C81000D5F80C31D5F81001D5F81411D5F8282128
:10C82000C5F81C310023C5F80031C5F80431C5F83E
:10C830000831C5F81831C5F83031C5F82001C5F800
:10C840002411C5F82C21ACE7D4F8B830DB0518D595
:10C85000D5F80421D5F80001D5F8083159495C4EC6
:10C860008242B8BF02469342D1E90201B8BF1346E3
:10C870001A4690424FEAE373C6E9002371EB0303C3
:10C880004EDB2046FFF70EFE002849D0012888D154
:10C890002046FFF70DFC6AE70323204685F8E831C0
:10C8A000FFF706FCFFF758FB7BE7D5F89830444EBE
:10C8B000012B7FF476AF2046FFF7F4FD002863D10B
:10C8C000052386F8E831D5F80C31D5F81001D5F8F4
:10C8D0001411D5F82821C5F81C310023C5F8003102
:10C8E000C5F80431C5F80831C5F81831C5F830313C
:10C8F000C5F82001C5F82411C5F82C21FFF750FD1B
:10C900004FE7D5F8E0312E4C5A1C092BC5F8E02131
:10C910007FF747AFFFF720FB012384F8E83140E7BA
:10C92000052385F8E8313CE7336B716B5B0007EE5C
:10C93000903AB8EEE70A0131F1EEC07A1360C2F81E
:10C940000C12F4EE677AF1EE10FA33D1C5ED857A68
:10C95000D5F80C32716BC4E6022385F8E83120E784
:10C96000F1E91489B04579EB0702BFF617AFC1E9C9
:10C97000006713E7F3E91E67864277EB0104BFF611
:10C9800000AFC3E90001FCE6012804BF022386F8DA
:10C99000E83198E7D6F82831D6F82C113A6A5B1AB4
:10C9A0009342FFF4E4AE0423204685F8E831FFF714
:10C9B0007FFBDCE605F03AFDF0EE407AC6E700BF0B
:10C9C000908F0020708600206891002080910020C8
:10C9D0006091002010B500234010002817D10133CA
:10C9E00001229A4007EE902AB8EEE70A0C4CF1EECD
:10C9F000C07A63632263F4EE677AF1EE10FA0AD12B
:10CA0000626BC4ED0E7A19239340E36310BD03F10A
:10CA10000103E1DCE3E705F009FDF0EE407AEFE722
:10CA2000708600202DE9F843154D164C284600214C
:10CA30004FF4187202F0BFFD00214022204602F0A0
:10CA4000BAFD0720FFF752FA01204FF416720023B7
:10CA50000D49C5F8E40140F2DC584FF000091426F6
:10CA600000271920C4E90689C4E90267C4E9042340
:10CA70002162FFF7AFFF0020C5F80802BDE8F88388
:10CA8000908F0020708600200008AF2F08B501208D
:10CA9000E4F712F80248BDE80840E2F7DFBC00BF47
:10CAA00089C6040008B5FFF7BDFF00B108BD024804
:10CAB000BDE80840E4F770BA85BF040008B5FFF789
:10CAC000E5FF0248BDE80840E4F724BA85BF04004A
:10CAD000014BD3E90001704780910020704700BFEF
:10CAE00002484FF416710422E2F712BCFDD0040094
:10CAF000F8B5436B002B2DED028B0F46F0EE408A0C
:10CB00001546C0F29480D0F8BC60A6F10306B6FAD0
:10CB100086F6760968482422011DA0F1BC0402F0C3
:10CB20002FFDDFED667AC4ED388A04F1BC0304F111
:10CB3000E402B3EC017A934277EE877AF9D1B2EE50
:10CB4000047AC7EE877A312F5D49C4ED397A47DD23
:10CB5000B7F57A7FB4BF9FED5B8A9FED5B8ADFED0F
:10CB60005B6A88EE888AC823C1F81C3107EE105A28
:10CB7000B8EEC77A27EE087A87EE268AD4F8202105
:10CB8000534B002A18BFB0EE688A9D4208BFB0EE32
:10CB9000688AB5EE408AF1EE10FA0EBF94ED3A7A4B
:10CBA000C4ED3A7AB0EE677A77EE677AF0EEE77A1C
:10CBB00017EE900A09F0E2FB3BA3D3E9002309F04A
:10CBC000C1FE40B1D4ED2E7A3D4BF5EE407AF1EE48
:10CBD00010FA00D16EBBB0EE480ABDEC028BF8BD76
:10CBE0003C4BD1F81C019FED3C7ADFED386A83FBAA
:10CBF0000523EA17A2EBE32303EB83030344002B93
:10CC0000C1F81C3188EE877A37DB06EE105AB8EE91
:10CC1000C68A27EE087A87EE268AAFD1D4F8283163
:10CC2000012B9FED267A08BFB0EE478AA6E70026C3
:10CC300070E7C822C3F81C2118EE900A09F09EFB89
:10CC40000022264B09F018FD064628460F4609F03B
:10CC500083FB02460B463046394609F0E3FB14A33A
:10CC6000D3E9002309F008FD09F0BEFE08EE100A22
:10CC7000B0EE480ABDEC028BF8BD06EE105AB8EED5
:10CC8000C68A002327EE087AC1F81C3187EE268A6F
:10CC9000D4F82831012B9FED097A08BFB0EE478AFE
:10CCA0006CE700BFAFF300801283C0CAA145B63F56
:10CCB000000000000088B340AC920020000000009B
:10CCC000F0910020000048430000484200409C458D
:10CCD00040420F00AD8BDB680000C8430000794084
:10CCE0002DE9F04FDD4D2DED028BD5F82021ADB0B3
:10CCF0000023032A05930693079300F0A78105F10B
:10CD0000A40303931A469FEDD67A0BAB02930FAFA1
:10CD100052F8041F07EE901AF8EEE77A67EE877A6A
:10CD2000E3EC017ABB42F3D11FAECC4C01900DF184
:10CD300020093046E3F750FF4846E3F7FDFE04F1D3
:10CD40000C013C22204602F01BFC04F15801502249
:10CD500004F1480002F014FC99E8070004F13C03D8
:10CD600083E8070096E80F00D5F824B104F1980E87
:10CD70008EE80F000BF10103062BC5F8243140F3B8
:10CD80001F810623C4F824314FF0000B05EB0B1371
:10CD900003F14808019B9FEDB38A0BEB4B0905EBB0
:10CDA000890903F1A00A23AC4146AF482246E2F7C5
:10CDB00089FF494650462246E2F77CFEF0EEC87AEB
:10CDC000B0EEC07AB4EE677AF1EE10FA0BF1010B17
:10CDD00048BFB0EE408ABBF1060F08F1100809F118
:10CDE0000C09E1D1019B03F11800E2F7F7FE9F4B1C
:10CDF000D5F830219A42A8BF1A468109B0EE480AF8
:10CE00000198FFF775FED5ED3B7A20EE270A1BA8A7
:10CE100085ED2E0AE3F7E0FE1BA82146E3F76EFB43
:10CE20001BA993483246E2F74DFF1BA89049E3F750
:10CE300043F80DF1140B4FF000090DF1880AA446D8
:10CE40000CEB090233460020002153F8044F52F83E
:10CE500004EB5345C4FB0E01F7D1830F09F10C0914
:10CE600043EA8103B9F1240F4BF8043BE8D1D5F82C
:10CE70002031002B40F0AE80079C634208EE103A50
:10CE8000BAEEC18AB0EE480A04F01AFFF0EE408A0A
:10CE9000B0EE480A04F050FF07EE904AB8EEE77A89
:10CEA000DFED747A87EE277AD5F83031724A82FB4B
:10CEB0000312DB17C3EBE22300261496159617AC7A
:10CEC00007EE903AF8EEE77AB6EE008A87EE277A18
:10CED000DFED686A8DED160A27EE087ACDED138A2C
:10CEE000BDEEC78A18EE103A5B0008EE103AB8EEB5
:10CEF000C88A28EE268A27EE888ABDEEC88ABAEE4E
:10CF0000C18AB0EE480A04F0DBFE8DED170AB0EEE0
:10CF1000480A1896199604F00FFF13A90BA83A4671
:10CF20008DED1A0AE3F722F82146384613AAE3F7F3
:10CF30001DF8019BD3F8BC10002916DD13AE4F4A33
:10CF4000DFED506A02983346B3EC017A67EE267A39
:10CF5000A342FDEEE77AA0EC017A17EE907A42F850
:10CF6000047FF1D1032900F08F80D5ED2A7ADFED1F
:10CF70003C5AD5F82031394CB8EEE76AD5ED2B7A1A
:10CF8000F8EEE76AD5ED2C7AB8EEE77AD5ED2D7A92
:10CF9000F8EEE77A26EE256A66EEA56A27EE257A90
:10CFA00067EEA57A8DED0F6ACDED106A8DED117AE1
:10CFB000CDED127AABB92DB0BDEC028BBDE8F08F90
:10CFC000CBF1050BBBF1050F7FF7E0AE9FED258A96
:10CFD00023AC07E79FED2A7AF7EE008AB0EE470A06
:10CFE00062E7D4ED2E7A9FED278AF6EE008A67EE8F
:10CFF000A88AB0EE680A04F063FE20EE080A002258
:10D00000FDEEC07AB0EE680AC4ED2A7AC4F8AC200E
:10D01000C4F8B02004F090FE20EE080A019BBDEE9B
:10D02000C00AD3F8C01084ED2D0A04F1A800E3F77C
:10D03000E7FCD5F82031094A002BBCD0013BC2F8EF
:10D0400020312DB0BDEC028BBDE8F08F0223C5F876
:10D0500020312DB0BDEC028BBDE8F08FF0910020A7
:10D0600000008030002474499892002040420F0054
:10D07000EC920020E1023747AD8BDB6894920020F0
:10D08000000000000000804E01F004FA00287FF448
:10D090006CAFD5ED2E7AB6EE008A27EE888AB0EE18
:10D0A000480A04F00DFE00238DED170AB0EE480A81
:10D0B0001893199304F040FE0BA8214613AA8DED96
:10D0C0001A0AE2F753FF13A8E3F75AF81FED137A91
:10D0D000039BF6EC017A67EE877AA642FDEEE77ACB
:10D0E00017EE902A43F8042FF3D1019B0248D3F89E
:10D0F000C010E3F785FC9CE79892002038B5D0F883
:10D10000B830224A13F0100308BFC2F82431D0F817
:10D11000203104BF0321C2F82011DC0505D4036BC4
:10D12000D90527D5436FDB0524D5D2F83431174A0A
:10D1300073B1D0F8C030D0F8C44015491B1BA1FB17
:10D1400003139B09C2F83031FFF7CAFD002038BD38
:10D15000D0F8B01044F61F65A94213DCD2F82C4178
:10D160002144A942C2F82C11F0DDC2F83011C2F8F6
:10D170002C31E9E703210023C2F82011C2F8243141
:10D18000002038BDC2F83011DEE700BFF09100206A
:10D19000D34D621010B50D4C4FF49C720021204607
:10D1A00002F009FA20464FF0804340F8A83F0021E2
:10D1B000C4F8FC30E3F724FC4FF47A724FF07E534E
:10D1C000C4F81C21C4F8EC3010BD00BFF091002061
:10D1D000024B002083ED3B0A704700BFF091002016
:10D1E000024BC3F828010020704700BFF0910020D7
:10D1F000024BC3F834010020704700BFF0910020BB
:10D200000148E2F72BB900BFFDD0040008B5FFF7D5
:10D21000C1FF054B05480022C3F82821C3F834217B
:10D22000BDE80840E3F7B8BEF0910020E1CA040071
:10D230000148E3F76FBE00BFE1CA0400AFF300800E
:10D24000024896210822E2F763B800BF51D20400D9
:10D250002DE9F04FADB01BA904461DA8E1F7D8FE9B
:10D260001CA8E3F715FC02280DD09449D4F8E4304B
:10D2700091F8B0011B9A10B19B1A40F0F780002082
:10D280002DB0BDE8F08F636B032BF8D1E1F7A6FE5C
:10D290000028F4D0DFF82482894CD8F8B421D8F8DB
:10D2A000B8311B9D9B1A84FB0314DB17C3EB64038B
:10D2B000AA1A92FBF3F3DCB2042CE0D8542303FB4C
:10D2C00004F908EB090C9CF85030052B00F09A810A
:10D2D0005A1C8CF8502004EB4404C4EBC4042344CF
:10D2E00008EB8304204698F8C0111D9EE56303F106
:10D2F0000A021E9C48F82360446100231F9848F8E6
:10D300002200012920932193229323932493259390
:10D3100026932793289329932A932B93674AAED178
:10D32000DDE92001CDE90C01DDE92201CDE90A01A9
:10D33000DDE92401CDE90801DDE92601CDE90E0191
:10D34000DDE928019C46D2F8B431D2F8B8E1169351
:10D35000CDE906019146DDE92A0100220023CDE94D
:10D360001223CDE90401CDF85CC0CDF844C071466C
:10D3700054465D4699F850E0BEF1000F00F0AC80D5
:10D380004A46CDF860904FF0000C8946CDE9004543
:10D390000BE016999942B8BF194616910CF1010C91
:10D3A000F44502F1040200F08D80D36B116881FB1B
:10D3B0000301040C44EA01440914019151690094E9
:10D3C00081FB0301060C46EA01460F14916A81FBBA
:10D3D00003014FEA104A4AEA014A4FEA214B83FB14
:10D3E0000301040C44EA014402940914DDE90C45EC
:10D3F00003911168641845EBE17511991944CDE961
:10D400000C451191DDE90045DDE90E0124184D417F
:10D4100020462946DDE90A45CDE90E015169641827
:10D4200045EBE175DDE9060180197941CDE90A4551
:10D43000DDE90845CDE90601916A641845EBE1751F
:10D44000DDE9040110EB0A0041EB0B01CDE90845D1
:10D45000CDE90401DDE91245DDE902010019694168
:10D460004B45CDE9120194DA994697E7D1F8A471BA
:10D47000D1F8AC21D1F8A8011D9E1E9D1F9C83FBF5
:10D48000000183FB078983FB02AB4FEA184E070CB0
:10D490004FEA1A424EEA094E47EA014742EA0B4276
:10D4A0001DA8764414443D4403211D961E951F94E7
:10D4B000E1F750FD00202DB0BDE8F08FB0860020D0
:10D4C00067666666179BDDE900456344494603F0DD
:10D4D000FF03DDF8609017935D4B09F154099945FE
:10D4E0007FF448AF169AD8F8BC31DDF844C0C1EBE0
:10D4F000020A8E46DDE90C01CDE92001DDE90A01D1
:10D50000CDE92201DDE90801CDE92401DDE90E01C3
:10D51000CDE92601DDE90601CDE92801DDE90401B7
:10D520009A45CDE92A01FFF6AAAE8CFB0C23DDE972
:10D530001245179FDFF818A1CDF808A0110C41EA99
:10D54000034100911B14A4FB0701019307FB051382
:10D55000CDE908010993DDE90801DDE90023821A1C
:10D5600061EB0303CDE90C236246D317CDE90A230F
:10D5700026AE0DF18009069799E83000DDE90AAB87
:10D5800096E8030004FB0BFE05FB0AEE0027A4FB54
:10D590000A45754400FB07FE069F01FB07EEA0FB52
:10D5A0000701CDE904017144DDE908AB0591DDE92E
:10D5B00000018B4508BF8245DDE90C2306F1080612
:10D5C00009F1080914D0270C47EA05472C141497D1
:10D5D0001594DDE91445DDE90401001B61EB05014B
:10D5E000090441EA1041000409F05CFB029B186049
:10D5F000029B043302932CAB9E42BDD1012388F8D9
:10D60000B0313CE608EB09000146403110223C30C5
:10D61000CDF810C001F0B4FFDDF810C009F104012D
:10D6200060464144102201F0ABFF08EB09000146BF
:10D6300018311022143001F0A3FF09F1280009F17C
:10D640002C0140444144102201F09AFF042342E699
:10D650005488002070B40B4E06F5D273054693E84B
:10D66000070085B08DE8070096F8B0318DF80C30D2
:10D670006C460FCC286000206960AA60EB6005B0A2
:10D6800070BC7047B086002070B4034685B0006857
:10D6900059689A68DB68074E6C460FC406F5D2736A
:10D6A0009DF80C4086F8B04183E80700002005B0E3
:10D6B00070BC7047B086002010B50B4C002120468E
:10D6C0004FF4E27201F077FF084BC4F8B431012344
:10D6D0004FF4AA014FF4A02284F8C031C4F8B81165
:10D6E000C4F8BC21002010BDB08600200000D8FF87
:10D6F000024BC3F8B8010020704700BFB08600207D
:10D70000024BC3F8B4010020704700BFB086002070
:10D71000024BC3F8BC010020704700BFB086002058
:10D7200058B1074BD3F8A4210260D3F8A821426076
:10D73000D3F8AC318360002070471620704700BFDB
:10D74000B086002024207047034608B92420704783
:10D75000024A002082F8C031704700BFB086002026
:10D76000002070470148E1F779BE00BF51D20400A4
:10D7700008B5FFF7A1FF0A480A4910224FF49A732F
:10D78000E3F75EFC08B1012008BD0748E3F704FC9D
:10D790000028F8D1054B012283F8B12108BD00BF54
:10D7A00089D6040055D6040041D20400B08600207A
:10D7B00010B5084C94F8B10100B910BD0648E1F766
:10D7C0004DFE0648E3F7A6FB10B984F8B10110BD81
:10D7D000012010BDB086002051D2040041D20400C7
:10D7E00002484FF4AF710422E1F792BDF1D7040073
:10D7F000036BDB0501D4002070472DE9F04F2DEDC0
:10D80000028BA7B08346E3F7C1FA044628B1002093
:10D8100027B0BDEC028BBDE8F08F11A8E3F7DCF96F
:10D8200011A81DA9E2F76AFE0DAA11A9CC48E2F7DA
:10D8300049FA11A8CA49E2F73FFB0E991D98E2F791
:10D8400019FA0F9900901E98E2F714FA10990290B5
:10D850001F98E2F70FFA0E9903902098E2F70AFA60
:10D860000F9905902198E2F705FA109906902298F1
:10D87000E2F700FA0E9907902398E2F7FBF90F9967
:10D8800081462498E2F7F6F9109981442598E2F749
:10D89000F1F94844C0F10009B9F1000FC0F2F48178
:10D8A0000494B04B4FEAE97C83FB0923CCEB633C47
:10D8B000DFF8B4A2DBF8A030DAF82810DBF8A820F3
:10D8C000DBF8A440DAF83060DAF82C501D98CAF87A
:10D8D00028305F1ABCF5803FA8BF4FF4803C394622
:10D8E000E046651BCAF83020CAF82C40941BE2F7CA
:10D8F000C1F9294606461E98E2F7BCF921460644BE
:10D900001F98E2F7B7F9394632182098CAF8002074
:10D91000E2F7B0F9294606462198E2F7ABF921462D
:10D9200006442298E2F7A6F9394632182398CAF835
:10D930000420E2F79FF9294606462498E2F79AF96F
:10D94000214634182598E2F795F9B8F5967F2044DA
:10D95000CAF8080040F38381009A02990A441746E6
:10D96000039A3A4456424FEA4903B9F1000FB8BF4F
:10D970005B42002EACBF06EB4606A6EB8606B34222
:10D9800040F36D81069A059B1344079A13445B424A
:10D99000B9F1000F4FEA4909B8BFC9F10009002BDE
:10D9A000ACBF03EB4303A3EB8303994540F35781DB
:10D9B000DAF80C506C4C002D40F37381049B002B63
:10D9C00040F07881616920692368C8F5803202FBE4
:10D9D00001F11646D717CDE9006700FB0716A0FB3B
:10D9E000020131440028C3F1000E71F10003C0F2BE
:10D9F000AC81DAF81C30DAF818C002FB03F9019B9D
:10DA0000060C46EA01460CFB03900F14ACFB022304
:10DA10000344DAF804105448C8FB0E67002AC4E92E
:10DA2000046773F10004C1F10001C0F28881160C93
:10DA300046EA03461F14C1FB0867C0E90667B5F54F
:10DA4000AF7FC0F22E81DAE9060108F0BDFC044682
:10DA50000D46DAE9040108F0B7FC45EC104B41EC47
:10DA6000110B04F009FA002251EC100B3F4B08F0A7
:10DA7000D9FC37A3D3E9002308F0FEFD04460D4688
:10DA800015A809A9E2F7D6FF159808F065FC002251
:10DA9000374B08F0C7FC0022364B06460F4608F00D
:10DAA00051FF002800F03F81324F002647EC106BF9
:10DAB00004F080F9DAE9060157EC106B08F084FCF9
:10DAC00080468946DAE9040108F07EFC49EC108BB7
:10DAD00041EC110B04F0D0F91FA3D3E90023304629
:10DAE000394659EC108B08F09DFC002206460F4683
:10DAF00040464946204B08F095FC15A3D3E9002386
:10DB000008F0BAFD02460B463046394608F0D6FA10
:10DB100000228046894620462946174B08F012FF0E
:10DB200068B1204629460022144B08F0C7FA0022AB
:10DB3000114B04460D4608F005FF0028F1D12046A0
:10DB400029460022094B08F0DFFE38B318E000BF79
:10DB5000182D4454FB210940F8C1631ADCA55C4030
:10DB6000AC88002073B2E74578880020008066C04A
:10DB70000000103E0000F03F0080664000807640CC
:10DB80002046294600227E4B08F09AFA00227D4B5F
:10DB900004460D4608F0B8FE0028F1D10AA8E3F7C4
:10DBA00037F90A9BB3F5487FC4BF4FF448730A9313
:10DBB0000B9BB3F5487FC4BF4FF448730B930C9B8A
:10DBC000B3F5487FC8BF4FF448730AA8C8BF0C9389
:10DBD000E3F710F9DAF8440008F0D0FB464629F0E4
:10DBE000004702460B4630463946DFF8A88108F068
:10DBF000A9FE00283FF40BAE2946634DC8F84450F7
:10DC00005DA3D3E90023204600241A941B9408F056
:10DC100009FC00225D4B9FED5E8A08F003FC08F0D2
:10DC2000E3FE00EE100A08EE900A04F049F860EEF8
:10DC3000087AB0EE680AFDEEE77ACDED197A04F0C5
:10DC40007BF820EE080ADBF8C010BDEEC00A19A868
:10DC50008DED1C0AE2F7D4FEC8F80C40D7E5DBF8DE
:10DC6000C020DBF8C430DAF80C104A48D31A03EBB2
:10DC7000D373B1EB630348BF0023C360002027B018
:10DC8000BDEC028BBDE8F08F434B99456FDA434BF7
:10DC90004FEAE97C83FB0923ACEB633C012304934B
:10DCA00006E6DBF8C030DBF8C4209B1A1D44CAF836
:10DCB0000C50ACE563692069D4F800E0C8F5803207
:10DCC000D71702FB03F300FB0733A0FB0201194443
:10DCD0000028164671F10003CDE9006741DBDAF850
:10DCE0001C30DAF818C002FB03F9019B060C0CFB90
:10DCF0000390ACFB022346EA01460F140344002ABA
:10DD0000C8FB0E6773F10001C4E90467214CDAF81F
:10DD1000046020DB100C40EA03401914C6FB080124
:10DD2000C4E906018BE63046394600221C4B08F058
:10DD3000EBFD00283FF4BAAE0026194FB6E64FF6C9
:10DD4000FF76002792197B4171E64FF6FF76002798
:10DD5000801979414DE64FF6FF70002112184B41B2
:10DD6000D8E74FF6FF76002780197941B7E70123FE
:10DD7000049396E5AFF30080399D52A246DF913FB0
:10DD800000807640008066C0000070410000E03FE7
:10DD90000000804E78880020D18AFFFF73B2E745EB
:10DDA0000000F0BF10B5064C48220021204601F0CB
:10DDB00002FC4FF08042034B6263636410BD00BFFE
:10DDC000788800200000A0400148E1F747BB00BF71
:10DDD000F1D7040010B5084C48222046002101F07C
:10DDE000EAFB4FF08042054B626363640448BDE880
:10DDF0001040E3F7D1B800BF788800200000A040B1
:10DE0000E1D7040008B50448E1F728FB0348BDE862
:10DE10000840E3F77FB800BFF1D70400E1D7040062
:10DE200002484FF496710422E1F772BA5DE40400EF
:10DE3000002805DD034B0122C3F88000C3F88420CD
:10DE400000207047C088002070B50C4C0C4E0D4D62
:10DE500000212046B82201F0AEFB0B4A0B4BE260DA
:10DE60000B4860604FF080414FF4FA62A660256075
:10DE70006166E267C4F89C30002070BDC088002055
:10DE80000000B4C2000070420000B4427B142E3E79
:10DE90000000F0410148E1F7E1BA00BF5DE4040091
:10DEA00008B5FFF7D1FF00B108BD064A0346C2F826
:10DEB0008C300123C2F888300348BDE80840E3F7FE
:10DEC0006BB800BFC088002021DE040010B5044CF0
:10DED0002046E1F7C3FA2046BDE81040E1F7BEBA9C
:10DEE0005DE40400024B0020C3F88C00704700BFC3
:10DEF000C0880020024B0122C3F88C20002070470C
:10DF0000C0880020234B50B1012817D000220121E6
:10DF1000C3F89810C3F88C20C3F8902070470021F4
:10DF2000012283ED280A83ED290AC3F89400C3F87F
:10DF30009800C3F8A810C3F890207047D3ED287A52
:10DF400093ED277A70EE677AF0EEE77AF4EEC77A0F
:10DF5000F1EE10FA16D5D3ED297AD3F8942030EEED
:10DF6000270A0132312A83ED290AC3F894200FDDF4
:10DF7000DFED097A80EE270A0222C3F8902083EDB4
:10DF80002A0A70470022C3F89020C3F894207047F3
:10DF9000704700BFC088002000004842F0B58FB035
:10DFA00006460D4605A91446E2F7A8FA01AA284636
:10DFB0003146E1F787FE30462946E1F77DFF05AFA0
:10DFC000A4F1040C04F108020DF1100E01AB3C4663
:10DFD0000020002153F8045F54F8046B7345C5FB1F
:10DFE0000601F7D1830F43EA81034CF8043F9445BF
:10DFF00007F10C07EAD10FB0F0BD00BF90ED010AA8
:10E0000090ED007AD0ED027AB8EEC00AB8EEC77A89
:10E0100020EE000AF8EEE77AA7EE070AA7EEA70AB5
:10E02000F1EEC07AF4EE677AF1EE10FA04D19FEDCA
:10E03000070A27EE800A704708B504F0F7F9F0EEFA
:10E04000407A9FED020A27EE800A08BD0000803763
:10E0500010B51E4CD4ED007AF4EEC07AF1EE10FA51
:10E0600006D4D4ED017AB4EEE70AF1EE10FA12D537
:10E07000636F164AA3B1012200236267A367E26FB0
:10E0800012499A4206DC4B6F012B04BF0023CB657B
:10E090000023636710BD2369012B07D0A36FEEE750
:10E0A00002F11800916DE2F7ABFCE4E7D4ED037ADE
:10E0B000F4EEE07AF1EE10FADAD4D4ED027AF4EE6E
:10E0C000E70AF1EE10FAE9D5D2E700BFC0880020D8
:10E0D00010B52DED028B0446B0EE408AE2F7CCFC81
:10E0E0000F4B30B9DFED0F7AB4EEE78AF1EE10FA9C
:10E0F00010DD00221A615A615869094A2044B0F5BE
:10E10000FA7F586103DD0121002311615361BDECE9
:10E11000028B10BD1A69002AEED0BDEC028B10BD37
:10E12000C088002000401C462DE9F0432DED048BF3
:10E13000C24D8BB00024049405940694D5F8884011
:10E1400034B9002318460BB0BDEC048BBDE8F08356
:10E150001C46164688460746E0F77CFD002840F03E
:10E160003081D5F88030DFF8D492002B11DD012307
:10E17000C9F88430E0F76EFD002840F0AA80D9F895
:10E180008030DB1BC9F88030002BDCBF0023C5F8D2
:10E190008430E2F7FBFD0028D3D09FEDA98ADFEDA4
:10E1A000A96A231F06F10802341F54F8041F07EE62
:10E1B000101A53F8041FB8EEC77A07EE901A27EE2C
:10E1C000267AF8EEE77A944267EE277AA7EEA68AD7
:10E1D000EBD13046FFF712FFF0EE408A88EE000ADE
:10E1E000F7EE007AB4EEE70AF1EE10FA67DDB0EE72
:10E1F000670A04F0BBF8D5F88C30904AB0EE408A3C
:10E2000073B1D2ED007AF4EEE78AF1EE10FA07D599
:10E21000D2ED017AF4EEE78AF1EE10FA00F3D58040
:10E2200007AC864E2046E2F779FC204606F1AC01A9
:10E230000C2201F08DF9002855D1D6F89830012B29
:10E2400051D0EB6D7D4E5BB90123F36506F11804E7
:10E25000583620467C491034E2F7ECFBB442F8D142
:10E26000764C01AA404604F16401FFF797FE04F1E1
:10E2700064014046E1F720FE04A8E1F7AFFC00EEA0
:10E28000100A3846BBEECD0AFFF722FFB0EE680A4F
:10E29000F0EE480AFFF7DCFEAB6FEA6F934201DA5B
:10E2A0003B44A3676B6F654C002B7FF44BAF206E34
:10E2B0000744B7F57A7F00F38D80276642E7FFEECB
:10E2C000007AB4EE670AF1EE10FA48BFB0EE670AC2
:10E2D0008FE704A8E1F782FCB0F5C84FD9F8803089
:10E2E000BFF44FAF50E794E80700DFF850E1079B19
:10E2F0000EF1AC0686E80700A3B9089B93B9099B09
:10E3000083B9DEF898205149CEF80010012A50490F
:10E31000CEF8041078D04F4A4F4BCEF80820CEF8F4
:10E320000C308EE72046FFF769FEB5EE400AF1EEAD
:10E3300010FAB0EE409A84D0B2EE040A39EE400AE8
:10E3400020EE000AB1EEC07AB4EE477AF1EE10FA90
:10E350006ED1F2EE047A79EE277A85ED017A67EED6
:10E36000A77AB1EEE70AB4EE400AF1EE10FA5AD1FC
:10E37000DDED097A85ED000AFAEEC87AB7EE007A8B
:10E3800087EE899AB4EEC79AF1EE10FA32DDB0EE5C
:10E39000479AB0EE490A03F0E9FFD5ED277A70EE0F
:10E3A000677AB0EE490AC5ED027A03F0DFFFD5EDDA
:10E3B000277A30EE270A002385ED030AC5F88C3052
:10E3C0003FE704A8E1F7E8F9CBE6D2F89000FFF7C1
:10E3D00099FD25E704F12801302204F11800236695
:10E3E00001F0CEF804F1480004F15801E2F722FBF5
:10E3F000636FA7E6FFEE007AB4EE679AF1EE10FACB
:10E4000048BFB0EE679AC4E7DEED2A7A9EED277A20
:10E41000CEF8983077EEC76A77EE877ACEED026A4B
:10E42000CEED037A0DE7B0EE670A03F0FFFF9FE73A
:10E4300003F0FCFFB0EE407A8BE700BFC0880020FD
:10E4400000000000000080371889002000007042A2
:10E450000000F0410000B4C20000B44270B50446B0
:10E4600088B001A8E2F768FBD4F8C030D4F8C450F3
:10E4700004A85D1BE2F7B0FB04A9064604F1A00264
:10E4800001AB2846FFF750FEE0F7FAFC304608B033
:10E4900070BD00BF014B586F704700BFC08800209F
:10E4A00090ED017AD0ED007AD0ED026AB8EEC70A9D
:10E4B000B8EEE77A20EE000AF8EEE66AA7EE070A61
:10E4C00038B590ED037AA6EEA60AB8EEC77AA7EEA5
:10E4D000070AB5EEC00AF1EE10FA37D9F1EEC06ABC
:10E4E0000C460546F4EE666AF1EE10FA36D1B7EE48
:10E4F000007A87EE260A9FED1D6AF8EEE77A20EE95
:10E50000060A67EE807AFDEEE77AC4ED007AD5ED73
:10E51000017AF8EEE77A67EE807AFDEEE77AC4EDED
:10E52000017AD5ED027AF8EEE77A67EE807AFDEEB1
:10E53000E77AC4ED027AD5ED037AF8EEE77A27EEB2
:10E54000800ABDEEC00A84ED030A38BD00234FF0F7
:10E55000804281E80C008B60CB6038BD03F066FF21
:10E56000D5ED007AF0EE406AC1E700BF0000804EB2
:10E5700008B5084B08491868082200F0E9FF08B1FF
:10E58000322008BD0548C8211322BDE80840E0F745
:10E59000BFBE00BF0C430020281B060055EE040040
:10E5A000F0B5866986EAE673A3EBE673B3F5803FC0
:10E5B00089B060DAC369002BB8BF5B42B3F5803F16
:10E5C00061DBB3F5C80F75DD3F4D0323AB63836A91
:10E5D0006A6B3D4F9A4204466ED007EE903ADFEDEB
:10E5E0003B6A9FED3B7A7B63F8EEE77AC7EEA67A4B
:10E5F00067EE877A17EE900A07F0C0FE30A3D3E9E2
:10E60000002307F00FFF0022324B07F00BFF002220
:10E61000314B08F031F808F09FF9014638630023C8
:10E6200030460093E1F726FB296B0190E069E1F7A2
:10E6300021FB296B0290206AE1F71CFB04AA0390DE
:10E6400069462148E1F73EFB049D059C069A079B1D
:10E650001D489B0104A9AE01A50194010246079340
:10E66000049605950694E1F7F7FB17480146FFF776
:10E6700017FF09B0F0BDB3F5C80FA5DCC369002BC7
:10E68000B8BF5B429DE7036A83EAE372A2EBE372E1
:10E69000B2F5803F09DB002BB8BF5B42B3F5C80F72
:10E6A00092DC094D0223AB6391E7074B00229A638A
:10E6B00009B0F0BD036AEEE7396BB0E7AFF3008055
:10E6C000182D4454FB210940788900200024744906
:10E6D0000000004E0000704000806640036B5B0647
:10E6E00000D55DE7704700BF30B50A4C85B00546E0
:10E6F00069462046E1F7E0FB2846694604F120021E
:10E70000E1F7E0FA28686968AA68EB6810340FC47A
:10E7100005B030BD788900202DE9F043436F2DED21
:10E72000048B03F05003402B9DB0044600F043825D
:10E73000D0F82011A64E01F05003402B00F0E282E9
:10E74000CD0500F15B81236B590600F11F82A04DBE
:10E7500005F1100205F120002946E1F7B3FA636FD5
:10E760005A0656D5D4F82021236B1343DB0556D522
:10E7700005F1100004F15C0110AAE1F7C1FB226E63
:10E78000E06D616E82FB0223C0FB0023C1FB01230D
:10E790006FF040484FF00209904579EB0303C0F257
:10E7A000BD82B36B042B00F0CC829A1E012A40F28A
:10E7B000F181012B00F000830124864BA40003FBB0
:10E7C00004F411980025214680021495E1F752FACD
:10E7D000109B1590584221468002E1F74BFA18AA87
:10E7E00016907D49179514A8E1F76CFA7A4818A994
:10E7F0000246E1F731FB78480146FFF751FE6946D2
:10E800007348E1F759FB7448694600F11002E1F7DB
:10E8100059FA00201DB0BDEC048BBDE8F083D4EDA7
:10E82000187AE56EB8EEE70AD4ED177A20EE000A02
:10E83000B8EEE77AD4ED197AA7EE070AF8EEE77A90
:10E84000A7EEA70AF1EEC07AF4EE677AF1EE10FABD
:10E8500040F0DC829FED617AF0EEE76AF4EEC76A81
:10E86000F1EE10FACBDD94ED176AD4ED186A94ED51
:10E87000190A96ED047A9FED5A5AB8EEC66AF8EE78
:10E88000E66A86EE276A18AF002304AA384614A960
:10E890001493C6EEA76AB8EEC00AF8EEC75AC0EEE7
:10E8A000277A96ED057A8DED156AB8EEC76A96ED72
:10E8B000067ACDED166AF8EEC76A96ED077ACDEDC9
:10E8C000177AB8EEC77A26EE056A66EE856A27EEF5
:10E8D000057A65EE855A8DED196ACDED1A6A8DEDD2
:10E8E0001B7ACDED185AE1F741FB38460CA9E1F748
:10E8F000D9FD04A80CA908AAE1F738FBDDED096AE7
:10E900009DED0A6ADFED377A26EEA67AA6EE067A44
:10E91000B4EEE77AF1EE10FA00F11B82DFED327A05
:10E92000B4EEE77AF1EE10FA00F15A82DFED2F7AB9
:10E93000DFED2F5AB4EEE77AF1EE10FAF5EE007A39
:10E9400048BFF0EE675A07EE105ADFED2A7AB8EEAC
:10E95000C77A002387EE277A10A8394608AA1093B1
:10E96000139367EE257A26EE276A66EEE77A8DED39
:10E97000116ACDED127AE1F7F9FA08A80246394694
:10E98000E1F7BEFB08A8E1F70BFDDFED1B5A9DED9B
:10E99000086ADDED096A9DED0A7ADDED0B7A26EE57
:10E9A000256A66EEA56A27EE257A67EEA57ABDEEA2
:10E9B000C66AFDEEE66ABDEEC77AFDEEE77A86ED41
:10E9C000046AC6ED056A86ED067AC6ED077A16E793
:10E9D00078890020A69BC40088890020000080461A
:10E9E0000000803017B751390AD7233CCDCC4C3EBC
:10E9F000CDCCCC3E0014CD470000804E48067FF5BC
:10EA0000A6AED4F810213768D4F82C51DB4BDC4883
:10EA100003FB05F3D21B9A42CCBF0323022311F45C
:10EA20000071836340F08F8110ADD54F2846E0F729
:10EA3000EFFA284607F13C010C2200F089FD28B9C5
:10EA4000BB6DD4F828219A4200F0D98118AF3B461B
:10EA50002088616A2A46E1F7ABFEDDED197A9DED6B
:10EA6000187AF8EEE77AF8EEC76A67EEA77A9DEDB6
:10EA70001A7AE6EEA67AB8EEC77AE7EE077AF1EEF2
:10EA8000E78AB0EE670AF4EE688AF1EE10FA40F019
:10EA9000D181DFEDBC6A9FEDBC7AD4F82881DFED2F
:10EAA000BB7A9FEDBB8A68EEA66A06EE108A86EEF8
:10EAB000877AB8EEC66A27EE277AF6EE006A67EE26
:10EAC000067AC7EE887A27EEA68AB0EE480A03F0E7
:10EAD000F7F8B0EE409AB0EE480A03F02DF9F0EEE8
:10EAE000007AF4EEE78AF1EE10FA00F13581DDEDFF
:10EAF000187A9FEDA86AF8EEE76ADDED197AB8EEAC
:10EB0000E77ADDED1A7A20EE460AF8EEE77A60EE53
:10EB1000266A20EE077A20EE270AC6EEA86A87EE5C
:10EB2000287AC0EE287A29EE069AFDEEE66ABDEE56
:10EB3000C77AFDEEE77ABDEEC99AC6ED136A86ED97
:10EB4000147AC6ED157A86ED129A95E80700924B75
:10EB5000C6F8588083E8070004F5887528463A46C9
:10EB60008E49E1F7AFF814AA39468D48E1F7AAF8C3
:10EB700028468B49E1F7A0F914A981483A46E1F704
:10EB8000A1F838467E49FFF78BFCE0E52046FFF709
:10EB900007FDDCE5E16E834CCA1784FB0114C2EB70
:10EBA000E424012CB8BF0124032B7FF406AE7E4B76
:10EBB00003FB04F405E6D0ED187AB8EEE70AD0EDD1
:10EBC000177A20EE000AB8EEE77AD0ED197AA7EEB0
:10EBD000070AF8EEE77AA7EEA70AB1EEC08AB4EE0C
:10EBE000488AF1EE10FA40F00C81B7EE007AB4EEEC
:10EBF000C78AF1EE10FA40F2B780D4ED197AF8EE38
:10EC0000E77A87EE888A37EE487AB5EEC07AF1EE79
:10EC100010FAC6BFB6EE000A27EE000A9FED630A9F
:10EC2000F1EEC08AF4EE688AF1EE10FA40F0FD8051
:10EC3000B7EE000A38EE008AB5EEC08AF1EE10FA9F
:10EC4000C6BFB6EE000A28EE000A9FED580AB1EEE4
:10EC5000C09AB4EE499AF1EE10FA40F0E180D4ED9A
:10EC6000187AB8EEE70AD4ED177A20EE000AF8EE2B
:10EC7000E77AA7EEA70AB1EEC07AB4EE477AF1EED2
:10EC800010FA40F0C880F7EE007AB4EEE77AF1EEC1
:10EC900010FA69D9D4ED187A94ED176ADFED3D6A60
:10ECA000374EF8EEE77AB8EEC60AC7EE877A002349
:10ECB000F36180EE077A68EEA77A68EEC78A67EE9E
:10ECC000A67A29EE269A68EEA68AFDEEE77ABDEED0
:10ECD000C99AFDEEE88AC6ED057A86ED049AC6ED7E
:10ECE000068AD4F82031DB0574D469462448E1F75C
:10ECF000E3F82F48694600F11002E0F7E3FFD4F88B
:10ED000020111DE500F5887006F15C01E1F7D4F8EB
:10ED1000636FDF0567D4D4F8201111E50CA8E2F782
:10ED200085F80D9A0C980E9982FB0223C0FB0023F4
:10ED3000C1FB0123904579EB0303BFF632AD0423F9
:10ED4000AB6300243DE504F588700D49FFF7A8FB8F
:10ED5000FDE4DFED185AF6E500234FF08042B2647F
:10ED6000F36433657365F0E6054E00234FF080428F
:10ED700032617361B361F361B3E700BF71981C0046
:10ED800078890020DB0F49400000344300008037C1
:10ED9000002474490000804EB4890020C0890020FE
:10EDA000D4890020AD8BDB68A69BC4000000000066
:10EDB00088890020A69BC43BE26E214CD31784FBBC
:10EDC0000224C3EBE424002CC9BF1E4B1E4CE400FC
:10EDD0005C43F6E404F588701C49E1F76DF884E7BC
:10EDE000DFED1B5AAFE569463046E1F765F8694645
:10EDF00006F1100006F12002E0F764FF8BE718AF80
:10EE0000AAE603F013FBB0EE408AEEE603F00EFB39
:10EE1000F0EE407A1EE503F009FBB0EE407A32E7EF
:10EE200003F004FBB0EE409A19E703F0FFFAF0EEAE
:10EE3000408AFDE603F0FAFAF0EE408A29E600BFC8
:10EE4000AD8BDB68A69BC40030DD2406D48900208E
:10EE50008FC2753D38B5036BDC0502D4436FD9050D
:10EE60000FD5D0F8203103F44073B3F5407F04464A
:10EE700011D0FFF751FCA16B0C48E1F7A7FD002072
:10EE800038BDD0F82031DA05F9D503F44073B3F575
:10EE9000407F0446EDD1054DD0F81001D4F814118F
:10EEA000D4F81821D4F81C310FC5E4E78889002074
:10EEB0000148E0F7D3BA00BF55EE040010B5074C87
:10EEC000002120466C2200F076FB4FF08043236146
:10EED00023602362E363E365002010BD788900208E
:10EEE00008B5FFF7EBFF00B108BD0248BDE80840D8
:10EEF000E2F752B871E5040008B50448E0F7AEFA4D
:10EF00000348BDE80840E2F705B800BF55EE04002D
:10EF100071E50400AFF300809FED1E7AB5EEC00AE4
:10EF200020EE077AF1EE10FAFDEEC77A2CD4F8EE57
:10EF3000E77ADFED196A194A77EE677AB7EE000AC9
:10EF400067EEA67AF4EEE67AF1EE10FAA8BF77EE55
:10EF5000E67ABCEEE77A17EE103AC3F3080307EE41
:10EF6000103AB8EE477A02EB830177EEC77AD1ED1B
:10EF7000016A30EE677A91ED000A67EEA67A27EE15
:10EF8000000A30EE270A704717EE903A013B07EE71
:10EF9000903ACCE783F9223E00000044341B06007F
:10EFA0002DE9F047BA4C844201D0BDE8F08703292F
:10EFB000FBD8DFE801F01F3160022378B44C042B4A
:10EFC00000F0FB80052BF0D194F8682094F86930AC
:10EFD00004219A422170E8D194F86A20002AE4D1F1
:10EFE00013466568A0680321A847012384F86A30A6
:10EFF000BDE8F0872378042BD7D0052BD5D0032B81
:10F00000D3D10423656823700022A068AC46134660
:10F010000121BDE8F04760472378042B00F0CF8042
:10F02000052B0CD104239B4A6568A06803EB4303BE
:10F03000134400229B78237002211346A84794F8BA
:10F040006960002E00F0AD8000210D4602220820EC
:10F050000127013107FA02F38E4243EA000300F070
:10F06000A280013AD8B2F4D56319072283F8480088
:10F0700001350020EDE7002B97D0002A95D01178BC
:10F08000302992D1022B90D12178814B04298CD147
:10F0900092F8018059694FEA880505228D421A705D
:10F0A000C0F08F809A69103A954200F28A80D86841
:10F0B0006D1A28441021DBF7D9F84FEAD803C8EBC2
:10F0C000C301B8F1030F01F10705714E94F86820F0
:10F0D00010D91E444FF0010E96F848000EFA05F7BD
:10F0E00010EA070504D020EA070086F848007546B4
:10F0F0002A44D2B2063108F1010044BF013307218E
:10F1000010F0FF0049D0032810D904EB030E0127AB
:10F110009EF8480007FA01F610EA060504D020EA36
:10F1200006008EF848003D462A44D2B24E1E002901
:10F1300000F0A68008F1020111F0FF012DD0032993
:10F1400010D904EB030E01279EF8481007FA06F5C4
:10F1500011EA050004D021EA05018EF8481038466E
:10F160000244D2B2701E002E00F0878008F1030125
:10F1700011F0FF0111D003290FD02344012693F889
:10F18000481006FA00F511EA050004D021EA05014D
:10F1900083F8481030460244D2B284F86820BDE8B3
:10F1A000F087354630462544002385F8480084F82A
:10F1B000683084F86A30BDE8F087BDE8F087012345
:10F1C00031E7334E06F1380738460021102200F0AF
:10F1D000F2F9D4F814904D454DD27119C5EB0906DA
:10F1E0000F2E01F1240138464DD8324600F0BFF908
:10F1F00037444D46C6F11006A369254AAB4212D9E1
:10F2000053691069D168EB1AC3EB0009B14528BFF7
:10F21000B146384619444A4600F0A9F9B6EB09064A
:10F220004D444F4432D0E369AB420ED95B1BB3422D
:10F2300028BF3346994638461A4600211D441F44CC
:10F2400000F0B9F9B6EB090620D0236AAB420BD91E
:10F250005D1BB54228BF354638462A46FF2100F0DF
:10F26000AAF9761B2F4411D038463246002100F00F
:10F27000A2F909481EE71026BEE70133072075E70B
:10F280000133072656E7102200F071F9024811E712
:10F29000E4890020382306001C8A002040B1F8B51C
:10F2A000184C2378042B01D0052B03D10820F8BD7E
:10F2B00007207047032BF9D0002BF7D103460D46EA
:10F2C000012604F12400104963600A22A56026701B
:10F2D000E12700F04CF91126FF237C250F2284F84A
:10F2E0002E3084F82F3084F8307084F8316084F840
:10F2F000325084F8332021460448BDE8F840DAF75C
:10F3000031BF00BFE489002068230600A1EF04009C
:10F31000B1F5777F01D90C207047F0B43B4D2B78C5
:10F32000042B01D0052B02D10820F0BC7047032B21
:10F33000FAD0002BF8D0012B58D10A23344A334E8F
:10F3400003EB430313449B782B70002853D0032313
:10F35000FE2986F83430F0603161CCB20B4442D9DA
:10F360000A0A86F8374086F83620FF241422042043
:10F370001844800811444FF47C764FF4806385F87C
:10F380006900A96185F835406A61EE612B6238B386
:10F3900000210E46022208240127013107FA02F358
:10F3A000814243EA040311D0013ADCB2F5D5AB192E
:10F3B0000722013183F8484081424FF0000407FAE8
:10F3C00002F306F1010643EA0403EDD12E440020C6
:10F3D00086F8484085F8680085F86A00F0BC7047F8
:10F3E00006460446F2E712220220C1E7022B08BFBC
:10F3F0000D23A3D098E703230146F0603061044653
:10F4000086F8343012220220B2E700BFE4890020DF
:10F410003823060018B10A2901D00C2070470F4A82
:10F420001378042B11D0052B0FD0032B0DD0012BFB
:10F430000BD110B50446137002F124003CB12146F3
:10F440000A2200F094F8002010BD082070470449FB
:10F450000A2200F08CF8204610BD00BFE48900208D
:10F4600068230600094A1378042B01D0052B01D12B
:10F4700008207047032BFBD0002BF9D0012BF7D0CD
:10F48000022BF5D103231370DAF7D8BEE4890020EC
:10F4900008B5DAF715FF0D4A1378042B08D0052BB1
:10F4A00007D0032B0CD00BB1012B0BD1082008BDCA
:10F4B0000223074903EB43030B449B78137008BDF9
:10F4C0000723F6E7022BF1D10E23F2E7E4890020AF
:10F4D000382306000028B8BF4042704708B5074BE4
:10F4E000044613B10021AFF30080054B1868836A0E
:10F4F00003B19847204602F0DBF800BF000000008F
:10F500007824060070B50E4B0E4DED1AAD10002498
:10F510001E46AC4204D056F8242090470134F8E748
:10F5200007F0F2FE084D094BED1AAD1000241E46FF
:10F53000AC4204D056F8242090470134F8E770BD5F
:10F540003C4400203C440020404400203C44002037
:10F5500030B50023934208D0C55C0133CC1814F8B1
:10F56000014CA542F6D0281B30BD002030BD10B59F
:10F570000023934203D0CC5CC4540133F9E710BD9F
:10F58000814270B501D300230EE08C18A042FAD25C
:10F590008518134613F1FF3305D3514266182944E9
:10F5A000F65CCE54F6E770BD934203D0CC5CC454F5
:10F5B0000133F9E770BD02440346934202D003F8D9
:10F5C000011BFAE7704700000CB430B5164B0C1E57
:10F5D0009DB01D6804DA8B232B604FF0FF301EE0D6
:10F5E0004FF40273ADF8143014BF04F1FF33234617
:10F5F000049307934FF6FF7302900690ADF8163010
:10F60000284621AB02A9209A019300F0ADF8431CD3
:10F61000BCBF8B232B6014B1029B00221A701DB05B
:10F62000BDE8304002B07047FC4300200EB400B586
:10F630009CB04FF40271ADF814106FF000410491CA
:10F6400007914FF6FF711DABADF81610084953F83E
:10F65000042B029006900868019302A900F084F838
:10F66000029B00221A701CB05DF804EB03B07047D7
:10F67000FC43002010B50446224601341378002BC9
:10F68000FAD1CC5CD4540133002CFAD110BD03461E
:10F6900011F8012B03F8012B002AF9D1704703461A
:10F6A00013F8012B002AFBD1181A013870472DE9F5
:10F6B000F0478D68AB4281460C4692461F4643D3C5
:10F6C0008B8913F4906F3DD026680969C1EB060859
:10F6D0006669022206EB460696FBF2F608F1010285
:10F6E0003A44964238BF16465B050FD5314601F0C5
:10F6F0000DFF054698B121694246FFF738FFA389FF
:10F7000023F4906343F08003A38113E0324601F0B9
:10F7100051FF054670B94846216901F0B3FE0C233C
:10F72000C9F80030A38943F04003A3814FF0FF30B4
:10F73000BDE8F087256166614544C8EB0606256093
:10F74000A6603D46AF4200D23D462A46206851465B
:10F75000FFF716FFA3685B1BA36023681D442560A9
:10F760000020BDE8F08700002DE9F0439DB007467A
:10F7700003938B891C060D4616460CD50B6953B9AD
:10F78000402101F0C3FE2860286110B90C233B60C2
:10F79000C8E040236B610023099320238DF82930B2
:10F7A00030238DF82A3033461C4613F8012B1AB942
:10F7B000B4EB06090FD002E0252AF5D1F8E7384668
:10F7C000294632464B46FFF772FF013000F0A58014
:10F7D000099B4B4409932378002B00F09E80002363
:10F7E0004FF0FF3204930793059206938DF8533040
:10F7F0001A9304F101094C464D4E217830460522FA
:10F8000001F042FB09F10109049B28B1861B01208C
:10F81000B04003430493EEE7D90644BF20228DF89D
:10F8200053201A0744BF2B228DF8532022782A2A0E
:10F8300002D0079B21460EE0039A111D1268039126
:10F84000002A01DB079204E0524243F002030792D0
:10F85000049301340AE00C4601312278303A092A37
:10F8600003D80A2000FB0323F5E7079323782E2B08
:10F870001AD163782A2B0AD1039B1A1D1B680392A5
:10F88000002B04F10204B8BF4FF0FF330BE0611C02
:10F8900000230C4601312278303A092A03D80A2085
:10F8A00000FB0323F5E70593224E2178304603221F
:10F8B00001F0EAFA30B1861B049B4020B0400343BC
:10F8C0000493013421781C488DF828100622661C08
:10F8D00001F0DAFA88B1194B33B9039B073323F0EF
:10F8E00007030833039314E003AB0093384604A9DD
:10F8F0002A46134B00F0BAF807E003AB00933846F2
:10F9000004A92A460E4B00F033FBB0F1FF3F8046BE
:10F9100003D0099B4344099345E7AB895B0601D4B7
:10F92000099801E04FF0FF301DB0BDE8F08300BF43
:10F930007C24060082240600862406006DFA04005A
:10F94000AFF604002DE9F04F55EC104B85B0002DBB
:10F9500088469246DDF8389004DA05F100473D46C6
:10F960002D2200E000221A700F9B23F0200BBBF128
:10F97000460F05D0BBF1450F04D108F1010801E0A5
:10F98000032100E0022102AB009303AB019345EC9D
:10F99000104B42464B4600F0B3FCBBF1470F064606
:10F9A00002D11AF0010F25D0BBF1460F06EB080774
:10F9B00010D13378302B0AD120462946002200236B
:10F9C00006F098FF18B9C8F10103C9F80030D9F85A
:10F9D00000301F44204629460022002306F08AFFFB
:10F9E00000B10397039BBB4204D25A1C03923022FE
:10F9F0001A70F7E7039B9A1B109B30461A6005B0FC
:10FA0000BDE8F08F034673B5002903F8022B03DA33
:10FA100049421A462D2401E01A462B240929447034
:10FA20001ADD0DF106040A2691FBF6F506FB151109
:10FA30003031092D234604F801192946F3DC05F17C
:10FA4000300103F8011D0DF107018B420AD213F8B2
:10FA5000011B02F8011BF6E730241A46214402F884
:10FA6000024B5970101A02B070BD00002DE9F04F22
:10FA70008BB00C4616461F46DDF85090054601F047
:10FA8000F7F9D0F800A05046FFF709FE00230893CD
:10FA9000D9F8003094F818800590073323F0070355
:10FAA00093ED000B03F10802C9F8002084ED120B5E
:10FAB00001F0A6FD012819D1D4E91201002200238A
:10FAC00006F022FF10B12D2384F84330914B924A67
:10FAD000B8F1470F8CBF91469946032323612368F1
:10FAE00023F0040323604FF0000B87E094ED120B2A
:10FAF00001F086FD226860B9884B894922F0040232
:10FB0000B8F1470F8CBF89469946032323612260D1
:10FB1000E9E76368591C28F0200B01D1062304E0B3
:10FB2000BBF1470F02D10BB90123636007AB8DE82E
:10FB3000080108AB42F480620293002303936168DA
:10FB4000226094ED120B28460DF11B03FFF7FAFE1D
:10FB5000BBF1470F8146079909D1C81C02DB6368D6
:10FB6000994230DDA8F102085FFA88F802E0B8F1A6
:10FB7000650F12D80139424604F150000791FFF792
:10FB800041FF089A8318012A8346236102DC226818
:10FB9000D2072DD5013323612AE0B8F1660F14D1C5
:10FBA0000029636807DD216113B92268D0071CD5DD
:10FBB00001330B4418E013B92268D20701D5023390
:10FBC00012E0012310E04FF06708089A914205DB2C
:10FBD00023682161D80708D54B1C05E00029D4BF54
:10FBE000C1F10203012313442361A1654FF0000B0F
:10FBF0009DF81B3013B12D2384F84330009728461D
:10FC0000214609AA334600F041F9013002D14FF0F4
:10FC1000FF3037E123685A0504D4284631464A4666
:10FC2000236909E1B8F1650F40F2CC80D4E91201F3
:10FC30000022002306F05EFE00282AD02846314626
:10FC4000384A0123B8470130E1D0089B079A9A420D
:10FC500007DB2368D80704D423689B0700F1F980E9
:10FC6000FEE0284631465246059BB8470130CED0CB
:10FC70004FF00008089B013B9845EDDA28463146D5
:10FC800004F11A020123B8470130C0D008F101087D
:10FC9000F0E7079B002B28DC28463146214A012348
:10FCA000B8470130B3D0079B23B9089B13B9236829
:10FCB000D907D1D5284631465246059BB847013071
:10FCC000A5D04FF00008079B5B4298452846314677
:10FCD00008DA04F11A020123B847013097D008F17D
:10FCE0000108F0E74A46089BA6E0A36D089A9A42ED
:10FCF000B4BF93469B46BBF1000F02DC4FF00008F7
:10FD00001DE0284631464A465B46B8470130F5D1EA
:10FD10007DE700BF8D24060091240600952406008F
:10FD2000992406009D2406002846314604F11A0253
:10FD30000123B84701303FF46AAF08F10108A36D11
:10FD40002BEAEB729A1A9045EEDB09EB0308079A4F
:10FD5000089B9A420FDB2368DA070CD4089B079AAA
:10FD60009944C8EB09099B1A9945A8BF9946B9F16E
:10FD7000000F08DC0FE0284631465246059BB84785
:10FD80000130EBD143E72846314642464B46B8475F
:10FD900001303FF43CAF4FF000080AE028463146FE
:10FDA00004F11A020123B84701303FF430AF08F1E3
:10FDB0000108079B089A29EAE971D31A5B1A98454A
:10FDC000ECDB49E7089A012A01DCDB0739D5284634
:10FDD00031464A460123B84701303FF418AF284660
:10FDE00031465246059BB84701303FF410AFD4E985
:10FDF00012010022002306F07DFD10B14FF0000833
:10FE000011E0089B2846314609F10102013B1CE044
:10FE10002846314604F11A020123B84701303FF465
:10FE2000F6AE08F10108089B013B9845F0DB284637
:10FE3000314604F150025B46B84701307FF40CAF05
:10FE4000E5E6284631464A460123B8470130EED15F
:10FE5000DDE64FF00008E268099BD31A984505DB00
:10FE6000E068099B9842B8BF18460BE02846314627
:10FE700004F119020123B84701303FF4C8AE08F17C
:10FE80000108E8E70BB0BDE8F08F00BF2DE9F843AB
:10FE900015461F468A680B69DDF820809A42A8BF84
:10FEA00013462B6091F8432006460C460AB10133F5
:10FEB0002B602368990602D52B6802332B602368D8
:10FEC00013F006091DD094F843302268003318BFA0
:10FED000012392061FD5E1185A1C302081F84300F7
:10FEE000224494F8451082F84310023313E0304660
:10FEF000394604F119020123C047013007D009F146
:10FF00000109E2682B68D31A9945F0DBDBE74FF073
:10FF1000FF30BDE8F8833046394604F14302C0475C
:10FF20000130F4D023682A68E16803F00603042B4B
:10FF300008BFC2EB01052369A2680CBF25EAE5757D
:10FF400000259A42C4BFC3EB0203ED184FF000092D
:10FF5000A9450ADA3046394604F11A020123C0479E
:10FF60000130D4D009F10109F2E70020BDE8F8839F
:10FF70002DE9FF470E7E0C9D6E2E80460C46914665
:10FF80009A4601F1430000F0A58011D8632E22D0DB
:10FF900009D8002E00F0AF80582E40F0BF8081F8C5
:10FFA00045607B4A4FE0642E1ED0692E1CD0B5E020
:10FFB000732E00F0A48009D86F2E2BD0702E40F045
:10FFC000AD800B6843F020030B6038E0752E21D024
:10FFD000782E34D0A2E02B681A1D1B682A6001F12C
:10FFE000420781F842309DE022682B6812F0800FB2
:10FFF00003D01A1D2A601D6805E05106F9D51A1DA7
:020000025000AC
:100000002A60B3F90050002D39DA2D236D4284F8AF
:10001000433034E022682B6812F0800F03D01A1DA1
:100020002A601D6804E05206F9D51A1D2A601D8851
:10003000237E574A6F2B14BF0A2308231BE0782323
:10004000544A84F845302368296813F0800F01F181
:1000500004062E6001D00D6802E05F06FBD50D8816
:10006000DE0744BF43F0200323601DB9236823F05B
:10007000200323601023002184F8431001E0444A48
:100080000A236668A660002E03DB216821F00401C4
:10009000216005B96EB104F14201B5FBF3F603FB33
:1000A00016550F46555D01F801593546002EF4D11D
:1000B00000E00746082B0AD12368DD0707D56268F0
:1000C00023699A4203DC302307F8013C013FC01B3F
:1000D00020612CE009682B68626911F0800F04D060
:1000E000191D29601B681A6005E04906F8D5191D1D
:1000F00029601B681A8000232361074617E02B68DC
:100100001A1D2A601F683846FFF7C9FA6368206124
:10011000984288BF23612369636005E004F14207C8
:1001200084F8426001232361002384F84330CDF832
:1001300000A04046214603AA4B46FFF7A7FE013028
:1001400002D14FF0FF301FE0404649463A4623694E
:10015000D0470130F5D023689B0705D4E068039BA6
:100160009842B8BF18460FE00025E268039BD31AF7
:100170009D42F3DA4046494604F119020123D04773
:100180000130DED00135F0E704B0BDE8F08700BFF4
:100190009F240600B024060010B59AB04FF40274F4
:1001A000009104916FF00041029105914FF6FF71AB
:1001B000ADF80E106946ADF80C40FFF7D5FA009B7C
:1001C00000221A701AB010BD30B51346044A054615
:1001D0000C46106829462246BDE83040FFF7DCBFD8
:1001E000FC4300202DE9F74F03690C69A3428046C8
:1001F000C0F28180013C01F11407A20000F1140556
:100200009146009257F824602A44019255F8242020
:100210000136B2FBF6F6B944002E3AD04FF0000E8C
:100220003A462846F34652F804CB03681FFA8CFA84
:100230004FEA1C4C0AFB06EA0CFB06FC0CEB1A4CC2
:100240001FFA8AFACAEB0B0A4FEA1C4E1FFA8CFC03
:100250001AFA83FACCEB134C0CEB2A4C1FFA8AFAED
:100260004AEA0C4A4A454FEA2C4B40F804ABDAD92B
:10027000009AAB586BB9019A131FAB421A4602D8C9
:10028000C8F8104005E01268043B002AF8D1013C90
:10029000F3E7404601F01DF800282ADB01362B4623
:1002A000002057F804CB1A681FFA8CF1411A4FEA64
:1002B0001C4C11FA82F1CCEB124202EB214289B2C2
:1002C00010144F4541EA024243F8042BE9D955F88E
:1002D000242005EB840362B9043BAB421A4602D8E2
:1002E000C8F8104005E01268043B002AF8D1013C30
:1002F000F3E7304600E0002003B0BDE8F08F0000D7
:100300002DE9F04F456A9BB082460D910E921493F1
:10031000249C8DED020B45B9102000F0ADFDCAF80C
:100320002400456085600560C560DAF824301968EE
:1003300061B15B684B60012202FA03F38B605046A7
:1003400000F0E6FDDAF8243000221A600399002953
:1003500005DA012321F000422360039201E000232B
:100360002360039C9A4A24F000431B0D1B05934213
:100370001DD1149F029942F20F733B6041B9954B16
:10038000954AC4F3130000280CBF1046184600E03D
:100390009048259F002F00F06585C37813B100F1C8
:1003A000080300E0C31C259F3B6000F05BBDDDE956
:1003B0000289002240464946002306F09BFA054682
:1003C00058B1149F01233B60259F002F00F0478503
:1003D00082483860013800F045BD504649EC108B2A
:1003E00019A918AA00F0F0FFC4F30A56834656B1C3
:1003F000C9F3130343F07F51404641F44011A6F284
:10040000FF3615951CE0199B189E1E446FF48263FD
:100410009E4209DB02991F3306F212409B1B21FA10
:1004200000F09C40204304E06D48029A801B02FAD1
:1004300000F005F081FF0127A1F1F871013E159749
:100440000022684B05F03AFE5BA3D3E9002305F0D8
:10045000E9FF5BA3D3E9002305F032FE04463046F2
:100460000D4605F079FF58A3D3E9002305F0DAFF24
:1004700002460B462046294605F022FE04460D465C
:1004800006F06AFA2946814600222046002306F03B
:100490003BFA58B1484605F05FFF02460B4620463E
:1004A000294606F027FA08B909F1FF39B9F1160F04
:1004B0000DD84D4B03EBC903D3E90001DDE902235D
:1004C00006F040FA30B109F1FF39002700E00127BA
:1004D000119700E01190189B9E1B013E069604D5D3
:1004E000774205970027069701E000270597B9F1A5
:1004F000000F07DB069FCDF840904F44069700277A
:100500000B9708E0059FC9EB07070597C9F100079E
:100510000B97002710970D9F092F28D8052FC4BFD0
:10052000043F0D970D9FA7F10203CCBF00250125C5
:10053000032B21D8DFE803F0060F0204012702E0B5
:10054000012709E000270C970E9F002F1EDD0A9758
:1005500004973B461FE000270C970E9F4F440A97D5
:1005600001373B460497012BB8BF012313E0012557
:1005700000270D970C9501E001270C974FF0FF37EE
:100580000A970497002712230E9704E001270A9781
:1005900004973B460E97DAF824400022626004215B
:1005A00001F114029A4221D8626801326260490066
:1005B000F6E700BFAFF3008061436F63A787D23FC8
:1005C000B3C8608B288AC63FFB799F501344D33F42
:1005D0000000F07FCA240600C12406009E24060005
:1005E000EEFBFFFF0000F83FD8240600504661688C
:1005F00000F059FCDAF82430049F20601B68079350
:100600000E2F00F26981002D00F066819DED027BC6
:10061000B9F1000F8DED127B31DD804A09F00F0337
:1006200002EBC30393ED007B4FEA2914E0068DED46
:10063000087B0CD57A4BDDE91201D3E9082306F0DB
:100640001BF804F00F04CDE90201032700E00227A4
:10065000734D6CB1E10708D5DDE90801D5E9002348
:1006600005F0E0FECDE90801013764100835F0E738
:10067000DDE90201DDE9082305F0FEFF1BE0C9F119
:100680000004DCB1654B664D04F00F0203EBC203BE
:10069000DDE91201D3E9002305F0C4FE241102278D
:1006A0004CB1E20704D5D5E90023013705F0BAFEC5
:1006B00064100835F4E7CDE9020100E00227119942
:1006C000E1B1DDE90245002220462946554B06F0FE
:1006D0001BF9C0B1049ADAB10A9B002B40F3F880F1
:1006E00009F1FF310F910022204629464E4B05F0BB
:1006F00099FE0137CDE902010A9A0CE0049BCDF87E
:100700003C90089308E00499CDF83C90089103E0F0
:10071000049ACDF83C900892384605F01DFEDDE9BC
:10072000022305F07FFE0022404B05F0C9FC089F24
:100730000446A1F15075CFB900223D4BDDE902011D
:1007400005F0BCFC22462B4606460F4606F0FAF89A
:10075000002840F04B82224605F1004330463946DE
:1007600006F0D2F8002840F03782B1E0089F2B4B0A
:100770007A1E0C9F03EBC203002F5DD0D3E9002348
:1007800000202C4905F078FF22462B4605F096FC08
:10079000DDE90267DDF81C8004460D463946304627
:1007A00006F0DAF8009005F0D7FD02460B46304619
:1007B000394605F083FCDDF800C00CF1300308F881
:1007C000013B22462B4606460F4606F09DF80028C0
:1007D00040F0338332463B460020124905F06EFC60
:1007E00022462B4606F090F8002840F0D480079966
:1007F000089AC1EB080393426ADA20462946002290
:10080000094B05F00FFE002204460D4630463946DE
:10081000054B05F007FE06460F46BFE7D824060045
:10082000B02506000000F03F0000244000001C40FE
:10083000000014400000E03FD3E9000122462B46AF
:1008400005F0F0FDDDF81C80089B079CCDE9160142
:10085000DDE9026798443946304606F07DF80546E2
:1008600005F07AFD303502460B463046394605F034
:1008700025FC04F8015B444506460F4621D10022C1
:10088000874BDDE9160105F01BFC02460B4630469E
:10089000394606F057F800287DD1DDE916230020FF
:1008A0007F4905F00BFC02460B463046394606F000
:1008B0002BF868B1A046013C18F8013C302BF9D068
:1008C000BBE20022774B05F0ADFD06460F46C2E7BE
:1008D0009DED127B8DED027B199B002B7CDBB9F12A
:1008E0000E0F79DC704B0E9F03EBC903002FD3E989
:1008F000004514DA049F002F11DC40F06F81204680
:1009000029460022694B05F08DFDDDE9022306F042
:100910000FF8049D2C46002840F062816AE1DDE971
:100920000267DDF81C8022462B463046394605F02A
:10093000A3FE06F011F8029005F00EFD22462B46AC
:1009400005F070FD02460B463046394605F0B6FB11
:10095000029F07F1300608F8016B079FC7EB0806F6
:10096000049FBE4202460B4629D105F0A9FB224650
:100970002B4606460F4605F0E5FF70B9304639466E
:1009800022462B4605F0B6FF002800F05882029F51
:10099000FB0702D453E2DDF83C9043469846013B06
:1009A00018F8012C392A06D1079F9F42F6D1302230
:1009B00009F101093A701A7801321A703FE20022F7
:1009C000384B05F02FFD0022002306460F4605F0A8
:1009D00091FF0028A7D032E20C9F002F30D00D9F4E
:1009E000012F0ADC159F17B103F2334302E0189B75
:1009F000C3F136030B9D059E16E0049F7D1E0B9FE1
:100A0000AF4201DB7D1B06E00B9F0B95EB1B109F9C
:100A10001F4410970025049F002F03DA0599002337
:100A2000CE1B01E0059E049B059F1F440597069F72
:100A300050461F440121069700F008FB044602E0DF
:100A40000B9D059E0C9C6EB1069F002F0ADD3B4658
:100A5000059FB342A8BF3346FF1A0597069FFF1AAA
:100A6000F61A06970B9F002F28DD0C9F07B3002D69
:100A700010DD21462A46504600F08AFB04465A46BD
:100A80002146504600F0EBFA59460746504600F022
:100A90003FFABB460B9F7A1B10D0504659460AE0DE
:100AA0000000E03F00002440D8240600000014406D
:100AB0000B9A5046594600F06BFB83465046012185
:100AC00000F0C4FA109F002F054605DD2946504668
:100AD0003A4600F05DFB05460D9F012F12DC02999E
:100AE00081B9039AC2F3130373B922F000473F0D93
:100AF0003F0557B1059F01370597069F01370697B8
:100B0000012702E0002700E0029F109941B12B6904
:100B100005EB8303186900F04CFAC0F1200000E0F7
:100B20000120069B034413F01F0308D0C3F12002E9
:100B3000042A02DDC3F11C0302E008D013461C3373
:100B4000059A06991A44194405921E440691059A7D
:100B5000002A04DD5946504600F068FB8346069B98
:100B6000002B05DD294650461A4600F05FFB05467E
:100B70001199E1B15846294600F0ABFB002816DA7E
:100B800059460A225046002300F0D9F90C9A09F17F
:100B9000FF3983464AB12146002350460A2200F01D
:100BA000CEF90A9B0493044601E00A990491049A41
:100BB000002A29DC0D9B022B26DD8AB92946052255
:100BC000049B504600F0BBF905462946584600F004
:100BD00080FB00280EDC03E0089D00E000252C4689
:100BE0000E9FDDF81C806FEA07090AE0089DDDF81A
:100BF0003C902C46079F312307F101083B7009F117
:100C000001092746002407E10C99002900F0BB8068
:100C1000002E05DD21465046324600F007FB044613
:100C20009FB16168504600F03EF9226902320646E3
:100C300004F10C0192000C30FEF799FC504631464D
:100C4000012200F0F3FA074600E02746079E2946F6
:100C50005846FFF7C7FA214600F1300C8046584647
:100C6000CDF800C000F035FB3A46059029465046C5
:100C700000F04CFBC368DDF800C002464BB91146DA
:100C80005846019200F025FB019ADDF800C00346AA
:100C900000E00123504611460193CDF800C000F05A
:100CA00037F9019BDDF800C063B90D9A52B902997A
:100CB00001F0010232B9BCF1390F35D0059B002B90
:100CC00024DC25E00599002902DA002B08DC1FE06E
:100CD00023D10D9A0ABB029901F00102EAB9F4E7A7
:100CE000594601225046CDF800C000F09FFA29462F
:100CF000834600F0EEFA0028DDF800C003DC07D1DF
:100D00001CF0010F04D0BCF1390F0DD008F1310CEB
:100D100006F1010886F800C07EE0002B06F101080C
:100D200009DDBCF1390F03D13923337001365BE0A3
:100D30000CF1010368E0079A04994646C2EB0803E8
:100D40008B4206F801CC3CD059460A22002350467B
:100D500000F0F5F8BC428346214650464FF00A02A7
:100D60004FF0000304D100F0EAF8044607466EE7AE
:100D700000F0E5F8394604460A225046002300F008
:100D8000DEF8074663E70C9E58462946FFF72AFA25
:100D9000079F00F1300C07F806C0049F0136BE42E1
:100DA00007DB079E012FACBFF6190136274600244A
:100DB00007E0594650460A22002300F0C0F8834657
:100DC000E2E7594601225046CDF800C000F02EFA65
:100DD0002946834600F07DFA0028DDF800C003DCD8
:100DE00014D11CF0010F11D016F8013C392BB0467C
:100DF00006F1FF3607D10799B142F5D1312309F148
:100E000001090B7008E00133337005E0B046013E84
:100E100018F8013C302BF9D05046294600F078F8FC
:100E20006FB12CB1BC4203D05046214600F070F89F
:100E30005046394600F06CF801E0DDF83C90504631
:100E4000594600F065F80023149F88F8003009F136
:100E500001033B60259F27B1C7F8008001E00348EC
:100E600000E007981BB0BDE8F08F00BF9D2406008E
:100E70000048704700440020024B0146186800F00B
:100E800045BB00BFFC43002010B5C9B202449042EC
:100E9000034606D01C788C4200F10100F7D11846B9
:100EA00010BD002010BD70B5456A04460E463DB920
:100EB0001020FFF7E1FF6062456085600560C56056
:100EC000656AEB6843B1636ADA6852F8260078B164
:100ED000016842F8261017E020460421212200F084
:100EE000C3FA636AE860DB68002BECD1002070BDB8
:100EF000012101FA06F56A1D2046920000F0B4FABD
:100F00000028F3D04660856000220261C26070BD97
:100F100070B5446A06460D463CB91020FFF7ACFF99
:100F20007062446084600460C4603DB1736A6A6842
:100F3000DB6853F82210296043F8225070BD2DE978
:100F4000F0410C461E460D6907461431002308681F
:100F50001FFA80FC000C02FB0C6C504300EB1C40A1
:100F600001331FFA8CFC060CAB420CEB004041F83D
:100F7000040BECDBD6B1A3689D4212DB61683846F6
:100F80000131FFF790FF2269023204F10C01804623
:100F900092000C30FEF7EBFA21463846FFF7B8FF17
:100FA000444604EB850301355E6125612046BDE8BA
:100FB000F081030C1B0413B90004102300E000238C
:100FC00010F07F4F04BF0002083310F0704F04BFD1
:100FD0000001043310F0404F04BF800002330028AA
:100FE00003DB420003D5581C704718467047202089
:100FF0007047036813F007020BD0D90722D49A0771
:1010000003D55B080360012070479B080360022042
:10101000704799B209B91B0C102213F0FF0F04BFDF
:101020001B0A0832190704BF1B090432990704BFC1
:101030009B080232D90702D45B0805D00132036055
:1010400010467047002070472020704710B50C46AE
:101050000121FFF728FF01224461026110BD2DE943
:10106000F04F16460A6933699A4285B00D4601DA97
:1010700035460E46D5F810803769AB68696808EBCD
:1010800007049C42C8BF0131FFF70DFF00F11403B4
:1010900003EB840101911A46DDF804A0524503D206
:1010A000002142F8041BF7E705F1140106F11402D0
:1010B00001EB880802EB8707CDF808800397039EB1
:1010C000B242154656D2B5F800C00432BCF1000F4A
:1010D00025D00F461D46002657F8049BD5F8008002
:1010E0001FFA89FB1FFA88FA0CFB0BAA4FEA194971
:1010F0004FEA1848B2440CFB098808EB1A481FFA5B
:101100008AFA4AEA084A4FEA1846DDF80880AB46F0
:10111000B8454BF804AB01D95D46DDE76E6032F8A7
:10112000028CB8F1000F23D01E680F461D464FF009
:101130000009B7F800A0B5F802C008FB0ACCE144EA
:10114000B6B2AC4646EA09464CF8046B57F8046B55
:10115000B5F804A0360C08FB06A6DDF808A006EBDF
:10116000194657454FEA164901D26546E1E76E60D8
:101170000433A4E7019B002C03DC046105B0BDE847
:10118000F08F53F8042D002AF7D1013CF3E700005B
:1011900012F003032DE9F04105460E46174607D02D
:1011A000013B214A52F823200023FFF7C8FE0646E0
:1011B000BF1035D06C6A3CB91020FFF75DFE686245
:1011C000446084600460C460D5F82480D8F8084086
:1011D0007CB9284640F27121FFF738FF0023C8F898
:1011E00008000446036004E07F1019D0206870B145
:1011F0000446FB07F8D5314622462846FFF72FFF65
:10120000314680462846FFF783FE4646ECE72846EF
:1012100021462246FFF723FF002320600360E7E713
:101220003046BDE8F08100BFA02506002DE9F0475B
:101230000C464FEA621A236949680AEB0309A3685E
:101240008046154609F101079F4202DD01315B002E
:10125000FAE74046FFF727FE0023064600F1140296
:10126000534504DA002142F823100133F8E72069DE
:101270002AEAEA7104F1140315F01F0C02EB810154
:1012800003EB800E16D0CCF1200A002518680A4620
:1012900000FA0CF0054342F8045B53F8045B734515
:1012A00025FA0AF501D21146F0E74D6045B109F182
:1012B000020705E053F8042B41F8042B7345F9D3DA
:1012C000013F404637612146FFF722FE3046BDE828
:1012D000F08702690B69D21A10B513D19C00143043
:1012E00001F114020319224453F8044D52F8041D6D
:1012F0008C4203D008D24FF0FF3010BD9842F3D398
:10130000002010BD104610BD012010BD2DE9F04792
:1013100006460C46084611461546FFF7DAFF071E3B
:1013200008D130463946FFF7BEFD0123036147610E
:10133000BDE8F08701DB002703E0234601272C46A8
:101340001D4661683046FFF7AEFD22692B69C76014
:10135000143405F1140606EB830A04EB820C00F149
:101360001403002154F8047B56F8049B11FA87F10A
:101370001FFA89F54FEA1949C5EB0108C9EB174770
:1013800007EB28471FFA88F83914B24548EA07479F
:10139000254643F8047BE5D865450DD255F8044B46
:1013A00011FA84F6240C04EB2644B6B2211446EA62
:1013B000044443F8044BEFE753F8041D09B9013A1C
:1013C000FAE70261BDE8F0872DE9F743894601217C
:1013D00055EC104B9046FFF766FDC5F30A570646DD
:1013E000C5F313030FB143F480130193D4B102A8E2
:1013F00040F8084D6846FFF7FCFD009B48B1019A94
:10140000C0F1200102FA01F10B43C2407361019265
:1014100000E07361019BB361002B0CBF0124022427
:10142000346107E001A8FFF7E4FD0124019B73612B
:10143000346120303FB1A7F233470744C9F8007048
:10144000C0F135000AE006EB8403A0F23240C9F88F
:1014500000001869FFF7ADFDC0EB4410C8F80000AC
:10146000304603B0BDE8F08338B502FB01F42146F5
:1014700000F04CF8054618B100212246FEF79BF813
:10148000284638BD30B500293CD051F8042C0B1F3C
:101490001D49002AB8BF9B180A680C4612B95A6049
:1014A0000B6030BD93420DD219685818904203D199
:1014B0005A581144426819605A60236030BD9942FD
:1014C00003D80A4651680029F9D1146815199D42BC
:1014D0000AD11B682344D0188842136012D10868CF
:1014E000034413604B680CE002D90C23036030BD49
:1014F00018681C188C4203D10C6849682044186095
:101500005960536030BD00BF548A002070B5CD1CB7
:1015100025F0030508350C2D38BF0C25002D064697
:101520003FDB8D423DD3214B1C6818462146A1B1BB
:101530000B685B1B0ED40B2B03D90B60CC18CD5062
:101540001FE08C4202D1626802601AE04B6863605F
:101550000C4616E00C464968E9E7154C23681BB9B0
:10156000304600F071F820602946304600F06CF8F3
:10157000431C014615D0C41C24F0030484420AD144
:10158000256004F10B00231D20F00700C31A0BD0C7
:101590005A42E25070BD3046611A00F055F80130F1
:1015A000EED10C233360002070BD00BF548A0020B0
:1015B000508A0020F8B5064614460D4621B911465A
:1015C000BDE8F840FFF7A2BF1AB9FFF75BFF20465E
:1015D000F8BD00F049F8A0420ED230462146FFF790
:1015E00095FF074650B129462246FDF7C0FF304619
:1015F0002946FFF747FF01E02846F8BD3846F8BD09
:1016000051EC100B31F0004310B500D178B10C4A09
:10161000A3F5801494420CD9B3F5801F0BD3094A6B
:1016200093420AD1D0F1010038BF002010BD022042
:1016300010BD042010BD032010BD002010BD00BF50
:10164000FFFFDF7F0000F07F38B5064C0023054622
:101650000846236000F012F8431C02D1236803B14E
:101660002B6038BD2893002051F8040C002802DAC2
:1016700004390B581844043870470000094A1368AD
:1016800063B118446946884202D810601846704712
:10169000054B0C221A604FF0FF307047034B13606C
:1016A000EFE700BF588A00202893002030930020E5
:1016B000FEE700BF000000002DE9F04F55EC104B95
:1016C000BD4B25F000469E4283B0A9460EDDBB49C6
:1016D0008E4200F3B38000F0AE80B9F1000F40F30A
:1016E000F8809FED990B03B0BDE8F08FB44B9E429C
:1016F00000F3C380A3F1DE739E4240F3AA804FF053
:10170000FF3C22462B4620462946CDF804C004F073
:1017100089FE02460B4682468B4604F083FE8CA36C
:10172000D3E9002306460F4604F07CFE8AA3D3E9E2
:10173000002304F0C5FC32463B4604F073FE88A348
:10174000D3E9002304F0BCFC32463B4604F06AFEB9
:1017500085A3D3E9002304F0B3FC32463B4604F0F2
:1017600061FE83A3D3E9002304F0AAFC32463B4682
:1017700004F058FE80A3D3E9002304F0A1FC5246F4
:101780005B4604F04FFE7EA3D3E9002382468B46DE
:101790003046394604F046FE7BA3D3E9002304F02B
:1017A0008DFC32463B4604F03DFE79A3D3E900238D
:1017B00004F084FC32463B4604F034FE76A3D3E9C1
:1017C000002304F07BFC32463B4604F02BFE74A35E
:1017D000D3E9002304F072FC32463B4604F022FEBB
:1017E000DDF804C0BCF1FF3F02460B467AD05046FC
:1017F00059464FEACC0604F063FC22462B4604F01F
:1018000011FE704F704B37441E44D6E9002304F09C
:1018100055FC22462B4604F051FC02460B46D7E904
:10182000000104F04BFCB9F1000F55DB41EC100B4B
:1018300003B0BDE8F08F002C3FF44FAF204629469F
:1018400022462B4604F03CFC41EC100B03B0BDE8F3
:10185000F08F55A3D3E9002310EE100A294604F0B7
:101860002FFC0022594B05F06DF800283FF447AFDC
:1018700045EC104B03B0BDE8F08F00F02DF9544B50
:101880009E4255EC104B3EDCA3F550239E4210EED9
:10189000100A294600F3AE8010EE102A2B4604F001
:1018A0000FFC0022494B04F009FC002206460F46BB
:1018B000204629464FF0804304F002FC02460B46C6
:1018C0003046394604F0D8FE4FF0000C04460D4671
:1018D00017E79FED370BB9E7024601F1004343ECF0
:1018E000102BB3E75046594604F0EAFB22462B463C
:1018F00004F098FD02460B462046294604F0DEFB24
:1019000041EC100BA2E7334B9E4267DC10EE100A4D
:1019100029460022304B04F0D1FB002206460F4638
:10192000204629462C4B04F07DFD0022274B04F075
:10193000C7FB02460B463046394604F09DFE4FF089
:10194000020C04460D46DCE6182D4454FB21F93FF9
:1019500011DA22E33AAD903FEB0D76244B7BA93FA1
:10196000513DD0A0660DB13F6E204CC5CD45B73F6F
:10197000FF8300922449C23F0D5555555555D53F1B
:101980002F6C6A2C44B4A2BF9AFDDE522DDEAD3F0F
:101990006D9A74AFF2B0B33F711623FEC671BC3FAF
:1019A000C4EB98999999C93F9C7500883CE4377EAF
:1019B000182D4454FB21F9BFFFFF0F440000F07FB6
:1019C000FFFFDB3FF8250600D82506000000F03FAA
:1019D000FFFFF23FFF7F03400000F83F2B4610EE71
:1019E000102A00200F4904F047FE4FF0030C044674
:1019F0000D4686E600220C4B04F060FB00220646F2
:101A00000F4620462946084B04F05AFB02460B4677
:101A10003046394604F030FE4FF0010C04460D46C6
:101A20006FE600BF0000F0BF0000F03FAFF30080A2
:101A300000B553EC102B264A23F00043934285B0A7
:101A400022DD244A93420BDD51EC100B10EE102ADC
:101A50000B4604F033FB41EC100B05B05DF804FBC2
:101A6000684602F035F800F0030001289DED000BF8
:101A70009DED021B20D0022811D000B3012003F0FD
:101A800097FB51EC100BE6E79FED0F1B02F084FE75
:101A900051EC100B41EC100B05B05DF804FB02F0AB
:101AA0007BFE53EC102B10EE100A03F1004141ECC9
:101AB000100B05B05DF804FB03F07AFBF1E702F0D0
:101AC0006BFE51EC100BC6E70000000000000000A8
:101AD000FB21E93FFFFFEF7F51EC100B53EC102B84
:101AE00021F0004343EC102B704700BF00000000C2
:101AF0002DE9F84F55EC104BC5F30A57A7F2FF3606
:101B0000132EA946AA4610EE108A1FDC002E4CDBCD
:101B1000434F374107EA0503234315D03EA3D3E9DA
:101B2000002351EC100B04F0CBFA0022002304F048
:101B300009FF28B1002D4BDB2AEA07094FF0000806
:101B40004B46424643EC102BBDE8F88F332E0CDD9C
:101B5000B6F5806FF8D151EC100B22460B4604F01D
:101B6000AFFA41EC100BBDE8F88FA7F213434FF02A
:101B7000FF3B2BFA03FB1BEA040FE5D026A3D3E9B6
:101B8000002351EC100B04F09BFA0022002304F018
:101B9000D9FE0028D4D0002D21DB28EA0B08D1463D
:101BA0004B46424643EC102BCEE71BA3D3E9002360
:101BB00051EC100B04F084FA0022002304F0C2FE62
:101BC0000028BDD0002D18DB4FF00008C146B7E754
:101BD0004FF4801A4AFA06F606EB050AACE7142E13
:101BE00014D0C7F586670123033703FA07F717EB0D
:101BF000040828BF05EB030ACFE725F00042094B94
:101C0000224318BF99464FF0000899E705F1010AF1
:101C1000C3E700BFAFF300809C7500883CE4377ECB
:101C2000FFFF0F000000F0BF38B553EC102BC3F3DB
:101C30000A50A0F2FF3113291C4611DC002931DBC8
:101C40001E48084118422AD04FF400240C411C447D
:101C500024EA0004002123460A4643EC102B38BD39
:101C600033290ADDB1F5806FF9D151EC100B0B4629
:101C700004F026FA41EC100B38BDA0F213414FF0EE
:101C8000FF35CD401542EAD0C0F586600230012113
:101C90008140891828BF5C1C21EA0501DBE7002A86
:101CA000D2D1DCE7013103F0004401D00021D2E7BA
:101CB00044F07F5444F440140021CCE7FFFF0F00B0
:101CC00000B510EE103A1A4A23F00043934283B055
:101CD00019DDB3F1FF4F04DB30EE400A03B05DF8CD
:101CE00004FB684602F0BEFB00F0030001289DEDF6
:101CF000000ADDED010A12D002280BD0A0B10120AC
:101D000003F086FEEAE7DFED0B0A03F019FB03B0F0
:101D10005DF804FB03F014FBB1EE400ADEE703F0CC
:101D200077FEB1EE400AD9E703F00AFBD6E700BF21
:101D3000D80F493F0000000000B510EE103A1B4AD2
:101D400023F00043934283B01ADDB3F1FF4F04DB6D
:101D500030EE400A03B05DF804FB684602F082FBF7
:101D600000F0030001289DED000ADDED010A15D009
:101D700002280DD0A8B103F0E3FAB1EE400AE9E77A
:101D8000DFED0B0A002003F043FE03B05DF804FB17
:101D9000012003F03DFEB1EE400ADBE703F0D0FA8C
:101DA000D8E7012003F034FED4E700BFD80F493F45
:101DB0000000000010B52DED048BB0EE408AF0EE6F
:101DC000608A294C8AB000F08FFB94F90030B0EEA5
:101DD000409AF0EE609A013306D0B0EE480AF0EE79
:101DE000680AFFF70DFC38B9B0EE490AF0EE690A4F
:101DF0000AB0BDEC048B10BDB0EE480AF0EE680AE4
:101E0000FFF76AFE002251EC100B184B04F09AFD0C
:101E10000028E9D00123164A0093164801920023B6
:101E200008938DED048B8DED028B03F045FE94F944
:101E30000030022B8DED060B0BD0684603F038FE08
:101E400038B1089B53B99DED060B0AB0BDEC048B6D
:101E500010BD05F053FA21230360F2E705F04EFAB6
:101E6000089B0360EFE700BF384400200000F03F0C
:101E700018260600301B060000F0AEBD10B52DED93
:101E8000048BB0EE408AF0EE608A344C8AB000F0E9
:101E900097FE94F90030B0EE409AF0EE609A01336C
:101EA0000DD0B0EE480AF0EE680AFFF7A9FB30B19A
:101EB00051EC180B0022002304F044FD38B1B0EEC1
:101EC000490AF0EE690A0AB0BDEC048B10BD247813
:101ED000234B08908DED028B8DED048B01934CBB51
:101EE000204B4FF06042CDE9062351EC180B002245
:101EF000002304F0FFFC78B102239C42009323D01E
:101F0000684603F0D5FDF8B1089B13BB9DED060BA9
:101F10000AB0BDEC048B10BD0123022C00930ED03F
:101F2000684603F0C5FD50B10F4803F0C5FD8DEDC7
:101F3000060BE9E70D4B0022CDE90623D5E705F0B6
:101F4000DDF921230360EFE705F0D8F922230360D0
:101F5000DAE705F0D3F9089B0360D7E7384400209F
:101F600020260600FFFFEFC7301B06000000F0FF31
:101F70002DE9F0432DED068BB0EE40AAF0EE60AAFD
:101F8000B0EE418AF0EE618A9F4E8BB001F02CF8E2
:101F900096F90030B0EE409AF0EE609A013306D028
:101FA000B0EE480AF0EE680AFFF72AFB40B9B0EE3F
:101FB000490AF0EE690A0BB0BDEC068BBDE8F08370
:101FC000B0EE4A0AF0EE6A0AFFF71AFB044668BB55
:101FD00051EC180B0022002304F08CFC0028E6D002
:101FE0008A4B96F900108A48089400220124CDE912
:101FF00006234B1C8DED02AB8DED048B00940190FC
:102000000DD002290BD0684603F052FD002800F0E5
:102010009D80089B1BB105F071F9089B03609DED45
:10202000060B0BB0BDEC068BBDE8F0830024002549
:1020300051EC1A0B22462B4604F05CFCE8B151EC43
:10204000180B22462B4604F055FC0746002854D0B6
:102050006F4A96F900300192012100228DED02AB0A
:102060008DED048BCDE9064500910892002BCAD076
:10207000664B0022CDE90623D1E7B0EE490AF0EE27
:10208000690A03F00DFD0746002864D000240025EE
:1020900051EC190B22462B4604F02CFC002886D06C
:1020A000B0EE4A0AF0EE6A0A03F0FAFC00283FF4A8
:1020B0007EAFB0EE480AF0EE680A03F0F1FC0028AB
:1020C0003FF475AF96F90030514A01920421002285
:1020D000022B8DED02AB8DED048BCDE90645009111
:1020E000089200F08C80684603F0E2FC002800F0C3
:1020F0008680089B002B92D08DE7B0EE480AF0EE68
:10210000680A03F0CDFC00283FF451AF51EC180BE6
:1021100022462B4604F0F8FB00283FF448AF3C4B26
:102120003178089701228DED02AB8DED048B8DE89F
:102130000C00002941D0374B00220229CDE90623AB
:1021400035D105F0DBF821230360D2E705F0D6F89E
:10215000212303605DE7B0EE4A0AF0EE6A0A03F05D
:102160009FFC002892D0B0EE480AF0EE680A03F017
:1021700097FC00288AD0B0EE490AF0EE690AFFF712
:102180003FFAE8B9224B3678089001228DED02AB78
:102190008DED048B8DE80C007EB120462946224649
:1021A0002B4604F069FA022ECDE90601C9D0684633
:1021B00003F07EFC00289CD1C3E7CDE90645F6E795
:1021C000134A96F90030089703218DED02AB8DED8F
:1021D000048B8DE806000BBBDFF83C904FF06048A5
:1021E00022462B4651EC1A0BCDE9068904F08CFBF4
:1021F00000283AD196F90030022B7FF474AF05F035
:102200007DF82223036074E7384400200000F03F8B
:10221000242606000000F0FFFFFFEF47DFF88C9058
:102220004FF0000822462B4651EC1A0BCDE90689E7
:1022300004F06AFB0028DDD00022194B51EC180B8A
:1022400004F0F0F804460D4645EC104B03F03CFC5E
:10225000224651EC100B2B4604F04CFB0028C9D150
:10226000104B0022CDE90623C4E700220C4B51ECB1
:10227000180B04F0D7F804460D4645EC104B03F05C
:1022800023FC224651EC100B2B4604F033FB0028B4
:10229000B0D1054B4FF06042CDE90623AAE700BF5D
:1022A0000000E03F0000F0FFFFFFEFC70000F07FFD
:1022B00070B52DED048BB0EE408AF0EE608A294EA9
:1022C0008AB001F02DFE96F90030B0EE409AF0EEA3
:1022D000609A01330FD0B0EE480AF0EE680AFFF7BB
:1022E0008FF940B10024002551EC180B22462B46F3
:1022F00004F00AFB38B9B0EE490AF0EE690A0AB0F8
:10230000BDEC048B70BD184B36780193012200237D
:102310008DED048B8DED028B009208936EB9CDE9A3
:102320000645684603F0C4FB88B1089BA3B99DED40
:10233000060B0AB0BDEC048B70BD20462946224630
:102340002B4604F099F9022ECDE90601E9D104F0FB
:10235000D5FF21230360E8E704F0D0FF089B03606A
:10236000E5E700BF384400202826060010B52DED13
:10237000028B2A4C8AB0B0EE408A01F09DFE94F99F
:1023800000300133F0EE408A04D0B0EE480A03F08A
:10239000EBFD28B9B0EE680A0AB0BDEC028B10BDA7
:1023A000B0EE480A03F088FDF7EE007AB4EEE70AD3
:1023B000F1EE10FAEEDD0123194A009318EE100A2F
:1023C00000230192089303F0D9FF02460B461548FB
:1023D000CDE90423CDE9022303F06EFB94F900302C
:1023E000022B8DED060B0FD0684603F061FB58B150
:1023F000089B73B9DDE9060104F0F6FA00EE100A55
:102400000AB0BDEC028B10BD04F078FF21230360FD
:10241000EEE704F073FF089B0360EBE7384400200D
:1024200030260600301B060001F06CBF10B52DED04
:10243000028B2A4C8AB0B0EE408A02F059F994F926
:1024400000300133F0EE408A09D0B0EE480A03F0C4
:102450008BFD20B1B5EEC08AF1EE10FA05D4B0EED6
:10246000680A0AB0BDEC028B10BD01231C4A009320
:1024700018EE100A00230192089303F07FFF2478DE
:10248000CDE90401CDE902019CB900220023CDE988
:102490000623684603F00CFBA8B1089BC3B9DDE92D
:1024A000060104F0A1FA00EE100A0AB0BDEC028B9E
:1024B00010BD0020002102460B4604F0DDF8022C7E
:1024C000CDE90601E5D104F019FF21230360E4E71B
:1024D00004F014FF089B0360E1E700BF38440020CC
:1024E00038260600000000002DE9F84F53EC102BB1
:1024F0008B4823F0004181422DED028BB0EE408AE3
:10250000F0EE608A0FDD01F1404404F580141443BD
:1025100040F0C480002B40F395819FED690BBDEC2A
:10252000028BBDE8F88F7F48814240F3AE80002BDC
:10253000C0F28B8153EC102B00207B4903F0BEFDD1
:1025400000227A4B03F06EFF04460D4645EC104B1B
:1025500001F0E6FC204629465BA3D3E9002359ECB1
:10256000108B03F05FFF5AA3D3E9002303F0A8FD0B
:1025700022462B4603F056FF57A3D3E9002303F06E
:102580009DFD22462B4603F04DFF55A3D3E90023C2
:1025900003F096FD22462B4603F044FF52A3D3E9F5
:1025A000002303F08BFD22462B4603F03BFF50A394
:1025B000D3E9002303F084FD22462B4603F032FFCB
:1025C0004DA3D3E9002382468B462046294603F0DB
:1025D00029FF4BA3D3E9002303F070FD22462B46CD
:1025E00003F020FF48A3D3E9002303F069FD22464E
:1025F0002B4603F017FF46A3D3E9002303F05EFD4B
:1026000022462B4603F00EFF0022474B03F058FDF5
:1026100002460B465046594604F02EF842464B46B9
:1026200003F000FF002682468B4632464B4630467A
:10263000494603F0F7FE02460B462046294603F0C2
:102640003DFD324604460D464B464046494603F0A2
:1026500037FD02460B462046294604F00DF8024697
:102660000B465046594603F02BFD02460B463046BA
:10267000494603F025FD02460B4603F021FDBDEC63
:10268000028B41EC100BBDE8F88F294B994251DCCD
:10269000BDEC028B9FED200BBDE8F88F51EC100BC9
:1026A0000B4603F00BFD02460B4603F0E5FFBDECC5
:1026B000028B41EC100BBDE8F88F00BFAFF3008038
:1026C000000000000000000009F7FD0DE13D023FA1
:1026D00088B20175E0EF493F3B8F68B52882A43F7F
:1026E0005544880E55C1C93F7D6FEB0312D6D43FC8
:1026F000555555555555C53F82922EB1C5B8B33F76
:1027000059018D1B6C06E63FC88A599CE52A00409A
:102710004B2D8A1C273A0340182D4454FB21F93FC6
:10272000FFFFEF3FFFFFDF3F0000F03F0000E03F13
:102730000000603C53EC102B51EC100B03F072FEC8
:102740008FA3D3E9002304460D4603F06BFE8EA34E
:10275000D3E9002303F0B4FC22462B4603F062FECB
:102760008BA3D3E9002303F0A9FC22462B4603F0F8
:1027700059FE89A3D3E9002303F0A2FC22462B468D
:1027800003F050FE86A3D3E9002303F097FC224612
:102790002B4603F047FE84A3D3E9002303F090FC0B
:1027A00022462B4603F03EFE81A3D3E900230646D2
:1027B0000F462046294603F035FE7FA3D3E90023C8
:1027C00003F07CFC22462B4603F02CFE7CA3D3E9CD
:1027D000002303F075FC22462B4603F023FE7AA368
:1027E000D3E9002303F06AFC22462B4603F01AFECD
:1027F0000022774B03F064FC02460B463046394614
:1028000003F03AFF02460B4651EC180B03F00AFEA8
:1028100002460B4654A1D1E9000103F04FFC0246E9
:102820000B4651EC180B03F049FC02460B4650A135
:10283000D1E9000103F042FCBDEC028B41EC100B2E
:10284000BDE8F88F9FED4C0B69E651EC100B0022B0
:102850005F4B03F035FC00225E4B03F0E3FD48A321
:10286000D3E9002304460D4603F0DCFD46A3D3E97B
:10287000002303F025FC22462B4603F0D3FD44A39E
:10288000D3E9002303F01AFC22462B4603F0CAFDCD
:1028900041A3D3E9002303F013FC22462B4603F0A7
:1028A000C1FD3FA3D3E9002303F008FC22462B46D9
:1028B00003F0B8FD3CA3D3E9002303F001FC22465A
:1028C0002B4603F0AFFD45EC104B8046894601F0E6
:1028D00027FB37A3D3E900232046294657EC106B8A
:1028E00003F0A0FD34A3D3E9002303F0E7FB224665
:1028F0002B4603F097FD32A3D3E9002303F0E0FB5E
:1029000022462B4603F08EFD2FA3D3E9002303F0CC
:10291000D5FB22462B4603F085FD00222C4B03F00D
:10292000CFFB02460B464046494603F0A5FE324621
:102930003B4603F077FD0CA3D3E9002303F0BEFB75
:1029400002460B463046394603F0BAFB02460B46B8
:1029500003F0B6FB02460B4607A1D1E9000103F0E4
:10296000ADFB41EC100BDAE5075C143326A6913C75
:10297000182D4454FB21F93F182D4454FB210940E4
:1029800009F7FD0DE13D023F88B20175E0EF493FD7
:102990003B8F68B52882A43F5544880E55C1C93F76
:1029A0007D6FEB0312D6D43F555555555555C53F50
:1029B00082922EB1C5B8B33F59018D1B6C06E63F1C
:1029C000C88A599CE52A00404B2D8A1C273A0340AF
:1029D0000000F03F0000E03FF8B5B0EE407AF0EEC6
:1029E000607A53EC112B5642164323F00045724C8B
:1029F00045EAD676A64251EC100B45D8474207432C
:102A000021F0004646EAD777A7423DD803F140447B
:102A100004F5801414434BD09C1704F0020456EACA
:102A2000000744EAD17438D055EA02073BD0624F20
:102A3000BD424CD0604FBE4235D0751B2D153C2D8C
:102A400041DC002B72DB51EC170B53EC112B03F024
:102A500013FE41EC100BFFF73FF8FEF72DFE51EC93
:102A6000100B012C5DD0022C4CD0002C47D03CA385
:102A7000D3E9002303F022FB3BA3D3E9002303F0B7
:102A80001DFB41EC100BF8BD51EC110B53EC172B57
:102A900003F016FB41EC100BF8BD032CC4D8DFE8A3
:102AA00004F00B0B0F0C002926DB9FED310BF8BD5A
:102AB000BDE8F840FEF700BEF8BD9FED2F0BF8BD56
:102AC0009FED290BF8BD2AA1D1E90001C9E7AE426B
:102AD00031D0032CAED801A757F824F0F32A050013
:102AE000ED2A0500C12A0500BB2A05009FED240B35
:102AF000F8BD9FED250BF8BD9FED250BF8BD41EC12
:102B0000100BF8BD16A3D3E9002303F0D7FA024651
:102B10000B4615A1D1E9000103F0D0FA41EC100BEE
:102B2000F8BD01F1004141EC100BF8BD3C358ADAEB
:102B30000020002195E7032CB5D8DFE804F005025A
:102B40000B089FED150BF8BD9FED150BF8BD9FED24
:102B5000160BF8BD9FED160BF8BD00BFAFF300805C
:102B6000075C143326A6A13C182D4454FB210940D0
:102B7000182D4454FB21F93F182D4454FB2109C062
:102B800000000000000000800000000000000000C5
:102B9000182D4454FB21F9BF182D4454FB21E9BFE3
:102BA000182D4454FB21E93FD221337F7CD902C048
:102BB000D221337F7CD902400000F07FAFF3008048
:102BC0002DE9F04F53EC102BB3F5801F87B01C4656
:102BD00060DA23F00041114300F00381002B51EC37
:102BE000100BC0F2B7810022AD4B03F01BFC0B466B
:102BF0001C46AC4B9C4241EC100B6FF035024EDC96
:102C0000C4F3130606F5152303F6647303F4801565
:102C100085F07F534FEA245883F44013A8F2FF381D
:102C200051EC100B904443EA060100229E4B03F046
:102C300045FAB31CC3F31303022B08EB1558824665
:102C40008B464FF0000236DC002303F053FE0028D1
:102C500000F0D280B8F1000F00F08681404603F00A
:102C60007BFB7BA3D3E9002306460F4603F0DAFB88
:102C700079A3D3E9002304460D463046394603F0D4
:102C8000D1FB02460B462046294603F019FA41ECD7
:102C9000100B0DE0834B9C424FF00002B0DD51EC75
:102CA000100B10EE102A0B4603F00AFA41EC100B41
:102CB00007B0BDE8F08F4FF0804303F001FA024601
:102CC0000B465046594603F0D7FCCDE90201404679
:102CD00003F042FBCDE90401DDE9020102460B46A7
:102CE00003F0A0FB02460B46CDE9000103F09AFB7E
:102CF0005BA3D3E9002304460D4603F093FB5AA3DC
:102D0000D3E9002303F0DCF922462B4603F08AFBCB
:102D100057A3D3E9002303F0D3F922462B4603F04F
:102D200081FB55A3D3E9002303F0CAF9DDE90023B1
:102D300003F078FB52A3D3E90023CDE9000120463C
:102D4000294603F06FFB50A3D3E9002303F0B8F941
:102D500022462B4603F066FB4DA3D3E9002303F084
:102D6000AFF922462B4603F05DFB0B460246DDE938
:102D7000000103F0A5F9A6F5C223C6F5D726A3F2F4
:102D80007A4351361E43002E04460D4640F392808E
:102D90000022464B5046594603F044FB52465B46E0
:102DA00003F040FB06460F46B8F1000F40F09D804F
:102DB00022462B4603F084F9DDE9022303F032FBBF
:102DC00002460B463046394603F078F902460B4678
:102DD0005046594603F072F941EC100B07B0BDE8BC
:102DE000F08F002200230020314903F045FC41EC24
:102DF000100B07B0BDE8F08F52465B46504659466F
:102E000003F010FB24A3D3E9002304460D465046EB
:102E1000594603F007FB02460B460020234903F006
:102E20004DF902460B462046294603F0FBFA0446BC
:102E30000D46B8F1000F40F09A80504659462246A0
:102E40002B4603F03BF941EC100B31E7AFF3008068
:102E50000000E0FE422EE63F763C7935EF39EA3D50
:102E600044523EDF12F1C23FDE03CB966446C73FB9
:102E7000599322942449D23F935555555555E53FD2
:102E80009FC678D0099AC33FAF788E1DC571CC3FDD
:102E900004FA97999999D93F555555555555D53FA8
:102EA00000005043FFFFEF7F0000F03F0000E03FD5
:102EB000000050C3B8F1000F7FD047A3D3E900232F
:102EC000DDE9040103F0AEFA22462B4606460F4622
:102ED0005046594603F0F2F8DDE9022303F0A2FA66
:102EE00004460D46DDE904014FE03BA3D3E900238E
:102EF000DDE9040103F096FA22462B468046894616
:102F00003046394603F0DCF8DDE9022303F08AFAA3
:102F100033A3D3E9002304460D46DDE9040103F0A1
:102F200081FA02460B462046294603F0C9F80246BC
:102F30000B463046394603F0C1F852465B4603F073
:102F4000BDF802460B464046494603F0B7F841EC4F
:102F5000100BADE60B4603F0B1F80022002303F09E
:102F60008BFB41EC100BA3E69FED190BA0E640464E
:102F700003F0F2F918A3D3E900238046894603F051
:102F800051FA06460F464046494615A3D3E90023A9
:102F900003F048FA02460B462046294603F08EF815
:102FA00052465B4603F08AF802460B4630463946E5
:102FB00003F084F841EC100B7AE602460B465046CB
:102FC000594603F07BF8DDE9022303F02BFAFDE616
:102FD00000000000000000000000E0FE422EE63F7E
:102FE000763C7935EF39EA3D2DE9F04F55EC114B40
:102FF0002DED048BB0EE419AF0EE619AB0EE408A6E
:10300000F0EE608A25F0004858EA04018FB057ECD2
:10301000106B33D06C4B27F00049994528DC25D044
:10302000694B984524DC00F08A80002FC0F28B8029
:103030004FF0000A9CBB644B984500F0A280634BA4
:10304000984574D0B5F1804F00F00A84604B9D42E2
:1030500025D1002F23DBB0EE480AF0EE680A0FB04E
:10306000BDEC048BBDE8F04F00F05ABF002ED7D066
:1030700009F1404303F58013334306D19FED4E0B16
:103080000FB0BDEC048BBDE8F08F52480FB0BDEC23
:10309000048BBDE8F04F02F00FBD4FF0000AB0EE18
:1030A000480AF0EE680AFEF717FD0EBBB9F1000FF3
:1030B00004D0464B27F040429A4219D1002DC0F26D
:1030C0001984002FDCDA09F1404909F580195AEA20
:1030D000090940F0958451EC100B02460B4602F0B2
:1030E000EDFF02460B4603F0C7FA41EC100BC7E7B1
:1030F000FB0F03F1FF3B5AEA0B0258D0364B9845C1
:1031000070DD03F10473984540F3FE83334B99451A
:1031100040F3A083002D40F3A08329A1D1E9000151
:1031200002460B4603F07EF941EC100BA8E7002D98
:10313000C0F24C84B0EE480AF0EE680AA0E7002C1A
:103140003FF473AF94E7264B98452DDCA3F15473FD
:1031500098457FF76DAF4FEA285340F213429342F0
:1031600040F35C84C3F58663033324FA03F202FA66
:1031700003F3A3427FF45CAF02F00102C2F1020A42
:1031800058E709F1404303F5801333433FF476AF2A
:10319000124B994540F3A283002DC0F25E83B0EE3E
:1031A000490AF0EE690A6BE74FF0020A42E751EC78
:1031B000180B92E7AFF30080000000000000F03F22
:1031C0009C7500883CE4377E0000F07F0000F03FF3
:1031D0000000E03F301B06000000E041FFFFEF3F32
:1031E000FFFF3F43B9F5801F80F2EE8351EC100BD7
:1031F0000022AB4B03F016F90B4641EC100B6FF0BD
:1032000034029946A74B4FEA2951C9F31309A1F299
:10321000FF3149F07F56994501EB020C46F4401608
:1032200040F3CF83A04B994540F3108400270CF165
:10323000010CA6F580163B469C4ACDF804C0DB0085
:103240000B931344D3E9004559EC108B22462B46CF
:103250004046314602F032FF2246CDE908012B46B6
:103260004046314602F02CFF02460B4600209049B2
:1032700003F002FACDE90C01DDE90C23DDE90801D8
:1032800003F0D0F8CDE9040171109DED047B41F00D
:10329000005101F50021CB1900218DED027B029137
:1032A000B146DDE90267002230463946CDE9062302
:1032B00003F0B8F802460B46DDE9080102F0FEFE15
:1032C00022462B46CDE90801DDE9060102F0F6FEB3
:1032D00002460B464046494602F0F0FE02460B46C7
:1032E0003046394603F09EF802460B46DDE90801F8
:1032F00002F0E4FEDDE90C2303F094F8CDE90601C9
:10330000DDE9040102460B4603F08CF802460B4649
:1033100004460D4603F086F851A3D3E90023804606
:1033200089462046294603F07DF84FA3D3E90023C0
:1033300002F0C6FE22462B4603F074F84CA3D3E9F4
:10334000002302F0BDFE22462B4603F06BF84AA391
:10335000D3E9002302F0B4FE22462B4603F062F8C4
:1033600047A3D3E9002302F0ABFE22462B4603F02D
:1033700059F845A3D3E9002302F0A2FE02460B460A
:103380004046494603F04EF8DDE9042304460D4665
:103390003046394602F094FEDDE9062303F042F898
:1033A00022462B4602F08CFE3246804689463B463A
:1033B0003046394603F036F800223E4BCDE90C0189
:1033C00002F07EFE42464B4602F07AFE02980D461F
:1033D000044622462B463046394603F023F822465F
:1033E0002B46CDE90801DDE9060103F01BF80022B8
:1033F00006460F46204629462E4B02F05FFEDDE9C9
:103400000C2302F05BFE02460B464046494602F0A2
:1034100055FEDDE9042303F005F802460B4630466D
:10342000394602F04DFE8046894642464B46DDE96C
:10343000080102F045FE029815A3D3E900230446D3
:103440000D4602F0EFFF14A3D3E90023CDE90601F6
:103450002046294602F0E6FFDDE9082306462BE078
:10346000EF4E454A287ECA3F65DBC9934A86CD3F69
:1034700001411DA96074D13F4D268F515555D53F4F
:10348000FFAB6FDBB66DDB3F033333333333E33FE7
:10349000000000E009C7EE3FF5015B14E02F3EBEDF
:1034A000000040438E98030079B60B0060260600AA
:1034B0000000F03F000008400F462046294602F079
:1034C000FDFD02460B464046494602F0F7FDBBA310
:1034D000D3E9002302F0A6FF02460B4630463946E8
:1034E00002F0EEFD0B9CB24B2344D3E9002302F023
:1034F000E7FDDDF804C0064660460F4602F02CFFEB
:10350000AC4B234493ED007B8046894632463B46D4
:10351000DDE906018DED047B02F0D2FDDDE9042337
:1035200002F0CEFD42464B4602F0CAFD02984246EA
:103530004B4604460D4602F0C1FDDDE9042302F0CE
:10354000BDFDDDE9062302F0B9FD02460B4630461B
:10355000394602F0B3FD0AF1FF3C5CEA0B0CCDE901
:10356000020140F0B6819FED7E7B8DED047B5BEC2C
:1035700019AB4FF0000A52465B4651EC190B02F0B2
:103580009DFD2B46224602F04DFFDDE902238046D9
:10359000894651EC190B02F045FF02460B464046A6
:1035A000494602F08DFD2B46CDE9020122465046E8
:1035B000594602F037FF06460F463B46DDE9020159
:1035C000324602F07DFD7C4B9942804689460D468D
:1035D00040F3508101F13F4303F5E003034340F022
:1035E000FF8161A3D3E90023DDE9020102F068FD58
:1035F000324682468B463B464046494602F05EFDD7
:1036000002460B465046594603F09CF9002840F00C
:10361000E781CC464FEA2C53A3F2FE334FF48010DF
:1036200018412844C0F30A51DFF898E1A1F2FF34B1
:103630004EFA04FEC1F58261C0F3130420EA0E03C2
:10364000033144F4801040FA01F1002D0691BCBF13
:103650004942069100223046394602F02FFD0646C7
:103660000F463246DDE902013B4602F029FD069C89
:1036700024050B9400243EA3D3E9002320460D46E5
:1036800002F0D0FE3246804689463B462046294617
:1036900002F014FD02460B46DDE9020102F00EFDC8
:1036A00035A3D3E9002302F0BDFE35A3D3E90023FF
:1036B00006460F462046294602F0B4FE02460B4657
:1036C0003046394602F0FCFC06460F4632463B4681
:1036D0004046494602F0F4FC42464B4604460D463D
:1036E00002F0ECFC02460B463046394602F0E6FC9E
:1036F000224682468B4620462B46294602F092FE01
:1037000021A3D3E9002306460F4602F08BFE20A337
:10371000D3E9002302F0D2FC32463B4602F082FE9F
:103720001DA3D3E9002302F0CBFC32463B4602F056
:1037300079FE1BA3D3E9002302F0C0FC32463B46CE
:1037400002F070FE18A3D3E9002302F0B9FC324660
:103750003B4602F067FE02460B46204634E000BFBF
:10376000000000000000F0BFFE822B654715973C6B
:1037700000000000432EE63FEF39FAFE422EE63FFE
:10378000396CA80C615C20BED0A4BE726937663E5D
:10379000F16BD2C541BDBB3E2CDE25AF6A56113F51
:1037A00093BDBE166CC1663F3E5555555555C53F38
:1037B0005026060040260600FFFF8F40FD033ADC3E
:1037C00009C7EE3FFFFF0F00294602F077FC0646CF
:1037D0000F4632463B462046294602F023FE002291
:1037E00080468946304639464FF0804302F066FCF9
:1037F00002460B464046494602F03EFF5246064608
:103800000F4620465B46294602F00CFE52465B46B8
:1038100002F056FC02460B463046394602F04EFC9A
:1038200022462B4602F04AFC02460B460020A249E3
:1038300002F044FC0B9C0B462144B1F5801F02466C
:10384000C0F209810B46DDE9040102F0EBFD41EC19
:10385000100B15E4002DFFF660AC9FED870B0FE415
:1038600051EC180B18EE102A0B4602F0DBFD41EC70
:10387000100B05E4914B21F0004C9C4540F3DD809A
:1038800001F17D5303F53C1303F55053034310D16D
:1038900032463B46CDF804C002F010FC02460B460F
:1038A000DDE9020103F03AF8DDF804C000283FF436
:1038B000B1AE73A3D3E90023DDE9040102F0B2FD48
:1038C0006FA3D3E9002302F0ADFD41EC100BFFF72D
:1038D000D7BB9FED6D7B8DED047B48E6002DBCDAF8
:1038E00019EE904A19EE102A04F1004343EC102B14
:1038F000FFF7C6BB53EC102B00206F4902F0BCFE53
:1039000041EC100BFFF7DDBB6D4B9945A2DD6A4B17
:1039100099453FF7FFAB51EC100B0022664B02F0CC
:10392000CDFB5BA3D3E9002304460D4602F07AFDEC
:1039300059A3D3E90023804689462046294602F050
:1039400071FD2246CDE902012B462046294602F0B0
:1039500069FD002206460F4620462946594B02F0D3
:1039600061FD02460B464EA1D1E9000102F0A6FB23
:1039700022462B4602F056FD02460B4600205249D5
:1039800002F09CFB02460B463046394602F04AFDE7
:1039900045A3D3E9002302F045FD02460B46DDE9CD
:1039A000020102F08BFB06460F4632463B4640467C
:1039B000494602F085FB002004460D4642464B4630
:1039C000C1E500273B4637E400221BE400203A49CA
:1039D00053EC182B02F050FE41EC100BFFF750BBDC
:1039E00033A3D3E90023DDE9040102F01BFD30A37A
:1039F000D3E9002302F016FD41EC100BFFF740BBAA
:103A0000BAF1010F7FF43CAB10EE901A10EE102AC1
:103A100001F1004343EC102BFFF732BB002C7FF485
:103A20003CABC3F58263033348FA03F202FA03F3B3
:103A3000434518D0A246FFF702BB234B9C453FF7F6
:103A4000E9ADCDF82CA0CDF818A013E64FF48027EF
:103A50000123FFF7F1BB43EC102B069802F0C4F8EA
:103A600053EC102BEFE602F00102C2F1020AFFF75D
:103A7000E6BA00BFAFF300800000000000000000C5
:103A800059F3F8C21F6EA501000000000000F03FCE
:103A9000000000604715F73F44DF5DF80BAE543E71
:103AA000555555555555D53FFE822B654715F73F62
:103AB0009C7500883CE4377E0000F03FFFCB9040CF
:103AC000FEFFEF3F0000D03F0000E03FAFF300807B
:103AD0002DE9F04F5BEC10AB994B2BF000479F4268
:103AE00091B0804640F38680964B9F4229DCBBF123
:103AF000000F51EC100B88A3D3E9002340F3A681FB
:103B000002F0DCFA904B9F4204460D4600F08A809A
:103B100083A3D3E9002302F0D1FA02460B46C8E999
:103B200000232046294602F0C9FA7DA3D3E90023E9
:103B300002F0C4FA0126C8E90201304611B0BDE81E
:103B4000F08F824B9F4240F38A80814B9F425CDC26
:103B50004FEA2759A9F21649A7EB095351EC100B6C
:103B600019461F4602F0F8FE02F0F6FB04460D4629
:103B700022462B4639465046CDE90A4502F09EFAC8
:103B80000022744B02F04EFC0F46064602F0E4FEA3
:103B900002F0E2FB04460D4622462B4630463946EB
:103BA000CDE90C4502F08AFA00226A4B02F03AFC99
:103BB00000220023CDE90E0102F09CFE002800F057
:103BC0007181002320462946002202F093FE00283E
:103BD00014BF0123022302225F49009201914A4649
:103BE0000AA8414600F018FFBBF1000FC0F24C815B
:103BF000064606E00022002388ED000BC0E9022300
:103C00000026304611B0BDE8F08F51EC100B10EEDD
:103C1000102A0B4602F052FA0026C8E90201C8E950
:103C20000001EEE740A3D3E9002302F047FA40A3E6
:103C3000D3E9002304460D4602F040FA02460B4643
:103C4000C8E900232046294602F038FA38A3D3E910
:103C5000002302F033FA0126C8E90201D1E7FDF79B
:103C60003BFF55EC104B10EE100A33A3D3E90023B1
:103C7000294602F0D7FB0022384B02F021FA02F06D
:103C80006BFE064602F068FB23A3D3E90023CDE9CF
:103C9000060102F0C7FB02460B462046294602F009
:103CA0000DFA1FA3D3E90023CDE90201DDE90601E6
:103CB00002F0B8FB1F2ECDE90401DDE9020151DC61
:103CC000274B721E53F82230BB424BD0DDE9042350
:103CD00002F0F4F904460D46C8E9004522462B4699
:103CE000DDE9020102F0EAF9DDE9042302F0E6F978
:103CF000BBF1000FC8E9020183DA274601F1004356
:103D000005F100447642C8F80070C8F80440C8F8CD
:103D10000800C8F80C3074E700004054FB21F93F5C
:103D20003163621A61B4D03D0000601A61B4D03DC5
:103D30007370032E8A19A33B83C8C96D305FE43FBB
:103D4000FB21E93F7BD90240FB21F93FFB213941AF
:103D5000FFFFEF7F00007041F02606000000E03F0B
:103D600070260600DDE9042302F0A8F93F15C1F32F
:103D70000A53FB1A04460D46102BC8E90045ADDD79
:103D80005DA3D3E90023DDE9060102F04BFB044605
:103D90000D4622462B46DDE9020102F08FF9CDE9FE
:103DA0000801DDE90823DDE9020102F087F9224676
:103DB0002B4602F083F952A3D3E9002304460D46B3
:103DC000DDE9060102F02EFB22462B4602F076F9D1
:103DD000CDE90401DDE90423DDE9080102F06EF913
:103DE000C1F30A53FF1A04460D46312FC8E90045B6
:103DF00078DD46A3D3E90023DDE9060102F012FBDA
:103E000004460D4622462B46DDE9080102F056F92C
:103E1000CDE90201DDE90223DDE9080102F04EF9F6
:103E200022462B4602F04AF93AA3D3E9002304467E
:103E30000D46DDE9060102F0F5FA22462B4602F0B6
:103E40003DF9CDE90401DDE902013FE702F038F96F
:103E50002D4B9F4204460D4626D025A3D3E90023CF
:103E600002F02EF902460B46C8E9002320462946F7
:103E700002F024F91EA3D3E9002302F021F94FF048
:103E8000FF36C8E90201BCE6D8F80420D8F80C30A7
:103E900002F1004203F100434642C8F80420C8F88A
:103EA0000C30AEE6032396E613A3D3E9002302F019
:103EB00007F913A3D3E9002304460D4602F000F9E5
:103EC00002460B46C8E900232046294602F0F6F8D0
:103ED0000BA3D3E9002302F0F3F84FF0FF36C8E953
:103EE00002018EE69DED087B8DED027BF6E600BFBC
:103EF0003163621A61B4D03D0000601A61B4D03DF4
:103F00007370032E8A19A33BFB21F93F0000002E9A
:103F10008A19A33BC14920259A837B39AFF30080DE
:103F20002DE9F84353EC102B23F00044240D614D90
:103F30002405AC422DED028BB0EE408AF0EE608A93
:103F4000194610EE100A00F09480002B74DD1F1546
:103F50007DD0A7F2FF37C1F31301FA0741F48011B6
:103F60005FD4C30F4FF0000C03EB410342007F10FE
:103F7000654616204FF400116C189C424FEAD27629
:103F80004FEA420202DC1B1B65188C44013806EB29
:103F900043034FEA5101EFD1804620264FF0004104
:103FA00009E023D0D40F013E4FEA510104EB430353
:103FB0004FEA42021ED0AB4201EB0804F1DD04F0EF
:103FC0000049B9F1004F04EB010809D0A9465B1B79
:103FD000944288BF03F1FF33121B08444D46E1E7CA
:103FE000B8F1000FF2DB05F10109F0E79442E6D9E0
:103FF0001D46D7E71A4319D146084FEA6C0101F173
:104000007F511CF0010F01F5001118BF46F000466A
:1040100001EB0753324643EC102BBDEC028BBDE89D
:10402000F883C30F03EB410140009AE7431C2ED0F5
:1040300000F001031844DFE723F000411143ECD006
:1040400063BB1F46C10A153F40050029FAD011F491
:1040500080131FD14900CC0203F10103FAD5C3F14B
:104060000102C3F1200420FA04F4214317449840CC
:104070006FE751EC100B02F0D5F953EC182B02F05E
:104080001FF8BDEC028B41EC100BBDE8F8830CF17E
:10409000010CB2E7202401220023E4E751EC100BCD
:1040A0000B4602F00BF802460B4602F0E5FA41EC33
:1040B000100BB2E70000F07F08B510EE102A22F0D6
:1040C0000043B3F17E5F2DED028B16D00CDCB3F113
:1040D0007C5F1FDAB3F10C5F70DCBDEC028BDFEDAF
:1040E000787AB0EE670A08BD30EE400AC0EE007A7A
:1040F000BDEC028BB0EE670A08BDBDEC028B9FEDF4
:10410000710ADFED717A002AD8BFF0EE407AB0EE86
:10411000670A08BD002AC0F28E80F7EE008A38EEEA
:10412000C00AF6EE007A20EE278AB0EE480A00F0C8
:10413000DFFA9FED667ADFED663ADFED664A9FEDC6
:10414000663A9FED664ADFED665A9FED665ADFEDEF
:10415000667A9FED666ADFED666AE8EE073AA8EEDA
:10416000034AE3EE884AA4EE085AE4EE885A10EEB9
:10417000103AE5EE887A23F47F6323F00F03A5EE6F
:10418000086A07EE103AE7EE886AE6EE088AB0EEB3
:10419000486AA7EE476A26EE888A70EE077AC8EE6C
:1041A000288AC6EE277AE8EE807ABDEC028B77EE9D
:1041B000277A77EEA77AB0EE670A08BD20EE007A7C
:1041C000DFED421ADFED422ADFED423A9FED422A4F
:1041D0009FED423A9FED426A9FED424ADFED424A2F
:1041E0009FED425ADFED425ADFED426ADFED427A3F
:1041F000E7EE212ABDEC028BE2EE873AA7EE023A07
:10420000A3EE876AA3EE074AE6EE074AA4EE075A32
:10421000E4EE875AB7EE006AA5EE076A25EE877AC4
:1042200087EE066AE0EE466A30EE660A77EEC07AFE
:10423000B0EE670A08BDB7EE003A30EE030AF6EEBC
:10424000007A60EE277A9FED212ADFED213ADFED3B
:10425000214ADFED212A9FED214ADFED215A9FED12
:10426000215ADFED216A9FED216A9FED217AE7EE69
:10427000823AA7EEA24AE3EEA74AA4EE275AE4EE5A
:10428000A75AA5EE276AE5EEA76AB0EE438AA6EE26
:10429000A77AA6EE278A67EE278AB0EE670A00F0B3
:1042A00027FA88EE888A9FED157ADFED157AA8EE59
:1042B000007AF0EE006A37EE000AE0EE667A17E761
:1042C000DB0FC93FDB0F49400000000008EF113849
:1042D000047F4F3A461124BD2EC69D3D613330BF49
:1042E000A80A4E3E2D57014090B0A6BE39D119C044
:1042F000ABAA2A3E6821A233DA0FC93F6821A2B3D4
:10430000DA0F494010EE902A22F00041B1F1FF4F40
:1043100038B5F0EE407A18DC10EE104A24F0004078
:10432000B0F1FF4F11DCB2F17E5F42D0951705F07E
:10433000020545EAD47568B9022D37D09FED3E0AD3
:10434000032D18BFB0EE670A38BD07EE102A37EE0E
:10435000270A38BD11B3B1F1FF4F2ED0B0F1FF4F96
:104360001CD0411AC9153C291DDC002A48DB07EE88
:10437000102A87EE870A01F09FFD01F0C5FC012D90
:1043800037D0022D2CD0002D3FD09FED2C7ADFEDC1
:104390002C7A30EE070A30EE670A38BD002C1CDBA1
:1043A0009FED280A38BD9FED270AE8E79FED240A14
:1043B00038BDBDE8384001F0A7BCB0F1FF4F25D0B3
:1043C000022DF3D0032D2ED0DFED1F7A9FED1F0AB3
:1043D000012D18BFB0EE670A38BD9FED1D0A38BD2C
:1043E0009FED167ADFED167A30EE070A37EEC00A37
:1043F00038BD10EE103A03F1004300EE103A38BD1C
:104400003C31B4DA9FED100AB9E738BD022D10D067
:10441000032D0BD0DFED0F7A9FED0F0A012D18BF92
:10442000B0EE670A38BD9FED040A38BD9FED0B0A58
:1044300038BD9FED0B0A38BDDB0F49C02EBDBB3325
:10444000DB0F4940DB0FC93F000000000000008087
:10445000DB0FC9BFDB0F493FDB0F49BFE4CB16C001
:10446000E4CB164070B510EE103A934A23F00044A6
:10447000944286B010EE106A054666DD8F4A94427B
:104480001ADC002BDFED8E7A8E4A24F00F0440F305
:10449000DB80944270EE677A66D09FED8B7A77EE80
:1044A000C76A012077EEE67AC5ED006A37EEC77A73
:1044B00085ED017A06B070BD844A944266DDB4F1A0
:1044C000FF4F49DAE215863AA4EBC25407EE104AD0
:1044D000FDEEC77ADFED7E6AF8EEE77A37EE677AAF
:1044E000CDED037A27EE267AFDEEC77AF8EEE77A6D
:1044F00037EE677ACDED047A27EE267AB5EE407A6C
:10450000F1EE10FA8DED057A40F0B180F5EE407ACB
:10451000F1EE10FA0CBF012302236E4902208DE850
:10452000030003A8294600F08DFF002E12DA95ED56
:10453000007AD5ED017AB1EE477AF1EE677A404222
:1045400085ED007AC5ED017A04E0002285ED000AD0
:104550004260002006B070BD70EE407A0020C5EDCC
:10456000017AC5ED007AF5E7DFED5B6A9FED5B7AD6
:1045700077EEE67A012077EEC76A77EEE67AC5ED48
:10458000006A37EEC77A85ED017AE3E701F094FC23
:10459000DFED536ADFED4A5ADFED4B7AB6EE007A73
:1045A000A0EE267ABDEEC77AF8EEC76A17EE100ABB
:1045B000B1EE666A1F28A6EE250A66EEA77A1DDC14
:1045C000484B411E24F0FF0253F821309A4215D087
:1045D00030EE677A85ED007A30EE470A002E70EEF5
:1045E000677AC5ED017AB5DAB1EE477AF1EE677A0E
:1045F00085ED007AC5ED017A4042ABE730EE677A8F
:10460000E41517EE102AC2F3C753E31A082BE1DDB5
:104610009FED317A9FED315AF0EE405AE6EE075A9F
:1046200070EE657AE6EE077AD6EE857A35EEE77AB1
:1046300017EE102AC2F3C753E41A192C2CDC85EDAF
:10464000007AB0EE650AC7E7944270EE277A10D080
:104650009FED1D7A77EE876A4FF0FF3077EEE67AAE
:10466000C5ED006A37EE877A85ED017A72E703239C
:1046700053E7DFED196A9FED197A77EEA67A4FF0CE
:10468000FF3077EE876A77EEE67AC5ED006A37EE9F
:10469000877A85ED017A5DE79FED137A9FED135AD6
:1046A000B0EE650AA6EE070A75EEC07AE6EE077A66
:1046B000D6EE857A8CE700BFD80F493FE3CB164092
:1046C000800FC93FD00FC93F43443537800F49435E
:1046D00000008043782806000044353708A3852E63
:1046E00084F9223FF827060000A3852E32318D245D
:1046F00010EE103A23F00042B2F1FF4F70B430D206
:104700006AB3002B3DDBB2F5000F4FEAE3512CD327
:10471000A1F17F02C3F31603D10743F4000348BF9E
:104720005B00002556105B002C4619214FF080726B
:10473000A018984202DC1B1A8418154401394FEA6C
:1047400043034FEA5202F3D113B105F001031D44B4
:104750006D1005F17C5505EBC65500EE105A70BC86
:104760007047A0EE000A70BC704713F400020DD130
:104770005B00180202F10102FAD5C2F101021144F4
:10478000C6E730EE400A80EE000AE8E70122114455
:10479000BEE700BF000000002DE9F04F57EC106BA2
:1047A0002DED028BB0EE418AF0EE618A27F00048D1
:1047B000B8F1795F83B010EE100A39466FDA02F073
:1047C000CBF8002800F0F38032463B4630463946AD
:1047D00001F028FE7AA3D3E9002304460D4601F038
:1047E00021FE79A3D3E9002301F06AFC22462B467F
:1047F00001F018FE76A3D3E9002301F05FFC224606
:104800002B4601F00FFE74A3D3E9002301F058FCFE
:1048100022462B4601F006FE71A3D3E9002301F0E6
:104820004DFC22462B4601F0FDFD6FA3D3E900238A
:1048300001F046FC22462B4601F0F4FD82468B46F1
:104840002046294600226E4B01F0ECFD5246804680
:1048500089465B462046294601F0E4FD53EC182BBF
:1048600004460D463046394601F0DCFD02460B4653
:104870002046294601F022FC02460B4640464946A6
:1048800001F01CFC02460B4600205E4901F016FCBC
:1048900041EC100B03B0BDEC028BBDE8F08F10EEC5
:1048A000102A3B4601F0BEFD45A3D3E90023044690
:1048B0000D4601F0B7FD44A3D3E9002301F000FC4D
:1048C00022462B4601F0AEFD41A3D3E9002301F0BF
:1048D000F5FB22462B4601F0A5FD3FA3D3E90023BB
:1048E00001F0EEFB22462B4601F09CFD3CA3D3E9F0
:1048F000002301F0E3FB22462B4601F093FD3AA38F
:10490000D3E9002301F0DCFB2B46224601F08AFDAF
:104910003D4B984582468B4692DD3C4B98453DDCAD
:10492000A8F500130022002036499046994601F070
:10493000C5FBCDE90001204629460022304B01F09D
:1049400071FD42464B4601F0B9FB5246804689460E
:104950005B462046294601F065FD53EC182B0446C2
:104960000D463046394601F05DFD02460B462046B5
:10497000294601F0A3FB02460B464046494601F09A
:104980009DFB02460B46DDE9000101F097FB41EC7F
:10499000100B03B0BDEC028BBDE8F08F9FED147BD4
:1049A0004FF000088DED007BDFF86490C3E79FEDCA
:1049B000120B03B0BDEC028BBDE8F08FAFF30080AB
:1049C000D43888BEE9FAA8BDC4B1B4BD9EEE213E7C
:1049D000AD529C804F7E923E9015CB19A001FA3EBD
:1049E0007751C1166CC1563F4C5555555555A53F8D
:1049F000000000000000E73F000000000000F03F62
:104A00000000E03F0000F03F3233D33F0000E93FB9
:104A10000000D23FAFF300802DE9F04FADF51B7DD4
:104A20001B4CA49E1B4D54F826400A94D41E85FBB3
:104A30000465E417C4EBA50424EAE4740C949B46D3
:104A40000490E34309910C980A990BF1FF3403EBAE
:104A50004303069402EBC303061B641808931BD49C
:104A6000A598344401340DF1880800EB8605002731
:104A700009E0E85901F070FC0136A642E8E80201BD
:104A800007F1040708D0002EF3DA00200021F3E735
:104A9000902B0600ABAAAA2A0A9C002C2BDB0A9CAE
:104AA00074AE22A806EBC40600EBCB0903960DF505
:104AB000E478069C002CC0F27781DDF810A04F4608
:104AC00000240025002677E90223FAE8020101F01C
:104AD000A9FC02460B462046294601F0F1FA0136B0
:104AE0005E4504460D46EED1E8E80245039EB0451A
:104AF00009F10809DDD10A9E03960EAC029404EB7D
:104B000086040D94039E9AAB4FEAC6094B44002ECF
:104B100053E928452BDD0DF1340A72A989440AEBCB
:104B2000860A0DF134080022A94B2046294601F0DF
:104B300079FC01F011FF01F00FFC0022A54B0646A5
:104B40000F4601F06FFC02460B462046294601F055
:104B5000B5FA01F001FF79E9022348F8040F39465C
:104B6000304601F0ADFAD04504460D46DBD145ECA8
:104B7000104B089801F038F855EC104B00224FF01C
:104B80007F5310EE100A294601F04CFC41EC100B4B
:104B9000FCF7AEFF002251EC100B8F4B01F042FCF2
:104BA00002460B462046294601F088FA04460D4687
:104BB00001F0D2FE804601F0CFFB02460B462046B4
:104BC000294601F07BFA089C002C06460F4640F36C
:104BD000B980039C0EAA611E089C52F82130C4F1D2
:104BE000180043FA00F2C4F1170502FA00F00EAC07
:104BF0001B1A44F82130904443FA05F5002D2BDDB3
:104C0000039C002C08F1010840F3D9800EAB03EBA4
:104C10008400002453F8041BC1F1FF1202F57F4207
:104C200014B9C1F1807211B143F8042C01248342FC
:104C3000F0D1089800280DDD012800F0A48002289A
:104C400008D103990EA84B1E50F82320C2F3150279
:104C500040F82320022D7DD0304639460022002323
:104C600001F048FE002800F0BD80039C0A9E04F17C
:104C7000FF394E450DDC0EA800EB84030D98002291
:104C800053F8041D834242EA0102F9D1002A40F0A0
:104C90004A820A9C0EAE621E56F82230002B40F06B
:104CA000408206EB8202012352F8041D01330029E1
:104CB000FAD0039C039E1C4406F1010AA2450B9402
:104CC0003DDC0C9C0B9BDDF81890B046A59EA044E3
:104CD000234472ACD14422A804EBCA0406EB83033C
:104CE00006EB880800EBC9090394079358F8040FF2
:104CF00001F032FB069E002EE9E802014FF00004AD
:104D00004FF0000514DBDDF810A04F46002677E9D0
:104D10000223FAE8020101F085FB02460B46204619
:104D2000294601F0CDF901365E4504460D46EED127
:104D3000039EE6E80245079C0396A045D6D10B9E4C
:104D40000396DFE629D1039C0EA8631E50F823507A
:104D5000ED1553E732463B460020204901F0AEF9FD
:104D600006460F46002C3FF477AF08989FED160BD0
:104D700000F03AFF3046394653EC102B01F09EF913
:104D800006460F4668E703990EA84B1E50F82320ED
:104D9000C2F3160240F823205CE70022104B01F01A
:104DA000C7FD20B9054657E7002400259CE6039C73
:104DB000002C4FF0020508F101083FF727AF00244F
:104DC00037E700BFAFF30080000000000000F03FB5
:104DD0000000703E00007041000020400000F03FE5
:104DE0000000E03F47EC106B089E06957042CDF83E
:104DF0001C8000F0F9FE55EC104B10EE100A29460D
:104E00000022B14B01F094FD002800F0B88100228F
:104E1000AE4B2046294601F005FB01F09DFD0646FC
:104E200001F09AFA0022A84B01F0FCFA02460B4668
:104E30002046294601F042F901F08EFD039C04F161
:104E40000109089C18340EA90894039C41F8240019
:104E500041F8296008989FED9A0B00F0C5FEB9F162
:104E6000000F55EC104B56DB09F101060EA872A994
:104E7000039600EB860701EBC60657F8040D01F018
:104E80006BFA22462B4601F0CDFA002266E90201B8
:104E90008E4B2046294601F0C5FA029A97420446F5
:104EA0000D46EAD172AB03EBC90B0DF5947ACDF840
:104EB0002090DDF82890CDF810A04FF00008B9F14F
:104EC000000FC0F22981DFF808A25F460024002508
:104ED000002601E0464510DCF7E80223FAE802016B
:104EE00001F0A0FA02460B462046294601F0E8F8F8
:104EF0000136B14504460D46ECDA049E06EBC803C4
:104F0000C3E90045039C08F101084445ABF1080BD7
:104F1000D5D1DDF82090A49E032E00F28C80DFE82E
:104F200016F0D900910091000400B9F1000F40F390
:104F300012810DF5947A4FEAC90B0AEB0B03D3E902
:104F4000006709F101030AEBC303039398460DF5CB
:104F5000987C01E026462F4618ED047B324651EC42
:104F6000170B3B46CDF804C08DED047B01F0A8F88B
:104F700004460D4622462B46DDE9040101F09EF869
:104F800032463B4601F09CF868E90201DDF804C0B6
:104F9000E04548E90245DDD1B9F1010F40F3038155
:104FA000DDF80CC0CDF810A0D344DBE900450AF1D0
:104FB000100BE24601E034463D465AE90489224698
:104FC0002B464046494601F07BF806460F463246DE
:104FD0003B464046494601F071F822462B4601F017
:104FE0006FF86AE90201DA454AE90267E3D1DDF8C0
:104FF00010A0039C0020002174E9022301F060F856
:10500000A345F9D1069C002C00F0AD80099EDAF88A
:105010000450DAF80C40DAF80020DAF80830326090
:1050200005F1004504F1004401F100427560F460AF
:10503000B36030617261079C04F007000DF51B7DC1
:10504000BDE8F08FB9F1000F4FF000004FF0000104
:105050000DF5947A09DB09F101040AEBC40474E943
:10506000022301F02DF85445F9D1069C0246002C8C
:1050700055D001F10043099EC6E9002302460B46C4
:10508000DAE9000101F01AF8B9F1000F08DD4CACC3
:1050900004EBC909F4E8022301F012F84C45F9D1F8
:1050A000069C0246002C74D0099E01F10043C6E91B
:1050B0000223079C04F007000DF51B7DBDE8F08F6F
:1050C000000000000000F03F000070410000703E52
:1050D000A02B0600B9F1000F4FF000004FF00001C7
:1050E0000ADB09F101044AAD05EBC40474E90223AB
:1050F00000F0E6FFAC42F9D1069C0246002C4DD0F0
:10510000099E01F10043C6E90023079C04F0070053
:105110000DF51B7DBDE8F08F00240025EDE60B4664
:10512000A9E70123C5E50EAE089C56F82930CDF855
:105130001C80183C06950894002B7FF48BAE06EB80
:105140008903224653F8041D09F1FF39183A002952
:10515000F8D008927EE6069C002000210DF5947A96
:10516000002C7FF453AFDAE90045DAE90223099E07
:10517000C6E90401C6E90045C6E902235BE720460B
:10518000294601F0E9FB0EAE039C46F82400A14637
:1051900060E6099E0B46C6E902238AE7099E0B4694
:1051A000C6E90023B1E7002000212BE7AFF3008020
:1051B0002DE9F04F55EC104B2DED028BB0EE418AEE
:1051C000F0EE618A25F00043B3F1795F83B0824647
:1051D00007DA10EE100A294601F0BEFB002800F0A5
:1051E0008C8022462B462046294601F01BF9224698
:1051F0002B4606460F4601F015F946A3D3E90023D6
:10520000804689463046394601F00CF943A3D3E97C
:10521000002300F053FF32463B4601F003F941A35F
:10522000D3E9002300F04CFF32463B4601F0FAF888
:105230003EA3D3E9002300F041FF32463B4601F094
:10524000F1F83CA3D3E9002300F03AFFCDE90001D7
:10525000BAF1000F37D051EC180B00222C4B01F0A3
:10526000E1F8DDE9002382468B464046494601F0DD
:10527000D9F802460B465046594600F01FFF324609
:105280003B4601F0CFF853EC182B00F017FF1EA39C
:10529000D3E9002306460F464046494601F0C2F8CE
:1052A00002460B463046394600F00AFF02460B46DE
:1052B0002046294600F002FF41EC100B03B0BDEC84
:1052C000028BBDE8F08FDDE900233046394601F05E
:1052D000A9F80DA3D3E9002300F0F0FE42464B46A7
:1052E00001F0A0F822462B4600F0EAFE41EC100B3C
:1052F00003B0BDEC028BBDE8F08F45EC104B03B062
:10530000BDEC028BBDE8F08F495555555555C53F4D
:105310000000E03F7CD5CF5A3AD9E53DEB9C2B8A83
:10532000E6E55A3E7DFEB157E31DC73ED561C11982
:10533000A0012A3FA6F810111111813FAFF30080A0
:1053400010EE103A23F00043B3F1485F2CDAFDEE83
:10535000C07A17EE903A002B60D060EE007ADFED55
:10536000314A9FED315ADFED315A9FED316ADFED61
:10537000316A9FED317AA7EEA45AE5EE275AA5EEE1
:10538000A76AE6EE276AA6EEA77A27EE277A20EE2E
:10539000C00AF6EE006AA7EE870AB7EE007A97EE2B
:1053A000A60A37EE400A704760EE007ADFED1D4A2C
:1053B0009FED1D5ADFED1D5A9FED1D6ADFED1D6A41
:1053C0009FED1D7A1D4AA7EEA45A9342E5EE275A97
:1053D000A5EEA76AE6EE276AA6EEA77A27EE277A59
:1053E000D5DD174A934214DC03F17F4306EE903A71
:1053F000F7EE005A75EEE65A60EEC00AB6EE006AA5
:10540000E7EE870AD7EE866A76EEE00A35EEE00A26
:105410007047F6EE075AF5EE026AEDE7B7EE000ABE
:10542000704700BF4ED747ADF6740F317CF293B48E
:10543000010DD037610BB6BAABAA2A3D9999993EB6
:105440000000483F2DE9F04F2DED048BD7B0A54C5F
:10545000649D039103F1FF3954F825801D46D31E46
:1054600048BF131DDB1023EAE3730493049EDB4360
:1054700002EBC303824619EB08000293C9EB060353
:1054800018D4659E184401301AA906EB8304002243
:10549000002BAABFA658DFED947A07EE106A03F13D
:1054A0000103A8BFF8EEC77A8342E1EC017A02F16A
:1054B0000402EDD1B8F1000F4FEA880B1DDB1AA8EA
:1054C00043AE00EB85045E4442A8B9F1000FC0F280
:1054D000AE81DFED857A514622460023F1EC016A68
:1054E00032ED017A0133AB42E6EE877AF6D1E0EC99
:1054F000017AB04204F10404E7D10DF1180C4446DE
:10550000CDF81480DFED7A8A9FED788ADDF8088087
:10551000E344A60056AB3344002C13ED140A1BDD04
:10552000ACF1040142AA3244314405AB60EE287A62
:10553000B0EE407AFDEEE77A72ED016AF8EEE77AB6
:10554000A7EEC87A37EEA60ABDEEC77A17EE100AA4
:1055500043F8040F8B42E9D14046CDF800C000F07B
:105560001FFDB0EE409AB4EE000A29EE000A00F0EA
:10557000ABFCF2EE007AA0EE679AB8F1000FDDF80E
:1055800000C0FDEEC99AF8EEE97A39EE679A40F369
:10559000A180611EC8F108005CF8213043FA00F2D6
:1055A00002FA00F01B1A4CF8213019EE901AC8F1DB
:1055B0000700114443FA00F009EE901A0190019B94
:1055C000002B2DDD19EE902A002C02F1010209EECC
:1055D000902A40F3408163460CEB0607002153F804
:1055E000042BC2F1FF0011B9C2F5807012B143F86B
:1055F000040C0121BB42F2D1B8F1000F0DDDB8F16E
:10560000010F00F00281B8F1020F06D1621E5CF8B2
:10561000223003F03F034CF82230019B022B69D06B
:10562000B5EE409AF1EE10FA78D10599671EB942AD
:105630000ADC6644002356F8042D5E4543EA020363
:10564000F9D1002B40F0B181059A531E5CF823205C
:10565000002A40F0A7810CEB83034FF0010E53F8B2
:10566000042D0EF1010E002AF9D0A644661C7645E1
:105670002EDC0498049F2044659C09EB06031AA9BC
:1056800004EB800001EB8304659B774442AA02EBA4
:10569000860603EB870750F8041F07EE901AF8EE12
:1056A000E77AB9F1000FE4EC017ADFED0F7A0BDB5A
:1056B000514622460023F1EC016A32ED017A0133B2
:1056C000AB42E6EE877AF6D1B842E6EC017AE2D157
:1056D00074461EE740F0A180631E5CF823301B1265
:1056E00001936CE7E02B06000000000000008043FF
:1056F0000000803BB7EE000A30EE499A00298FD0B7
:105700004046CDF800C000F04BFC39EE409ADDF881
:1057100000C0B5EE409AF1EE10FA86D0029BCDF8AB
:1057200000C0B0EE490A5842DDF8148000F038FCA1
:105730005FED127ADDF800C0B4EEE70AF1EE10FA80
:10574000C0F254811FED167A029A20EE077A671C88
:10575000BDEEC77A0832B8EEC77A0292A7EE670AA2
:10576000BDEEC77ABDEEC00A10EE103A4CF82430F8
:1057700017EE104A4CF827400298CDF800C0B7EE5B
:10578000000A00F00DFC002FDDF800C036DB7D1CA8
:10579000AA0042AE1FED2A7A0CEB0203324473EDED
:1057A000017AF8EEE77A634567EE807A20EE070A21
:1057B00062ED017AF3D142A800EB87040020B8F132
:1057C000000FC0F2E9809049DFED907A2246002375
:1057D00001E0834208DCF1EC016AB2EC017A0133AA
:1057E0009845E6EE877AF4DA56A901EB800301309A
:1057F0008542A4F1040443ED287AE0D1649C032C93
:105800007FD8DFE804F0B387872A621E5CF8223075
:1058100003F07F034CF82230FFE6F6EE007AB4EE98
:10582000E79AF1EE10FA0CDA00220192F8E6DFEDC9
:10583000777AE0EC017AB04204F104047FF445AEDB
:105840005BE619EE902A02210132002C019109EE4B
:10585000902A3FF7C0AE0021CEE6002F40F3B9807A
:10586000B90056AB7A1C2EAE0B4406EB820253ED08
:10587000287A2FA8134653ED026A36EEA77A76EE01
:10588000C76A76EEA76AF0EE477A63ED016A834253
:1058900003ED017AEFD1012F40F39B8056A801441C
:1058A00051ED287A134630A953ED026A36EEA77AF5
:1058B00076EEC76A76EEA76AF0EE477A63ED016A84
:1058C0008B4203ED017AEFD1DFED507A134633EDD1
:1058D000017A994277EE877AF9D1019C002C7DD02C
:1058E000DDED2E6A9DED2F7A039EF1EE677AF1EEE3
:1058F000666AB1EE477AC6ED027AC6ED006A86EDB9
:10590000017A19EE901A01F0070057B0BDEC048B34
:10591000BDE8F08F002F74DB2EAA7B1CDFED3B7AF5
:1059200002EB830333ED017A934277EE877AF9D164
:10593000019AA2B3B1EE677ADDED2E6A039B002FC8
:1059400083ED007A76EEE77A08DD2FAB03EB87076D
:10595000B3EC017ABB4277EE877AF9D1019C0CB1A6
:10596000F1EE677A039DC5ED017ACAE7002F45DBAA
:105970007B1C2EAADFED257A02EB830333ED017A3F
:10598000934277EE877AF9D1019E0EB1F1EE677AF4
:105990000399C1ED007AB4E7DFED1C7A24E7B0EE9D
:1059A000677AC9E74FF0010E5FE6029A5CF827308C
:1059B000DDF81480083A0292002B7FF4DDAE0CEB88
:1059C000870353F8041D013F083A0029F9D00292D9
:1059D000D2E6019CDFED0D7A002C81D1039D2E9A39
:1059E0002F9BC5ED027A2A606B608AE7BDEEC00A84
:1059F000274610EE105A4CF82450BDE6DFED037A2E
:105A0000C2E7DFED027A93E7EC2B0600000000000E
:105A100010EE103A23F00043B3F1485F04DAFDEED4
:105A2000C07A17EE903A23B360EE007A9FED155AD4
:105A30009FED156ADFED156A9FED157ADFED155ABA
:105A4000A7EE856A27EE805AE6EE276AA6EEA77AC9
:105A5000E7EE275A70B165EEC55AB6EE007AE0EE71
:105A6000875A9FED0D7AD5EEA70AE5EE070A30EECC
:105A7000600A70479FED097AA7EEA57AA7EE050A9E
:105A8000704700BFD3C92E2F342FD7B21BEF383643
:105A9000010D50B98988083CABAA2A3EABAA2ABEA0
:105AA00053EC102B43F0004000F58010C00F7047FE
:105AB00000207047000000009FED010B704700BF01
:105AC000000000000000F87FF0B553EC102BC3F38A
:105AD0000A50A0F2FF31132983B09C4610EE107AD1
:105AE0004FEAD37631DC00294FDB3D48084100EA1C
:105AF0000304144327D0400800EA030717430CD0DF
:105B00004FF4802C132923EA00004CFA01F140EAFB
:105B1000010C14BF00274FF00047324B03EBC606C1
:105B20003C46D6E90067634622463046394600F0D7
:105B3000C7FACDE9000132463B46DDE9000100F03D
:105B4000BDFA41EC100B03B0F0BD33290ADDB1F50D
:105B5000806FF8D151EC100B0B4600F0B1FA41EC1C
:105B6000100BF0E7A0F213404FF0FF31C14011429B
:105B7000E9D049081142D0D04FF0804722EA010114
:105B800047FA00F041EA0007C7E723F0004111435C
:105B9000D9D0C3F313010A43544214431148590C9A
:105BA000240B490404F4002400EBC60053EC102B32
:105BB00044EA0103D0E900452046294600F080FA76
:105BC000CDE900012B462246DDE9000100F076FA1E
:105BD00021F0004343EAC67141EC100BB3E700BF6C
:105BE000FFFF0F00182C060038B553EC102BC3F341
:105BF0000A510546184600293AD123F000431343C1
:105C000035D051EC100B3C4B3C4C002200F00AFC10
:105C1000A54241EC100B0B4651DBC3F30A51363958
:105C200018464C1940F2FE739C422ADDB0EE401A31
:105C3000F0EE601A9FED2C0B00F01EFA2AA3D3E9B8
:105C4000002351EC100B00F0EDFB41EC100B38BDC4
:105C500020F0FF4323F4E003363451EC100B002214
:105C600043EA0451264B00F0DDFB41EC100B38BD3C
:105C700040F2FF7399422AD04C1940F2FE739C42C5
:105C8000D4DC002C0ADD20F0FF4053EC102B20F474
:105C9000E00040EA045343EC102B38BD14F1350FFB
:105CA000D6DAB0EE401AF0EE601A4CF250339D4254
:105CB000C0DC9FED0F0B00F0DFF951EC100B0CA3D3
:105CC000D3E9002300F0AEFB41EC100B38BD51ECE2
:105CD000100B10EE102A0B4600F0F2F941EC100BFD
:105CE00038BD00BFAFF300809C7500883CE4377E70
:105CF00059F3F8C21F6EA50100005043B03CFFFFEE
:105D00000000903CAFF3008038B510EE105A25F03B
:105D10000044B4F1A14FF0EE407A0BDBB4F1FF4F39
:105D200056DCDFED527A9FED520A002DC8BFB0EE6F
:105D3000670A38BD4F4B9C4259DCB4F1445F4ADBE3
:105D40004FF0FF3367EEA76A9FED4B1A9FED4B2A8A
:105D50009FED4B3ADFED4B1ADFED4B2A9FED4B4A9F
:105D6000DFED4B3A9FED4B5ADFED4B4A9FED4B6A0F
:105D7000DFED4B5A26EEA67A5A1CA7EE012AE7EE73
:105D8000212AA2EE073AE2EE873AA3EE074AE3EEB3
:105D9000874AA4EE075AE4EE875AA5EE076A25EE75
:105DA000877A66EE266A3AD03E493F4A9B001944FC
:105DB00036EE877A91ED005A97EE275A1344002D5C
:105DC00093ED000A75EE677A30EE670A24DB38BD82
:105DD00030EE000A38BDDFED356A70EE266AB7EEA8
:105DE000007AF4EEC76AF1EE10FAA9DD38BD00F0D2
:105DF00063F82F4B9C4219DCA3F5D0039C422ADCAC
:105E0000F0EE007ABFEE007AA0EE277A002370EE63
:105E1000277AC7EE277A95E7B1EE400A38BD36EE0D
:105E2000877AB0EE670AA7EE670A38BD214B9C421D
:105E30000BDCF7EE087AB7EE007AA0EE277A0223A1
:105E400070EE677AC7EE877A7CE7FFEE007AC7EEDE
:105E5000807A032376E7B7EE007A70EE477A30EE69
:105E6000077A0123C7EE877A6CE700BFDB0FC93FD3
:105E7000DB0FC9BFFFFFDF3ED769853C59DA4B3DD9
:105E8000356B883D21A215BD6BF16EBD6E2EBA3DFE
:105E900095879DBD2549123E388EE3BDABAAAA3E2B
:105EA000CDCC4CBE282C0600382C0600CAF2497115
:105EB000FFFF973FFFFF1B4010EE102A22F0004328
:105EC00000EE103A704700BF10EE103A23F0004089
:105ED000C10D7F39162910B418DC00291C4622DBBD
:105EE0001E480841184214D0DFED1D7A70EE277A63
:105EF000F5EEC07AF1EE10FA0BDD002B21DB24EA7F
:105F0000000000EE100A5DF8044B7047B0F1FF4F3F
:105F100004D200EE103A5DF8044B704730EE000AF0
:105F20005DF8044B7047DFED0E7A70EE277AF5EEE0
:105F3000C07AF1EE10FAECDD002B08DB9FED090AC8
:105F4000E9E74FF4000343FA01F10C44D7E70028D6
:105F5000BFEE000A08BF00EE103ADCE7FFFF7F004B
:105F6000CAF249710000000010EE103A33F0004010
:105F700001D102207047A0F50003B3F1FE4F01D21A
:105F800004207047054B421E9A4201D803207047F7
:105F9000B0F1FF4358425841704700BFFEFF7F00F9
:105FA00008B510EE103A33F000412DED028B10EEE3
:105FB000102A11D0B1F1FF4F11D2B1F5000F13D358
:105FC000C90D0144FE2930DC00291CDD22F0FF420E
:105FD00042EAC15200EE102ABDEC028B08BDBDECB6
:105FE000028B30EE000A08BDDFED1E7A1E4A20EE5D
:105FF000277A904217EE103A22DBC3F3C75117EE0F
:10600000102A1939DDE711F1160F1EDA4CF2503261
:1060100090420ADC9FED158A00EE903AB0EE480AF5
:1060200000F03CF820EE080AD6E79FED118A00EE5A
:10603000903AB0EE480A00F031F820EE080ACBE7BB
:106040009FED0A0A27EE000AC6E7193122F0FF4247
:1060500042EAC152DFED077A07EE102A27EE270A3F
:10606000BAE700BF0000004CB03CFFFF6042A20D49
:10607000CAF249710000003330B451EC110B55ECF9
:10608000104B53EC102B25F0004001F0004141EA89
:10609000000343EC102B30BC704700BF10EE101A09
:1060A00021F0004210EE901A01F00043134300EE7D
:1060B000103A704781F0004102E000BF83F00043D6
:1060C00030B54FEA41044FEA430594EA050F08BF93
:1060D00090EA020F1FBF54EA000C55EA020C7FEA57
:1060E000645C7FEA655C00F0E2804FEA5454D4EBD4
:1060F0005555B8BF6D420CDD2C4480EA020281EA9E
:10610000030382EA000083EA010180EA020281EAD5
:106110000303362D88BF30BD11F0004F4FEA013127
:106120004FF4801C4CEA113102D0404261EB410136
:1061300013F0004F4FEA03334CEA133302D05242BC
:1061400063EB430394EA050F00F0A780A4F1010478
:10615000D5F1200E0DDB02FA0EFC22FA05F28018B2
:1061600041F1000103FA0EF2801843FA05F3594198
:106170000EE0A5F120050EF1200E012A03FA0EFC17
:1061800028BF4CF0020C43FA05F3C01851EBE37141
:1061900001F0004507D54FF0000EDCF1000C7EEB5E
:1061A00000006EEB0101B1F5801F1BD3B1F5001F9C
:1061B0000CD349085FEA30004FEA3C0C04F10104BB
:1061C0004FEA445212F5800F80F09A80BCF1004FE4
:1061D00008BF5FEA500C50F1000041EB045141EA66
:1061E000050130BD5FEA4C0C404141EB010111F467
:1061F000801FA4F10104E9D191F0000F04BF014612
:106200000020B1FA81F308BF2033A3F10B03B3F1EF
:1062100020020CDA0C3208DD02F1140CC2F10C027F
:1062200001FA0CF021FA02F10CE002F11402D8BFDD
:10623000C2F1200C01FA02F120FA0CFCDCBF41EAA9
:106240000C019040E41AA2BF01EB0451294330BD78
:106250006FEA04041F3C1CDA0C340EDC04F1140455
:10626000C4F1200220FA04F001FA02F340EA03002C
:1062700021FA04F345EA030130BDC4F10C04C4F172
:10628000200220FA02F001FA04F340EA0300294652
:1062900030BD21FA04F0294630BD94F0000F83F49C
:1062A000801306BF81F480110134013D4EE77FEA7F
:1062B000645C18BF7FEA655C29D094EA050F08BFCB
:1062C00090EA020F05D054EA000C04BF19461046AC
:1062D00030BD91EA030F1EBF0021002030BD5FEAF0
:1062E000545C05D14000494128BF41F0004130BD18
:1062F00014F580043CBF01F5801130BD01F000456C
:1063000045F0FE4141F470014FF0000030BD7FEADE
:10631000645C1ABF194610467FEA655C1CBF0B46D9
:10632000024650EA013406BF52EA033591EA030FF0
:1063300041F4002130BD00BF90F0000F04BF0021E8
:10634000704730B54FF4806404F132044FF000051B
:106350004FF0000150E700BF90F0000F04BF002194
:10636000704730B54FF4806404F1320410F00045FA
:1063700048BF40424FF000013EE700BF42004FEAF5
:10638000E2014FEA31014FEA02701FBF12F07F4372
:1063900093F07F4F81F06051704792F0000F14BF6F
:1063A00093F07F4F704730B54FF4607401F00045B3
:1063B00021F0004120E700BF50EA010208BF70470A
:1063C00030B54FF000050AE050EA010208BF7047FF
:1063D00030B511F0004502D5404261EB41014FF468
:1063E000806404F132045FEA915C3FF4DCAE4FF06C
:1063F00003025FEADC0C18BF03325FEADC0C18BF53
:10640000033202EBDC02C2F1200300FA03FC20FAA3
:1064100002F001FA03FE40EA0E0021FA02F11444F0
:10642000C1E600BF70B54FF0FF0C4CF4E06C1CEA05
:1064300011541DBF1CEA135594EA0C0F95EA0C0F7A
:1064400000F0DEF82C4481EA030621EA4C5123EAED
:106450004C5350EA013518BF52EA033541F480111C
:1064600043F4801338D0A0FB02CE4FF00005E1FBCF
:1064700002E506F00042E0FB03E54FF00006E1FB19
:1064800003569CF0000F18BF4EF0010EA4F1FF045C
:10649000B6F5007F64F5407404D25FEA4E0E6D419C
:1064A00046EB060642EAC62141EA55514FEAC520AD
:1064B00040EA5E504FEACE2EB4F1FD0C88BFBCF529
:1064C000E06F1ED8BEF1004F08BF5FEA500E50F1DA
:1064D000000041EB045170BD06F0004646EA0101A0
:1064E00040EA020081EA0301B4EB5C04C2BFD4EBD2
:1064F0000C0541EA045170BD41F480114FF0000ECB
:10650000013C00F3AB8014F1360FDEBF002001F038
:10651000004170BDC4F10004203C35DA0C341BDCB2
:1065200004F11404C4F1200500FA05F320FA04F084
:1065300001FA05F240EA020001F0004221F00041B8
:1065400010EBD37021FA04F642EB06015EEA430E2B
:1065500008BF20EAD37070BDC4F10C04C4F120055B
:1065600000FA04F320FA05F001FA04F240EA02000E
:1065700001F0004110EBD37041F100015EEA430EDF
:1065800008BF20EAD37070BDC4F1200500FA05F2FF
:106590004EEA020E20FA04F301FA05F243EA02037E
:1065A00021FA04F001F0004121FA04F220EA02008D
:1065B00000EBD3705EEA430E08BF20EAD37070BDD3
:1065C00094F0000F0FD101F00046400041EB0101B3
:1065D00011F4801F08BF013CF7D041EA060195F095
:1065E000000F18BF704703F00046520043EB03034F
:1065F00013F4801F08BF013DF7D043EA060370473C
:1066000094EA0C0F0CEA135518BF95EA0C0F0CD046
:1066100050EA410618BF52EA4306D1D181EA03018C
:1066200001F000414FF0000070BD50EA410606BF86
:106630001046194652EA430619D094EA0C0F02D1CB
:1066400050EA013613D195EA0C0F05D152EA033610
:106650001CBF104619460AD181EA030101F000412E
:1066600041F0FE4141F470014FF0000070BD41F077
:10667000FE4141F4780170BD70B54FF0FF0C4CF451
:10668000E06C1CEA11541DBF1CEA135594EA0C0F70
:1066900095EA0C0F00F0A7F8A4EB050481EA030EBD
:1066A00052EA03354FEA013100F088804FEA0333A4
:1066B0004FF0805545EA131343EA12634FEA022272
:1066C00045EA111545EA10654FEA00260EF0004133
:1066D0009D4208BF964244F1FD0404F5407402D285
:1066E0005B084FEA3202B61A65EB03055B084FEA16
:1066F00032024FF480104FF4002CB6EB020E75EB13
:10670000030E22BFB61A754640EA0C005B084FEA3A
:106710003202B6EB020E75EB030E22BFB61A7546B7
:1067200040EA5C005B084FEA3202B6EB020E75EB02
:10673000030E22BFB61A754640EA9C005B084FEA7A
:106740003202B6EB020E75EB030E22BFB61A754687
:1067500040EADC0055EA060E18D04FEA051545EA76
:1067600016754FEA06164FEAC30343EA52734FEA1F
:10677000C2025FEA1C1CC0D111F4801F0BD141EA98
:1067800000014FF000004FF0004CB6E711F4801FFD
:1067900004BF01430020B4F1FD0C88BFBCF5E06FDD
:1067A0003FF6AFAEB5EB030C04BFB6EB020C5FEAED
:1067B000500C50F1000041EB045170BD0EF0004E42
:1067C0004EEA113114EB5C04C2BFD4EB0C0541EA74
:1067D000045170BD41F480114FF0000E013C90E671
:1067E00045EA060E8DE60CEA135594EA0C0F08BF35
:1067F00095EA0C0F3FF43BAF94EA0C0F0AD150EA34
:1068000001347FF434AF95EA0C0F7FF425AF1046C6
:1068100019462CE795EA0C0F06D152EA03353FF4EE
:10682000FDAE1046194622E750EA410618BF52EA6B
:1068300043067FF4C5AE50EA41047FF40DAF52EA3F
:1068400043057FF4EBAE12E74FF0FF3C06E000BFDC
:106850004FF0010C02E000BF4FF0010C4DF804CDE9
:106860004FEA410C7FEA6C5C4FEA430C18BF7FEAA9
:106870006C5C1BD001B050EA410C0CBF52EA430CD7
:1068800091EA030F02BF90EA020F0020704710F157
:10689000000F91EA030F58BF994208BF90422CBFE6
:1068A000D8176FEAE37040F0010070474FEA410CDF
:1068B0007FEA6C5C02D150EA013C07D14FEA430CFD
:1068C0007FEA6C5CD6D152EA033CD3D05DF8040B6E
:1068D000704700BF8446104662468C4619466346A0
:1068E00000E000BF01B5FFF7B7FF002848BF10F177
:1068F000000F01BD4DF808EDFFF7F4FF0CBF0120BC
:1069000000205DF808FB00BF4DF808EDFFF7EAFF37
:1069100034BF012000205DF808FB00BF4DF808EDF2
:10692000FFF7E0FF94BF012000205DF808FB00BFE7
:106930004DF808EDFFF7CEFF94BF012000205DF871
:1069400008FB00BF4DF808EDFFF7C4FF34BF01207E
:1069500000205DF808FB00BF4FEA410212F500126B
:1069600015D211D56FF47873B3EB625212D94FEA96
:10697000C12343F0004343EA505311F0004F23FA80
:1069800002F018BF404270474FF00000704750EAD5
:10699000013005D111F0004008BF6FF00040704792
:1069A0004FF00000704700BF4A0011D212F50012EC
:1069B00011D20DD56FF47873B3EB62520ED44FEA57
:1069C000C12343F0004343EA505323FA02F07047D7
:1069D0004FF00000704750EA013002D14FF0FF3015
:1069E00070474FF0000070474FEA4102B2F1E043B8
:1069F00024BFB3F5001CDCF1FE5C0DD901F0004CA6
:106A00004FEAC0024CEA5070B2F1004F40EB8300F5
:106A100008BF20F00100704711F0804F21D113F121
:106A20003872BCBF01F00040704741F480114FEA5A
:106A30005252C2F11802C2F1200C10FA0CF320FAE3
:106A400002F018BF40F001004FEAC1234FEAD32300
:106A500003FA0CFC40EA0C0023FA02F34FEA43036A
:106A6000CCE77FEA625307D150EA01331EBF4FF0F3
:106A7000FE4040F44000704701F0004040F0FE400E
:106A800040F40000704700BF80F0004002E000BF0B
:106A900081F0004142001FBF5FEA410392EA030F09
:106AA0007FEA226C7FEA236C6AD04FEA1262D2EB53
:106AB0001363C1BFD218414048404140B8BF5B4258
:106AC000192B88BF704710F0004F40F4000020F0F1
:106AD0007F4018BF404211F0004F41F4000121F007
:106AE0007F4118BF494292EA030F3FD0A2F1010251
:106AF00041FA03FC10EB0C00C3F1200301FA03F18F
:106B000000F0004302D5494260EB4000B0F5000FB1
:106B100013D3B0F1807F06D340084FEA310102F170
:106B20000102FE2A51D2B1F1004F40EBC25008BF22
:106B300020F0010040EA03007047490040EB0000EC
:106B400010F4000FA2F10102EDD1B0FA80FCACF11B
:106B5000080CB2EB0C0200FA0CF0AABF00EBC2501A
:106B600052421843BCBFD0401843704792F0000F08
:106B700081F4000106BF80F400000132013BB5E75B
:106B80004FEA41037FEA226C18BF7FEA236C21D0D1
:106B900092EA030F04D092F0000F08BF0846704736
:106BA00090EA010F1CBF0020704712F07F4F04D104
:106BB000400028BF40F00040704712F100723CBF17
:106BC00000F50000704700F0004343F0FE4040F441
:106BD000000070477FEA226216BF08467FEA2363FF
:106BE0000146420206BF5FEA412390EA010F40F4EA
:106BF000800070474FF0000304E000BF10F0004336
:106C000048BF40425FEA000C08BF704743F096431C
:106C100001464FF000001CE050EA010208BF704737
:106C20004FF000030AE000BF50EA010208BF7047BE
:106C300011F0004302D5404261EB41015FEA010CD3
:106C400002BF84460146002043F0B64308BFA3F1CB
:106C50008053A3F50003BCFA8CF2083AA3EBC253AD
:106C600010DB01FA02FC634400FA02FCC2F12002CC
:106C7000BCF1004F20FA02F243EB020008BF20F003
:106C80000100704702F1200201FA02FCC2F1200269
:106C900050EA4C0021FA02F243EB020008BF20EA5E
:106CA000DC70704773B96AB9002908BF0028BCBFFF
:106CB00000204FF00041C4BF6FF000414FF0FF30A3
:106CC00000F08CB882B0EC462DE9005000F056F888
:106CD000DDF804E002B00CBC704700BF4BB942B90C
:106CE000002908BF002802D04FF0FF31084600F00D
:106CF00075B882B0EC462DE9005000F057F8DDF889
:106D000004E002B00CBC704707EE900AF5EEC07AC2
:106D1000F1EE10FA08B503D4BDE8084000F00AB857
:106D2000F1EE677A17EE900A00F004F8404261EB4A
:106D3000410108BD70B5FFF721FB00220D4B044651
:106D40000D46FFF76FFBFFF72FFE0646FFF7F4FA3D
:106D50000022094BFFF766FB02460B4620462946F8
:106D6000FFF7ACF9FFF720FE002242EA00042046BC
:106D7000314670BD0000F03D0000F0412DE9704348
:106D8000069E14461D468046894600F029F804FBFD
:106D900001F300FB0533A4FB00451D44B8EB0404DC
:106DA00069EB0505C6E90045BDE870832DE9704330
:106DB000069E1446804689461D4600F05DF900FB9C
:106DC00005F504FB0153A0FB04451D44B8EB040486
:106DD00069EB0505C6E90045BDE87083704700BF53
:106DE00000292DE9F00FC0F29F800024002BC0F293
:106DF0009680154606460F46002B3ED18A4257D94B
:106E0000B2FA82F34BB1C3F1200201FA03F720FA80
:106E100002F29D40174300FA03F6290CB7FBF1F28A
:106E2000330C01FB127CA8B243EA0C4700FB02F3CF
:106E3000BB4209D97F1902F1FF3C80F00181BB42BE
:106E400040F2FE80023A2F44FF1AB7FBF1F3B6B2CC
:106E500001FB137146EA014100FB03F0884208D9A7
:106E6000491903F1FF3780F0ED80884240F2EA8053
:106E7000023B43EA0242002303E08B420AD900238B
:106E80001A461046194614B1404261EB4101BDE873
:106E9000F00F7047B3FA83F8B8F1000F40F0848028
:106EA0008B4202D3824200F2DE8000230122E8E717
:106EB00012B90123B3FBF2F5B5FA85F2002A39D1F4
:106EC0007F1B280C1FFA85FC0123B7FBF0F1320C65
:106ED00000FB117742EA07470CFB01F2BA4207D9DF
:106EE0007F1901F1FF3802D2BA4200F2C180414657
:106EF000BF1AB7FBF0F2B6B200FB127046EA0040D0
:106F00000CFB02FC844507D9401902F1FF3702D27D
:106F1000844500F2AB803A4642EA0142B1E7E443DD
:106F2000524263EB430364E7404261EB41014FF09F
:106F3000FF345BE79540C2F1200327FA03F1280CE8
:106F400026FA03F39740B1FBF0F81F433B0C00FB1C
:106F500018111FFA85FC43EA01410CFB08F38B4230
:106F600006FA02F608D9491908F1FF3279D28B42A4
:106F700077D9A8F102082944C91AB1FBF0F3BFB2CE
:106F800000FB131147EA01470CFB03F2BA4207D991
:106F90007F1903F1FF3160D2BA425ED9023B2F4420
:106FA000BF1A43EA084390E7C8F1200203FA08FC3D
:106FB00025FA02F343EA0C0C4FEA1C4921FA02F3CA
:106FC00001FA08F720FA02F2B3FBF9F1174309FBC3
:106FD00011333A0C1FFA8CFB42EA03430BFB01FA14
:106FE0009A4505FA08F008D913EB0C0301F1FF32BA
:106FF00035D29A4533D902396344CAEB0303B3FB54
:10700000F9F209FB1233BFB247EA03470BFB02F95F
:10701000B94508D917EB0C0702F1FF331BD2B9456C
:1070200019D9023A674442EA0145A5FB0001C9EBC0
:1070300007078F424FF000030AD305D02A4620E706
:10704000624601E73B4614E706FA08F68642F5D2A7
:107050006A1E002315E71A46E5E70B46A0E711462E
:10706000CBE7904688E7434642460AE7023A53E7B1
:1070700002392F443CE700BF2DE9F00F14460546C6
:107080000E46002B43D18A4253D9B2FA82F757B148
:10709000C7F1200620FA06F601FA07F302FA07F410
:1070A0001E4300FA07F5210CB6FBF1F22B0C01FB95
:1070B0001267A0B243EA074600FB02F3B34209D9C4
:1070C000361902F1FF3780F0F680B34240F2F380C8
:1070D000023A2644F61AB6FBF1F3ADB201FB136196
:1070E00045EA014100FB03F0884208D9091903F180
:1070F000FF3680F0E280884240F2DF80023B43EAC4
:107100000242002310461946BDE8F00F70478B423B
:107110004AD8B3FA83F6002E4DD18B4202D3824275
:1071200000F2D6800023012210461946BDE8F00F78
:10713000704712B90124B4FBF2F4B4FA84F2002AC5
:107140007CD1091B260CA7B20123B1FBF6F02A0C57
:1071500006FB101142EA014107FB00F28A4207D9FF
:10716000091900F1FF3C02D28A4200F2C380604656
:10717000891AB1FBF6F2ADB206FB121145EA0145E0
:1071800007FB02F7AF4208D92C1902F1FF3180F05A
:107190009680A74240F29380023A42EA00421046AB
:1071A0001946BDE8F00F704700231A4610461946ED
:1071B000BDE8F00F7047C6F1200522FA05F4B34090
:1071C0001C434FEA144821FA05F301FA06F720FAA6
:1071D00005F5B3FBF8FC2F4308FB1C333D0C1FFAED
:1071E00084FA45EA03430AFB0CF9994502FA06FBC7
:1071F00004D91B190CF1FF326DD39446C9EB03037C
:10720000B3FBF8F508FB1533BFB247EA03470AFBA7
:1072100005F8B84504D93F1905F1FF3361D31D4680
:1072200045EA0C4CACFB0B23C8EB07079F424FF021
:10723000000549D345D062462B4663E79440C2F12E
:10724000200321FA03FC260C20FA03F301FA02F5CD
:10725000BCFBF6F843EA05010B0C06FB18CCA7B201
:1072600043EA0C4C07FB08F3634500FA02F509D921
:107270001CEB040C08F1FF323AD2634538D9A8F16F
:107280000208A444C3EB0C0CBCFBF6F389B206FB6A
:1072900013CC41EA0C4107FB03F28A4207D90919D2
:1072A00003F1FF3022D28A4220D9023B2144891ABD
:1072B00043EA084349E73A460CE733461FE70A46E4
:1072C0006BE7B0409042B6D20CF1FF32002319E7D1
:1072D0003346324616E799458FD9ACF1020C234468
:1072E0008CE7B8459BD9023D274499E70346DEE782
:1072F0009046C7E7023821443AE700BF014B1868BF
:10730000704700BFFC430020F8B500BFF8BC08BCC4
:107310009E467047F8B500BFF8BC08BC9E46704753
:1073200050EADA308883B89F604F15F30000C98EA9
:107330001B5B306D3A494E464F3A6F6E5F63747215
:107340006C70745F77726974653A206578656375EF
:10735000746520656E7465720D0A00001B5B306DEC
:107360003A494E464F3A52656365697665642069CD
:107370006E6469636174696F6E20737461746520F3
:1073800025642C206E6F74696669636174696F6E21
:107390002073746174652025640D0A0090450020F7
:1073A0002F55736572732F616C6C656E67616F2FFB
:1073B000446F776E6C6F6164732F45434536393780
:1073C0004C505F5475746F7269616C325F636F709B
:1073D000792F65787465726E616C2F73646B3133CD
:1073E0002F636F6D706F6E656E74732F626C652F97
:1073F000636F6D6D6F6E2F626C655F636F6E6E5F36
:1074000073746174652E63002F55736572732F61F9
:107410006C6C656E67616F2F446F776E6C6F616423
:10742000732F4543453639374C505F5475746F722E
:1074300069616C325F636F70792F65787465726E05
:10744000616C2F73646B31332F636F6D706F6E657A
:107450006E74732F626C652F636F6D6D6F6E2F622C
:107460006C655F7372765F636F6D6D6F6E2E630018
:107470002C470020084700202000000001000000E9
:1074800000000000010806019C4700200000FFFFEB
:10749000DEC0ADDEFF011EF1DEC0ADDEFE011EF17D
:1074A0001B5B306D000000005B253038645D000020
:1074B0004E52465F53554343455353004E52465F29
:1074C0004552524F525F5356435F48414E444C45DC
:1074D000525F4D495353494E470000004E52465F9C
:1074E0004552524F525F534F4654444556494345C7
:1074F0005F4E4F545F454E41424C454400000000F2
:107500004E52465F4552524F525F494E5445524E7D
:10751000414C00004E52465F4552524F525F4E4F13
:107520005F4D454D000000004E52465F4552524FA0
:10753000525F4E4F545F464F554E44004E52465F89
:107540004552524F525F4E4F545F535550504F5219
:10755000544544004E52465F4552524F525F494E89
:1075600056414C49445F504152414D004E52465F96
:107570004552524F525F494E56414C49445F535415
:10758000415445004E52465F4552524F525F494E5C
:1075900056414C49445F4C454E475448000000005A
:1075A0004E52465F4552524F525F494E56414C49EA
:1075B000445F464C414753004E52465F4552524F3E
:1075C000525F494E56414C49445F4441544100008A
:1075D0004E52465F4552524F525F444154415F53B1
:1075E000495A45004E52465F4552524F525F5449E8
:1075F0004D454F55540000004E52465F4552524F84
:10760000525F4E554C4C00004E52465F4552524F11
:10761000525F464F5242494444454E004E52465FE7
:107620004552524F525F494E56414C49445F414486
:10763000445200004E52465F4552524F525F4255EF
:10764000535900004E52465F4552524F525F4D4FC4
:1076500044554C455F4E4F545F494E495449414C47
:107660005A4544004E52465F4552524F525F4D5567
:107670005445585F494E49545F4641494C45440082
:107680004E52465F4552524F525F4D555445585FDA
:107690004C4F434B5F4641494C4544004E52465F78
:1076A0004552524F525F4D555445585F554E4C4FC1
:1076B000434B5F4641494C45440000004E52465FF3
:1076C0004552524F525F4D555445585F434F4E44BB
:1076D0005F494E49545F4641494C45440000000013
:1076E0004E52465F4552524F525F4D4F44554C45A6
:1076F0005F414C52454144595F494E495449414CC0
:10770000495A4544000000004E52465F4552524FD0
:10771000525F53544F524147455F46554C4C000011
:107720004E52465F4552524F525F4150495F4E4F55
:10773000545F494D504C454D454E54454400000062
:107740004E52465F4552524F525F46454154555244
:10775000455F4E4F545F454E41424C45440000004A
:107760004E52465F4552524F525F4452565F5457F5
:10777000495F4552525F4F56455252554E000000E8
:107780004E52465F4552524F525F4452565F5457D5
:10779000495F4552525F414E41434B004E52465F56
:1077A0004552524F525F4452565F5457495F4552BB
:1077B000525F444E41434B0000000000B07405008E
:1077C00001000000BC74050002000000DC7405002C
:1077D000030000000075050004000000147505009A
:1077E0000500000028750500060000003C75050036
:1077F0000700000054750500080000006C750500C6
:1078000009000000847505000A000000A07505004D
:107810000B000000B87505000C000000D0750500D5
:107820000D000000E47505000E000000F87505006D
:107830000F00000008760500100000001C7605000F
:107840001100000034760500800000004476050039
:10785000810000006476050082000000807605004B
:10786000830000009C76050084000000BC760500C3
:1078700085000000E076050086000000087705001E
:10788000900000002077050091000000407705007F
:10789000008200006077050001820000807705000B
:1078A000028200009C7705002F55736572732F616B
:1078B0006C6C656E67616F2F446F776E6C6F61647F
:1078C000732F4543453639374C505F5475746F728A
:1078D00069616C325F636F70792F65787465726E61
:1078E000616C2F73646B31332F636F6D706F6E65D6
:1078F0006E74732F6C69627261726965732F74693B
:107900006D65722F6170705F74696D65722E6300B2
:10791000616E64726F69642E636F6D3A706B67009D
:1079200054000000550000002F55736572732F61DD
:107930006C6C656E67616F2F446F776E6C6F6164FE
:10794000732F4543453639374C505F5475746F7209
:1079500069616C325F636F70792F65787465726EE0
:10796000616C2F73646B31332F636F6D706F6E6555
:107970006E74732F736F66746465766963652F63C5
:107980006F6D6D6F6E2F736F667464657669636576
:107990005F68616E646C65722F736F667464657680
:1079A0006963655F68616E646C65722E63000000D8
:1079B0001B5B313B33336D5344483A5741524E4978
:1079C0004E473A52414D2073746172742073686F50
:1079D000756C642062652061646A757374656420E7
:1079E000746F20307825782E0D0A00001B5B313B28
:1079F00033336D5344483A5741524E494E473A52F9
:107A0000414D2073697A652073686F756C642062DC
:107A1000652061646A757374656420746F203078C2
:107A200025782E0D0A0000001B5B313B33316D536E
:107A300044483A4552524F523A73645F626C655FF4
:107A4000656E61626C6528292072657475726E6559
:107A50006420756E65787065637465642076616C0A
:107A600075653A20307825782E0D0A005465726DC0
:107A7000696E616C00000000525454005345474742
:107A8000455200002F55736572732F616C6C656EE3
:107A900067616F2F446F776E6C6F6164732F45431E
:107AA000453639374C505F5475746F7269616C326A
:107AB0005F636F70792F65787465726E616C2F7378
:107AC000646B31332F636F6D706F6E656E74732FDF
:107AD000736F66746465766963652F636F6D6D6F30
:107AE0006E2F736F66746465766963655F68616E37
:107AF000646C65722F736F66746465766963655F25
:107B000068616E646C65725F61707073682E63008B
:107B1000FFFFFFFF02040608FFFFFFFF0204060845
:107B20000700080009000A000B000C000D000E0001
:107B30001000110013001500170019001C001F0091
:107B40002200250029002D00320037003C004200B1
:107B500049005000580061006B00760082008F00E1
:107B60009D00AD00BE00D100E600FD00170133010D
:107B7000510173019801C101EE01200256029202E7
:107B8000D4021C036C03C30324048E040205830582
:107B90001006AB0656071208E008C309BD0AD00B51
:107BA000FF0C4C0EBA0F4C110713EE1406175419A4
:107BB000DC1BA51EB6211525CA28DF2C5B314B36F0
:107BC000B93BB24144487E4F71572F60CE69627411
:107BD000FF7F000075191A0C6A231B1C1D1E1F2035
:107BE0007274433B4138393A696B6C376F77246D57
:107BF0006E7025262728292A34636467490000000F
:107C000068000004800041010000000133130000FF
:107C1000830000000040000000020000C800C8000F
:107C20000000A041000070420000003F6666663E12
:107C3000CDCC2C3F0000003F0000003F0A000000B8
:107C4000252335783A20252335780D0A00000000D9
:107C500052656164696E67204F54502052656769B0
:107C600073746572204572726F722E0A00000000F4
:107C7000416363656C204F54503A25642C20256481
:107C80002C2025640A000000414343454C3A4352EE
:107C900049544552494120410A000000426961733C
:107CA0005F53686966743D25372E34662C2042691F
:107CB00061735F5265673D25372E34662C2042691B
:107CC00061735F485753543D25372E34660D0A00C3
:107CD0004F54502076616C75653A2025372E3466F6
:107CE0000D0A0000726174696F3D25372E34662CD1
:107CF000207468726573686F6C643D25372E346636
:107D00000D0A0000414343454C204661696C204107
:107D1000786973203D2025640A00000041434345F3
:107D20004C3A435249544552494120420D0A000001
:107D30004D696E204D473A2025372E34660D0A00D6
:107D40004D6178204D473A2025372E34660D0A00C4
:107D5000426961735F73686966743D25372E3466C6
:107D60002C2073743D25372E34662C207265673DB8
:107D700025372E34660A0000416363656C20464156
:107D8000494C20617869733A2564203C3D203232A9
:107D9000356D67206F72203E3D203637356D670A9E
:107DA00000000000416363656C3A435249544552F8
:107DB000494120433A2062696173206C65737320E6
:107DC0007468616E2025372E34660A004641494C9E
:107DD00045443A20416363656C20617869733A25B4
:107DE00064203D20256C64203E203530306D670ACC
:107DF000000000004779726F204F54503A25642CE0
:107E00002025642C2025640D0A0000004759524F9C
:107E10003A435249544552494120410A000000006A
:107E20004779726F204661696C2041786973203D03
:107E30002025640A000000004759524F3A43524936
:107E4000544552494120420D0A0000004D617820FE
:107E50004450533A2025372E34660D0A00000000A6
:107E60004759524F204641494C20617869733A2561
:107E7000642067726561746572207468616E203673
:107E8000306470730A0000004779726F3A435249B8
:107E9000544552494120433A2062696173206C6520
:107EA0007373207468616E2025372E34660A0000D3
:107EB0004641494C45443A204779726F20617869C0
:107EC000733A2564203D20256C64203E20323064C6
:107ED00070730A005374617274696E67204269613D
:107EE00073204C6F6F702052656164730A0000004C
:107EF00053616D706C65733A2025640A00000000C0
:107F0000416363656C206F66667365742064617499
:107F1000612048575354206269743D25643A2025F6
:107F2000372E34662025372E34662025372E3466CA
:107F30000D0A00004779726F206F666673657420C2
:107F4000646174612048575354206269743D25640C
:107F50003A2025372E34662025372E3466202537E3
:107F60002E34660D0A0000005374617274696E67E6
:107F7000204D5055363530302048575354210D0A86
:107F80000000000052657472696576696E67204270
:107F900069617365730D0A0052657472696576696B
:107FA0006E6720426961736573204572726F72203B
:107FB0002D20706F737369626C65204932432065B0
:107FC00072726F720A000000526574726965766998
:107FD0006E67205354204269617365730A00000084
:107FE00052657472696576696E67205354204269E0
:107FF00061736573204572726F72202D20706F73EC
:108000007369626C6520493243206572726F720A2F
:1080100000000000416363656C2053656C6620546A
:1080200065737420526573756C74733A2025640A05
:10803000000000004779726F2053656C662054651C
:10804000737420526573756C74733A2025640A004A
:10805000436F6D706173732053656C662054657354
:108060007420526573756C74733A2025640A00009D
:1080700045786974696E6720485753540A000000B8
:10808000436F6D70617373206E6F7420666F756ED1
:10809000642E0A00000070000000002400000002AE
:1080A0000003000000650054FFEF0000FA80000BA1
:1080B00012820001030C30C30E8C8CE914D54002EF
:1080C00013710F8E3883F8833000F883258EF88380
:1080D0003000F883FFFFFFFF0FFEA9D62400040045
:1080E0001A8279A10000003CFFFF00000010000090
:1080F00038836FA2003E03304000000002CAE3094B
:108100003E80000020000000000000004000000051
:1081100060000000000C0000000C186E00000692C9
:108120000A16C0DFFFFF0256FD8CD377FFE1C4962D
:10813000E0C5BEAA00000000FFFF0B2B0000165791
:10814000000003594000000000001DFA00026C1DF1
:10815000000000003FFFDFEB003EB3B6000D2278C9
:1081600000002F3C00000000001942B5000039A2B9
:108170000000B365D90E9FC91DCF4C3430000000FC
:10818000500000003BB67AE80064000000C8000020
:1081900000000000100000001000FA921000225EA3
:1081A000000D229F0001000000320000FF46000089
:1081B00063D400001000000004D6000004CC0000CE
:1081C00004CC00000000107200000040000000001D
:1081D000000000000006000200050007000000008B
:1081E00000640000000000000000000500050064BD
:1081F000002000000000000000000000000040001F
:108200000000030000000032F8980000FF65000045
:10821000830F0000FF9BFC00000000000000000036
:10822000000000000000000000000000000000004E
:10823000000000000000000000000000000000003E
:108240000000100040000000000000060000B26ABC
:10825000000200000001FB830068000000D9FC0060
:108260007CF1FF830000000000650000006403E86B
:1082700000640028000000250000000016A0000097
:108280000000100000001000002F0000000001F4AA
:108290000000100000280000FFFF4581FFFFFA7278
:1082A0000000000000000000004400050005BAC600
:1082B000004778A200000001000000000000060056
:1082C000000000140000254D002F706D000005AE69
:1082D000000C02D0000000000000000000000000C0
:1082E00000000000001B0000000000000000000073
:1082F0000000000000640000000800000000000012
:10830000000000000000000000000000000000006D
:10831000000000000000000000000000000000005D
:10832000000000000000000000000000000000004D
:10833000000000000000000000000000000000003D
:10834000000000000000000000000000000000002D
:1083500000000000001B0000000000000000000002
:10836000000E000E00000AC70004000000000032EA
:10837000FFFFFF9C00000B2B00000002000000012B
:1083800000000064FFE500000000000000000000A5
:1083900000000000000000010000000000010000DB
:1083A000000000000001800000018000000180004A
:1083B000002426D30000000000000000000600108A
:1083C0000096003C000000000000000000000000DB
:1083D000000000000C0A4E68CDCF7709501667598F
:1083E000C619CE820000000000000000000000005E
:1083F00000000000000000000000000017D784000B
:10840000030000000000000000000000C7938F9DE3
:108410001E1B1C19000000000000000000000000EE
:1084200000000000000000000000000002031885AA
:1084300000004000000000030000000300000000F6
:1084400000000000400000000000000000000000EC
:10845000000000000000000000000000000000001C
:10846000000000000000000000000000000000000C
:108470000000000000000000677DDF7E72902E5536
:108480004CF6E6880000000000000000000000003C
:1084900000000000D8DCB4B8B0D8B9ABF3F8FAB338
:1084A000B7BB8E9EAEF132F51BF1B4B8B08097F138
:1084B000A9DFDFDFAADFDFDFF2AAC5CDC7A90CC9BC
:1084C0002C97F1A989264666B28999A92D557DB0C8
:1084D000B08AA896365676F1BAA3B4B280C0B8A8CE
:1084E0009711B28398BAA3F0240844106418B2B963
:1084F000B49883F1A329557DBAB5B1A38393F00055
:108500002850F5B2B6AA839328547CF1B9A382937C
:1085100061BAA2DADEDFDB819AB9AEF5606870F18C
:10852000DABAA2DFD9BAA2FAB9A38292DB31BAA22F
:10853000D9BAA2F8DF85A4D0C1BBAD83C2C5C7B884
:10854000A2DFDFDFBAA0DFDFDFD8D8F1B8AAB38DB2
:10855000B4980D355DB2B6BAAF8C96198F9FA70E41
:10856000161EB49AB8AA872C547CBAA4B08AB691C5
:10857000325676B28494A4C808CDD8B8B4B0F19974
:1085800082A82D557D98A80E161EA22C547C92A46C
:10859000F02C5078F184A898C4CDFCD80DDBA8FC51
:1085A0002DF3D9BAA6F8DABAA6DED8BAB2B686964C
:1085B000A6D0F3C841DAA6C8F8D8B0B4B882A89259
:1085C000F52C548898F135D9F418D8F1A2D0F8F9DF
:1085D000A884D9C7DFF8F883C5DADF69DF83C1D89B
:1085E000F40114F1A8824EA884F311D182F5D99236
:1085F000289788F109F41C1CD884A8F3C0F9D1D9B4
:108600009782F129F40DD8F3F9F9D1D982F4C20394
:10861000D8DEDF1AD8F1A2FAF9A88498D9C7DFF812
:10862000F8F883C7DADF69DFF883C3D8F40114F1FF
:1086300098A8822EA884F311D182F5D992509788F8
:10864000F109F41CD884A8F3C0F8F9D1D99782F1C4
:1086500049F40DD8F3F9F9D1D982F4C403D8DEDF97
:10866000D8F1AD8898CCA809F9D98292A8F57CF107
:10867000883ACF944A6E98DB6931DAADF2DEF9D8E8
:108680008795A8F221D1DAA5F9F417D9F1AE8ED0E9
:10869000C0C3AE82C684C3A88595C8A588F2C0F1C0
:1086A000F4010EF18E9EA8C63E56F554F18872F480
:1086B0000115F19845856EF58E9E0488F142985A11
:1086C0008E9E068869F4011CF1981E1108D0F504ED
:1086D000F11E970202983625DBF9D985A5F3C1DA98
:1086E00085A5F3DFD88595A8F309DAA5FAD8829293
:1086F000A8F578F1881A849F26889821DAF41DF36A
:10870000D8879F39D1AFD9DFDFFBF9F40CF3D8FA62
:10871000D0F8DAF9F9D0DFD9F9D8F40BD8F3879F7C
:1087200039D1AFD9DFDFF41DF3D8FAFCA869F9F924
:10873000AFD0DADEFAD9F88F9FA8F1CCF398DB45F9
:10874000D9AFDFD0F8D8F18F9FA8CAF38809DAAF84
:108750008FCBF8D8F2AD978D0CD9A5DFF9BAA6F377
:10876000FAF412F2D8950DD1D9BAA6F3FADAA5F235
:10877000C1BAA6F3DFD8F1BAB2B68696A6D0CAF3CC
:1087800049DAA6CBF8D8B0B4B8D8AD84F2C0DFF1DE
:108790008FCBC3A8B2B68696C8C1CBC3F3B0B4889A
:1087A00098A821DB718D9D71859521D9ADF2FAD8FC
:1087B0008597A828D9F408D8F28D29DAF405D9F2DA
:1087C00085A4C2F2D8A88D9401D1D9F411F2D8872A
:1087D00021D8F40AD8F28498A8C801D1D9F411D8C4
:1087E000F3A4C8BBAFD0F2DEF8F8F8F8F8F8F8F860
:1087F000D8F1B8F6B5B9B08A95A3DE3CA3D9F8D8BC
:108800005CA3D9F8D87CA3D9F8D8F8F9D1A5D9DFD9
:10881000DAFAD8B18530F7D9DED8F830ADDADED85B
:10882000F2B48C99A32D557DA083DFDFDFB591A035
:10883000F629D9FBD8A0FC29D9FAD8A0D051D9F86B
:10884000D8FC51D9F9D879D9FBD8A0D0FC79D9FA7C
:10885000D8A1F9F9F9F9F9A0DADFDFDFD8A1F8F842
:10886000F8F8F8ACDEF8ADDE8393AC2C547CF1A8BC
:10887000DFDFDFF69D2CDAA0DFD9FADB2DF8D8A8F0
:1088800050DAA0D0DED9D0F8F8F8DB55F8D8A878BF
:10889000DAA0D0DFD9D0FAF8F8F8F8DB7DF8D89C68
:1088A000A88CF530DB38D9D0DEDFA0D0DEDFD8A849
:1088B00048DB58D9DFD0DEA0DFD0DED8A868DB7077
:1088C000D9DFDFA0DFDFD8F1A888902C547C98A8EE
:1088D000D05C38D1DAF2AE8CDFF9D8B087A8C1C14C
:1088E000B188A8C6F9F9DA36D8A8F9DA36D8A8F9DD
:1088F000DA36D8A8F9DA36D8A8F9DA36D8F78D9D5D
:10890000ADF818DAF2AEDFD8F7ADFA30D9A4DEF957
:10891000D8F2AEDEFAF983A7D9C3C5C7F1889BA701
:108920007AADF7DEDFA4F8849408A797F300AEF2DF
:108930009819A488C6A39488F632DFF28393DB09E2
:10894000D9F2AADFD8D8AEF8F9D1DAF3A4DEA7F1CC
:10895000889B7AD8F38494AE19F9DAAAF1DFD8A803
:1089600081C0C3C5C7A39283F628ADDED9F8D8A3CA
:1089700050ADD9F8D8A378ADD9F8D8F8F9D1A1DAA3
:10898000DEC3C5C7D8A18194F818F2B089ACC3C5BD
:10899000C7F1D8B8B4B09786A8319B069907AB97B2
:1089A00028889BF00C201440B0B4B8F0A88A9A280C
:1089B0005078B79BA8295179247059446938644884
:1089C00031F1BBAB88002C547CF0B38BB8A80428E1
:1089D0005078F1B088B49726A85998BBABB38B02F6
:1089E000264666B0B8F08A9CA82951798B2951791E
:1089F0008A2470598B2058718A4469388B394068B1
:108A00008A6448318B30496088F1AC002C547CF08A
:108A10008CA804285078F1889726A85998AC8C0225
:108A2000264666F0899CA8295179247059446938F2
:108A3000644831A98809205970AB11384069A819D8
:108A40003148608CA83C415C207C00F187981986F5
:108A5000A86E767EA999882D557DD8B1B5B9A3DFCA
:108A6000DFDFAED0DFAAD0DEF2ABF8F9D9B087C431
:108A7000AAF1DFDFBBAFDFDFB9D8B1F1A3978E601A
:108A8000DFB084F2C8F8F9D9DED89385F14AB18312
:108A9000A308B5839A0810B79F10D8F1B0BAAEB04A
:108AA0008AC2B2B68E9EF1FBD9F41DD8F9D90CF169
:108AB000D8F8F8AD61D9AEFBD8F40CF1D8F8F8AD20
:108AC00019D9AEFBDFD8F416F1D8F8AD8D61D9F421
:108AD000F4ACF59C9C8DDF2BBAB6AEFAF8F40BD84B
:108AE000F1AED0F8AD51DAAEFAF8F1D8B9B1B6A31B
:108AF000839C08B9B1839AB5AAC0FD3083B79F1093
:108B0000B58B93F20202D1ABDADED8F1B080BAAB0A
:108B1000C0C3B284C1C3D8B1B9F38BA391B609B4B1
:108B2000D9ABDEB0879CB9A3DDF1B38B8B8B8B8B7C
:108B3000B087A3A3A3A3B28BB69BF2A3A3A3A3A3C3
:108B4000A3A3A3A3A3F1B087B59AA3F39BA3A3DC2C
:108B5000BAACDFB9A3A3A3A3A3A3A3A3A3A3A3A373
:108B6000A3A3A3A3D8D8D8BBB3B7F1AAF9DAFFD986
:108B7000809AAA28B48098A720B79787A86688F01B
:108B80007951F1902C870CA781976293F0717160F5
:108B900085940129517990A5F1284C6C870C951882
:108BA0008578A38390284C6C886CD8F3A28200F25D
:108BB00010A8921980A2F2D926D8F188A84DD948D8
:108BC000D896A83980D93CD89580A839A68698D956
:108BD0002CDA87A72CD8A8899519A980D938D8A8C4
:108BE0008939A980DA3CD8A82EA83990D90CD8A800
:108BF000953198D90CD8A809D9FFD801DAFFD895B2
:108C000039A9DA26FFD890A80D8999A81080982153
:108C1000DA2ED88999A83180DA2ED8A886963180A4
:108C2000DA2ED8A8873180DA2ED8A88292F3418034
:108C3000F1D92ED8A882F31980F1D92ED882ACF3BD
:108C4000C0A28022F1A62EA72EA92298A829DAACCC
:108C5000DEFFD8A2F22AF1A92E8292A8F23180A6D4
:108C600096F1D900AC8C9C0C30ACDED0DEFFD88CF9
:108C70009CACD010ACDE8092A2F24C82A8F1CAF279
:108C800035F19688A6D900D8F1FF00004CCD6C00D4
:108C90000CC92C003656760026466600FEF2ABC4A0
:108CA000AAF1DFDFBBAFDFDFB8AAB38DB4980D3513
:108CB0005D000000B8AAAAAAB088C3C5C70000001A
:108CC000D8B1B9F38BA391B609B4D900DAB1B9F32D
:108CD0008BA391B6DAB4DA004D504C00556E616248
:108CE0006C6520746F2061646420666561747572C0
:108CF000652063616C6C6261636B20617320746FCB
:108D00006F206D616E79207765726520616C726588
:108D100061647920726567697374657265640A00BD
:108D200025737C25737C25642072657475726E6969
:108D30006E672025640A00002F55736572732F61DA
:108D40006C6C656E67616F2F446F776E6C6F6164DA
:108D5000732F4543453639374C505F5475746F72E5
:108D600069616C325F636F70792F6C6962732F6514
:108D70004D44362F636F72652F6D6C6C6974652F6F
:108D80006D706C2E63000000696E765F696E6974A9
:108D90005F6D706C00000000696E765F73746172C5
:108DA000745F6D706C00000001001A19000040082B
:108DB0002828060000010000505A0020505C0020C6
:108DC0000000010101010101010101010101010195
:108DD0000101010202020202020202020303030372
:108DE0000303030404040404040505050606070739
:108DF000080809090A0B0C0D0D0E0F101213161995
:108E00001C2024282C2F3335383A3C3E4042434521
:108E100047484A4C4D4F515254555556565657583F
:108E200058595A5B5B5C5D5E5F60616263646400BD
:108E300000300040000000001B5B313B33316D6DA2
:108E400061696E202020202020202020203A4552D9
:108E5000524F523A206964203D2025642C207063D3
:108E6000203D2025642C2066696C65203D202573FB
:108E70002C206C696E65206E756D6265723A2025D6
:108E8000642C206572726F7220636F6465203D20D0
:108E90002564203D202573200D0A00001B5B306DEA
:108EA0006D61696E202020202020202020203A495A
:108EB0004E464F3A456E746572696E6720736C65F5
:108EC0006570206D6F6465200D0A00002F55736575
:108ED00072732F616C6C656E67616F2F446F776E74
:108EE0006C6F6164732F4543453639374C505F547E
:108EF00075746F7269616C325F636F70792F707215
:108F00006F6A6563742F70636132303032305F7323
:108F10003133322F6D61696E2E6300001B5B313B74
:108F200033336D6D61696E202020202020202020A9
:108F3000203A5741524E494E473A73645F706F77FB
:108F400065725F73797374656D5F6F66662829203B
:108F500072657475726E65642E202D50726F626139
:108F6000626C792064756520746F20646562756732
:108F7000676572206265696E6720757365642E206F
:108F8000496E737472756374696F6E732077696C60
:108F90006C207374696C6C2072756E2E200D0A0043
:108FA0001B5B313B33336D6D61696E2020202020C7
:108FB00020202020203A5741524E494E473A4578CA
:108FC00065632073746F707065642C2062757379AB
:108FD0002077616974200D0A000000001B5B306D72
:108FE0006D61696E202020202020202020203A4919
:108FF0004E464F3A566F6C746167653A202564207F
:10900000562C204368617267653A20256420252527
:109010002C204576656E7420747970653A2025643D
:10902000200D0A001B5B313B33336D6D61696E208F
:109030002020202020202020203A5741524E494E07
:10904000473A4261747465727920766F6C74616717
:1090500065206C6F772C207368757474696E672057
:10906000646F776E205468696E67792E20436F6E47
:109070006E6563742055534220746F20636861727B
:109080006765200D0A0000001B5B306D6D61696E25
:10909000202020202020202020203A494E464F3AF0
:1090A0001B5B313B33326D5468696E67795F626C6C
:1090B000655F6576745F636F6E6E6563746564206B
:1090C0000D0A00001B5B306D6D61696E2020202051
:1090D0002020202020203A494E464F3A1B5B313B4E
:1090E00033336D5468696E67795F626C655F65766E
:1090F000745F646973636F6E6E6563746564200D7D
:109100000A0000001B5B306D6D61696E202020201D
:109110002020202020203A494E464F3A1B5B313B0D
:1091200033336D5468696E67795F626C655F65762D
:10913000745F74696D656F7574200D0A000000001E
:109140001B5B306D6D61696E202020202020202067
:1091500020203A494E464F3A1B5B313B33326D3D3E
:109160003D3D3D3D205468696E677920737461729E
:1091700074656421203D3D3D3D3D0D0A0000000029
:109180003E000000308E05008C91050008000000B4
:109190000700000000006806060000002F557365F8
:1091A00072732F616C6C656E67616F2F446F776EA1
:1091B0006C6F6164732F4543453639374C505F54AB
:1091C00075746F7269616C325F636F70792F736F42
:1091D000757263652F626C655F736572766963652E
:1091E000732F626C655F7463732E6300420074A911
:1091F000FF52109B3349359B000068EF2F55736574
:1092000072732F616C6C656E67616F2F446F776E40
:109210006C6F6164732F4543453639374C505F544A
:1092200075746F7269616C325F636F70792F736FE1
:10923000757263652F626C655F73657276696365CD
:10924000732F626C655F7465732E6300420074A9AE
:10925000FF52109B3349359B000068EF2F55736513
:1092600072732F616C6C656E67616F2F446F776EE0
:109270006C6F6164732F4543453639374C505F54EA
:1092800075746F7269616C325F636F70792F736F81
:10929000757263652F626C655F736572766963656D
:1092A000732F626C655F746D732E6300420074A946
:1092B000FF52109B3349359B000068EF2F557365B3
:1092C00072732F616C6C656E67616F2F446F776E80
:1092D0006C6F6164732F4543453639374C505F548A
:1092E00075746F7269616C325F636F70792F736F21
:1092F000757263652F626C655F736572766963650D
:10930000732F626C655F7473732E6300420074A9DF
:10931000FF52109B3349359B000068EF2F55736552
:1093200072732F616C6C656E67616F2F446F776E1F
:109330006C6F6164732F4543453639374C505F5429
:1093400075746F7269616C325F636F70792F736FC0
:10935000757263652F626C655F73657276696365AC
:10936000732F626C655F7569732E6300420074A988
:10937000FF52109B3349359B000068EF2F557365F2
:1093800072732F616C6C656E67616F2F446F776EBF
:109390006C6F6164732F4543453639374C505F54C9
:1093A00075746F7269616C325F636F70792F736F60
:1093B000757263652F647269766572732F64727655
:1093C0005F6163635F6C69733364682E63000000E0
:1093D0001B5B313B33336D6472765F6163635F6C3B
:1093E00069733364683A5741524E494E473A457261
:1093F0007220636F64652072657475726E65642097
:10940000696E2066696C653A2025732C206C696E44
:10941000653A2025642C20636F6465202564200D47
:109420000A0000002F094000080000001B5B313BD0
:1094300033336D6472765F6163635F6C6973336449
:10944000683A5741524E494E473A4E6F2070696E06
:1094500020636F6E6669677572656420666F72203F
:109460004350552077616B65200D0A002F557365B9
:1094700072732F616C6C656E67616F2F446F776ECE
:109480006C6F6164732F4543453639374C505F54D8
:1094900075746F7269616C325F636F70792F736F6F
:1094A000757263652F647269766572732F64727664
:1094B0005F6268313734352E630000001B5B313B3F
:1094C00033336D6472765F62683137343520202023
:1094D000203A5741524E494E473A45727220636FC7
:1094E00064652072657475726E656420696E2066AD
:1094F000696C653A2025732C206C696E653A2025CD
:10950000642C20636F6465202564200D0A00000030
:109510002F55736572732F616C6C656E67616F2F69
:10952000446F776E6C6F6164732F454345363937EE
:109530004C505F5475746F7269616C325F636F7009
:10954000792F736F757263652F64726976657273B4
:109550002F6472765F636F6C6F722E630000000081
:109560001B5B313B33336D6472765F636F6C6F727C
:1095700020202020203A5741524E494E473A45720A
:109580007220636F64652072657475726E65642005
:10959000696E2066696C653A2025732C206C696EB3
:1095A000653A2025642C20636F6465202564200DB6
:1095B0000A0000001B5B313B33316D6472765F65DE
:1095C00078745F6770696F20203A4552524F523A63
:1095D00050696E206E756D626572206F7574206FB4
:1095E000662072616E67652E2050696E206E756D03
:1095F0006265723A2025640D0A0000001B5B313B56
:1096000033316D6472765F6578745F6770696F205F
:10961000203A4552524F523A4C696E653A202564C1
:109620002C2077697468206572726F7220636F6492
:1096300065202564200D0A001B5B313B33316D64CE
:1096400072765F6578745F6770696F20203A455263
:10965000524F523A50696E2076616C756573206F77
:109660007574206F662072616E67652E2050696E7A
:109670002076616C75653A2025640D0A00000000B3
:109680001B5B313B33316D6472765F6578745F6765
:1096900070696F20203A4552524F523A50696E20FD
:1096A0006D61736B206F7574206F662072616E67D9
:1096B000652E2050696E206D61736B3A2025780D00
:1096C0000A0000001B5B313B33316D6472765F65CD
:1096D00078745F6770696F20203A4552524F523A52
:1096E00050696E206D61736B206973207A65726FAB
:1096F0002E2050696E206D61736B3A2025780D0A1B
:1097000000000000000100012F55736572732F6186
:109710006C6C656E67616F2F446F776E6C6F616400
:10972000732F4543453639374C505F5475746F720B
:1097300069616C325F636F70792F736F75726365E7
:109740002F647269766572732F6472765F657874C0
:109750005F6C696768742E63000000001B5B313B1F
:1097600033336D6472765F6578745F6C69676874B3
:10977000203A5741524E494E473A45727220636F24
:1097800064652072657475726E656420696E20660A
:10979000696C653A2025732C206C696E653A20252A
:1097A000642C20636F6465202564200D0A0000008E
:1097B000010204001B5B313B33316D6472765F65DF
:1097C00078745F6C69676874203A4552524F523A18
:1097D00056616C6964206C696768742069642063F1
:1097E0006865636B206661696C65643A20776974AB
:1097F00068206572726F7220636F64652025640D46
:109800000A0000002F55736572732F616C6C656ED2
:1098100067616F2F446F776E6C6F6164732F454380
:10982000453639374C505F5475746F7269616C32CC
:109830005F636F70792F736F757263652F647269E0
:10984000766572732F6472765F6761735F73656E9E
:10985000736F722E630000001B5B313B33336D640A
:1098600072765F6761735F73656E736F723A5741AB
:10987000524E494E473A45727220636F64652072BA
:10988000657475726E656420696E2066696C653AF0
:109890002025732C206C696E653A2025642C20638A
:1098A0006F6465202564200D0A0000001B5B313BBE
:1098B00033316D6472765F6761735F73656E736F6A
:1098C000723A4552524F523A4572726F7220667226
:1098D0006F6D204343533831312C20636F64653AF8
:1098E00020307825782C206C696E653A202564201C
:1098F0000D0A00002F55736572732F616C6C656ED5
:1099000067616F2F446F776E6C6F6164732F45438F
:10991000453639374C505F5475746F7269616C32DB
:109920005F636F70792F736F757263652F647269EF
:10993000766572732F6472765F6874733232312E7B
:10994000630000001B5B313B33336D6472765F68EC
:109950007473323231202020203A5741524E494E02
:10996000473A45727220636F646520726574757240
:109970006E656420696E2066696C653A2025732CDB
:10998000206C696E653A2025642C20636F64652025
:109990002564200D0A0000002F55736572732F6136
:1099A0006C6C656E67616F2F446F776E6C6F61646E
:1099B000732F4543453639374C505F5475746F7279
:1099C00069616C325F636F70792F736F7572636555
:1099D0002F647269766572732F6472765F68756D35
:1099E00069646974792E63001B5B313B33336D64AA
:1099F00072765F68756D696469747920203A5741A1
:109A0000524E494E473A45727220636F6465207228
:109A1000657475726E656420696E2066696C653A5E
:109A20002025732C206C696E653A2025642C2063F8
:109A30006F6465202564200D0A0000001B000000F3
:109A40001B8000841B0000002F55736572732F610B
:109A50006C6C656E67616F2F446F776E6C6F6164BD
:109A6000732F4543453639374C505F5475746F72C8
:109A700069616C325F636F70792F736F75726365A4
:109A80002F647269766572732F6472765F6C70737F
:109A9000323268622E6300001B5B313B33336D64EE
:109AA00072765F6C7073323268622020203A5741C0
:109AB000524E494E473A45727220636F6465207278
:109AC000657475726E656420696E2066696C653AAE
:109AD0002025732C206C696E653A2025642C206348
:109AE0006F6465202564200D0A0000002F55736502
:109AF00072732F616C6C656E67616F2F446F776E48
:109B00006C6F6164732F4543453639374C505F5451
:109B100075746F7269616C325F636F70792F736FE8
:109B2000757263652F647269766572732F647276DD
:109B30005F6D69632E6300001B5B313B33336D64E3
:109B400072765F6D6963202020202020203A5741E3
:109B5000524E494E473A43616E6E6F74207363688C
:109B60006564756C6520617564696F206672616DEE
:109B700065207472616E736D697373696F6E210D08
:109B80000A0000001B5B313B33336D6472765F6DFE
:109B90006963202020202020203A5741524E494E10
:109BA000473A6D5F617564696F5F6275666665727D
:109BB0005F68616E646C65723A2042554646455254
:109BC0002046554C4C21210D0A0000001B5B313B07
:109BD00033336D6472765F6D69632020202020200E
:109BE000203A5741524E494E473A45727220636FB0
:109BF00064652072657475726E656420696E206696
:109C0000696C653A2025732C206C696E653A2025B5
:109C1000642C20636F6465202564200D0A00000019
:109C2000654D504C20352E31000000002F557365D6
:109C300072732F616C6C656E67616F2F446F776E06
:109C40006C6F6164732F4543453639374C505F5410
:109C500075746F7269616C325F636F70792F736FA7
:109C6000757263652F647269766572732F6472769C
:109C70005F6D6F74696F6E2E630000001B5B313B7C
:109C800033336D6472765F6D6F74696F6E20202060
:109C9000203A5741524E494E473A45727220636FFF
:109CA00064652072657475726E656420696E2066E5
:109CB000696C653A2025732C206C696E653A202505
:109CC000642C20636F6465202564200D0A00000069
:109CD00004F51D0170C918FC2CD1AFE6246F0020DB
:109CE000446F0020646F00202F55736572732F61DD
:109CF0006C6C656E67616F2F446F776E6C6F61641B
:109D0000732F4543453639374C505F5475746F7225
:109D100069616C325F636F70792F736F7572636501
:109D20002F647269766572732F6472765F6D7075D9
:109D3000393235302E6300001B5B313B33316D64AB
:109D400072765F6D7075393235302020203A455279
:109D5000524F523A6472765F6D7075393235305FAA
:109D60007772697465204661696C6564210D0A002B
:109D70001B5B313B33316D6472765F6D70753932C8
:109D800035302020203A4552524F523A6472765F65
:109D90006D7075393235305F726561642046616976
:109DA0006C6564210D0A00001B5B306D6472765F88
:109DB0006E6663202020202020203A494E464F3AEC
:109DC0004E4643206669656C64206F6E200D0A0064
:109DD0001B5B306D6472765F6E66632020202020EE
:109DE00020203A494E464F3A4E4643206669656CFC
:109DF00064206F6666200D0A000000002F55736511
:109E000072732F616C6C656E67616F2F446F776E34
:109E10006C6F6164732F4543453639374C505F543E
:109E200075746F7269616C325F636F70792F736FD5
:109E3000757263652F647269766572732F647276CA
:109E40005F6E66632E6300001B5B313B33336D64D2
:109E500072765F6E6663202020202020203A5741D2
:109E6000524E494E473A45727220636F64652072C4
:109E7000657475726E656420696E2066696C653AFA
:109E80002025732C206C696E653A2025642C206394
:109E90006F6465202564200D0A0000001B5B306D97
:109EA0006472765F6E6663202020202020203A496D
:109EB0004E464F3A4E464320746F74616C206D6578
:109EC00073736167652073697A6520256420627900
:109ED000746573200D0A00001B5B306D6472765F41
:109EE0006E6663202020202020203A494E464F3ABB
:109EF0004E46432075736564206D657373616765B5
:109F00002073697A65202564206279746573200D59
:109F10000A000000656E00002F55736572732F6193
:109F20006C6C656E67616F2F446F776E6C6F6164E8
:109F3000732F4543453639374C505F5475746F72F3
:109F400069616C325F636F70792F736F75726365CF
:109F50002F647269766572732F6472765F707265B2
:109F600073737572652E63001B5B313B33336D6415
:109F700072765F707265737375726520203A57410F
:109F8000524E494E473A45727220636F64652072A3
:109F9000657475726E656420696E2066696C653AD9
:109FA0002025732C206C696E653A2025642C206373
:109FB0006F6465202564200D0A0000000400000085
:109FC00000108400010000007B7E7B7E7A7F7A8017
:109FD00078837871927578816D8E8163977B6D85BA
:109FE000856390816D82827189816989816A8C80A3
:109FF0006C88806D89826A89806A8D82698A8069AD
:10A000008C806A8E7F688D80698D80698D81698E74
:10A0100081688D81688D81688C82688C82678C8272
:10A02000668D81688D82688D816A8B826B8A816C76
:10A0300087826C87806E85826C88806C8A7F6C8A50
:10A040007F6D89806D89806E878070887E6F887E45
:10A0500071867F71867E71868071857F7284807142
:10A06000867F72847F72847E74837F74837E768120
:10A070007F75827D78807E76827C797E8076827B19
:10A080007B7B8370928D627B807B8A867C7D6C7CFF
:10A090007D8D7B79757186857D7C70787E8A7D7AF1
:10A0A000777183857D7F71797D86807A77738085EE
:10A0B0007E80727A7B86807D76767B887B856B8ED0
:10A0C000896381788183818679637E768E84786DD9
:10A0D00074847E91766980738A8C776F767D8191A6
:10A0E000786C7E6F898F7676737882917B6E7F6BCA
:10A0F0008791767C7371838E7E727D69849375817E
:10A10000736D848B80757B6981927782756B84898E
:10A1100082797A6C7F937883766A8686827C766D84
:10A120007E917A84766788838181726E7E8D7C864B
:10A130007666898280856F6E7E8A7F877765898063
:10A1400080896B6E808682887865887F7E8D696D58
:10A150008182858A7767877D7D8E696C827E888B18
:10A160007869857D7B8E6A6A84798B8A806F7C7F33
:10A17000809567648380858A79767F767A956B622D
:10A18000827D878A78797E767A947063807C888BEA
:10A19000767C7C77778F7A637B78888E777E7C7508
:10A1A0007A8F7A69757C839D79707F7F87837269E6
:10A1B000816E7E91847A6C768E86756E7D737D90CD
:10A1C000867E6C718F87777079757B8C86836D6DD9
:10A1D0008E87797377767A8986866F6A8D887A76A4
:10A1E00074787A86878871678A887D7871787982B1
:10A1F000898A736587887F7B6F79797E8A8C76649C
:10A200008188817E6E7A797A8A8C7A657B87848070
:10A210006E7A79768B8C7D68768687826E797A7392
:10A220008B8C7D6C718389846E797A718A8C7F7056
:10A230006D818C8570797A70898C8074687E8E854A
:10A2400072787A70888B8178657B90867478787064
:10A25000858A837C63769186777877718389848118
:10A26000627191877B78757281878584636D918730
:10A270007E7A72738085878764698F87827B6F742B
:10A280007E84888965658E87857D6D757D81898AE7
:10A2900068638B88867F6B767D7F898B6C6188880D
:10A2A000888269767D7D898C6F60838989846975F0
:10A2B0007E7B888C72617F89898669747F79888BBF
:10A2C00075637A888B876A747F78878A78667688E0
:10A2D0008C876C73807786897A6B72868C886D73B5
:10A2E000807784887B6F70828D886F728077838897
:10A2F0007B746E7E8E897172807681877C786E7BAE
:10A300008D89747280767F867C7B70778C8976727B
:10A310007F787D867C7E71748B8978717F797B856F
:10A320007D807471888A7A717E7B79847D80787073
:10A33000858A7D717C7D78837D817B6F82897F7248
:10A340007A7F77817E817E6F7F8881737780778047
:10A350007F8081707C8781757681777E807F847134
:10A36000798781767580797C807F8774758681781E
:10A37000757F7A7B7F7E8A7772858179767D7A7A1E
:10A380007F7E8B7A6F84807A787A7B7A7E7E8C7EF1
:10A390006C82807A7A777A7A7E7E8E816B80807A00
:10A3A0007D75797B7C7F8E856A7E81797F72777CF3
:10A3B0007C7F8F88697B817A8271747D7B808F8AB4
:10A3C0006B77817A8471717E7B808F8C6D748179DB
:10A3D00085726E7F7A818F8C70727F7B87736B7FC3
:10A3E0007A81908D73707D7B8874697F7981908D7F
:10A3F000766F7A7C8976687E7981928D7A6E767CAA
:10A400008978667D7980928C7D6F727B8A7A667B93
:10A410007980938C7F706F7A8A7C6679797F948C4F
:10A4200081736C788A7F6776787E958D837469777F
:10A4300089816873787D948E8577677588836B7062
:10A44000797C938F8679667386856D6D787C929022
:10A45000877C67708485716B777D8F92887E686E4C
:10A4600081867569767D8D93897F696D7F85786832
:10A47000747E8B938B816C6B7C847B69727F8893F9
:10A480008C826E6979837E6A707F86928E84726810
:10A490007682806C6E7F85918F8576677481816FFF
:10A4A0006C7D83908F867967718082736B7B828FDE
:10A4B00090877D686D7F82766C78808E90878169C9
:10A4C0006B7E81796D767F8C9088846A687D817CD3
:10A4D0006E737E8B9088876D657B807E70717D89C1
:10A4E00090888970647A7F80736E7B8890898A7483
:10A4F00063787E82766C7A868F8A8A7763767C82AE
:10A500007A6B79858D8B8A7A65737B827D6A788395
:10A510008B8D8A7D67717A8380697783888E8A7E46
:10A520006A6F7883836A7582858F8A7F6D6D768284
:10A53000856B738283908A7F716C7482876C728161
:10A5400080908B7F756C7282896F70807E908D7E1B
:10A55000786C70818A716E7F7D8F8E7E7A6D6E8150
:10A560008A746D7D7D8E907D7C6E6D818A766C7B2C
:10A570007C8D907D7C706C808A796C787C8C917DF0
:10A580007D726C80897C6C757D8B917D7C736C8019
:10A59000887D6E727C8A917E7C756D80877F6F6FFF
:10A5A0007C89907F7C766D7F8680726C7B898F80C2
:10A5B0007B786E7F8681746A79898F817A796F7EE4
:10A5C0008581776977888E83797A707E85817968CD
:10A5D00075868D85787A717D86827B6873858C8798
:10A5E000787A737B87827D6970848B8978797579B5
:10A5F00087837E6A6E828A8B7877777787857E6C91
:10A600006C80898D7975797686867F6F6A7D888E74
:10A610007B747B7685877F71697B868E7E737C7683
:10A62000838880746978858D80737C778088807753
:10A630006A76848B83747B787E87807A6C73838A56
:10A6400084757B797C86807C6E70828885787A7A46
:10A650007B84807F716D8086867B797B7B83808025
:10A66000746B7F84857E787B7B817F82776A7D8334
:10A670008482787B7B7F7F837A6A7B828385797B08
:10A680007B7C7E837D6B788181877A7B7C7A7D83FE
:10A69000806C768080897B7B7D787C82826F747E03
:10A6A0007F8A7D7A7E777B828372727C7E8A7F7AD4
:10A6B0007F757B818376717A7D8A807B80747981D6
:10A6C000827971787D89827B81747881817D7275D0
:10A6D0007C89837C82747681808074737B88847C9F
:10A6E000837474807E8277717A87857D83757280AA
:10A6F0007D837A6F7986857E837671807C837D6F9A
:10A700007885867F8378707E7C82806E7784868071
:10A7100082796F7D7C82826F75848781817B6F7B7C
:10A720007C81847174838782807B707A7C7F85735F
:10A73000738187837F7C71787C7E85757380868446
:10A740007F7C73777C7D8577737F86857F7C74764D
:10A750007B7C8579737E85857F7C76767A7C847B2D
:10A76000737D84867F7C77757A7B837D747C83861A
:10A77000807B7875797A827F757C8386817B787619
:10A7800079798081767B8285827B797679797F82FF
:10A79000777B8284837B787778787E83787A8283EC
:10A7A000847B787778787C837A798283847C7778E5
:10A7B00077787B837C788282847D767977787A82D9
:10A7C0007E788182847F767977787A817F798181BA
:10A7D0008480757978777A808079808183827579B1
:10A7E00078767A7F817A7F808383757979757A7EAE
:10A7F000827C7E80828476787A747A7D827D7D7F89
:10A80000818577787A747A7D827F7C7E818679777C
:10A810007B737A7D81807C7E80867B767B73797D7D
:10A8200080827B7D80867D767B73797E80837B7C56
:10A830007F867F767A74787E7F847C7A7F85807647
:10A840007974777E7F847C7A7E8482777875777E50
:10A850007E847D797E8384787875767E7E847E7929
:10A860007D8384797776767E7E837F787C82857B14
:10A870007677757E7E8281787C81857C7677757D22
:10A880007F8282787A80857E7677757C7F818379F6
:10A89000797F85807677757C807F837A787E8481E6
:10A8A0007777757B807F837C777E83827877757AF4
:10A8B000817E837D767D82837A777679817E827EC2
:10A8C000757C82837B777678817F8280757B8183BC
:10A8D0007D767778807F8181757A80837F777778BE
:10A8E0007F7F808276797F82807777787E807F8293
:10A8F00077787F81827877787D807E8279777E8095
:10A90000837977797C807E827A777D7F837A777A84
:10A910007B807E817B777C7E847B767B7A7F7F8069
:10A920007D777B7D847D767B7A7E7F7F7E787A7C67
:10A93000847F777C7A7E807F7E79797B8380777C49
:10A940007A7C817E7E7A787A8282787C7A7B817E3C
:10A950007F7B777A8183797C7B7A817D7E7C777936
:10A9600080837A7B7B7A817D7E7D77797F847C7A18
:10A970007C79817E7D7E77797E837D7A7C79807E0D
:10A980007D7F77797D827F7A7C7A7F7E7C7F777806
:10A990007D81817A7C7A7E7E7C8077787D80827BE7
:10A9A0007B7B7D7E7C8078787C7F847C7A7B7D7EDF
:10A9B0007C8079777C7E847D797B7C7E7C7F7A77D6
:10A9C0007C7D847F787B7C7E7D7F7A777C7C8480B5
:10A9D000787B7C7E7D7F7B777C7C8382787B7C7DB3
:10A9E0007D7E7C777B7C8283797A7C7D7D7E7D77A2
:10A9F0007A7C818479797C7D7E7D7D777A7C808488
:10AA00007A797B7D7E7D7D787A7D7F847C797B7C85
:10AA10007E7C7D79797D7F847D787B7C7E7C7E7A6F
:10AA2000797D7E847E797B7B7E7C7D7B797D7D8359
:10AA300080797A7B7E7C7D7C797D7D8281797A7B51
:10AA40007D7C7D7D797C7C8182797A7A7D7C7C7E3F
:10AA50007A7C7C80837A7A7A7C7D7C7E7A7C7C7F2F
:10AA6000837B7A7A7B7D7C7E7B7C7C7E837C7A7A1E
:10AA70007A7D7C7E7D7C7C7D837D7A7A797D7C7E0F
:10AA80007E7C7C7C837E7A7B787C7C7D7F7C7C7CFE
:10AA9000827F7A7B787B7D7D7F7D7B7B81807A7BEB
:10AAA000787A7D7D807E7B7B80817B7B78797E7CE4
:10AAB000807F7B7B7F817B7B78787D7C80807B7ACD
:10AAC0007E827C7B78777D7D80817C7A7D827D7BB8
:10AAD00078767D7D80827C7A7C817E7B79767C7DB8
:10AAE00080827D7A7B80807B79757B7E7F837D7A97
:10AAF0007B80807B79757A7E7F837E7A7A7F817C8A
:10AB00007975797E7F847F7A7A7E817D7975787E8A
:10AB10007F847F7A7A7D827D7976777E7F83807B62
:10AB20007A7C817E7976777D7F83817B7B7B817F59
:10AB30007976767D7F83827B7B7B80807976767C5D
:10AB40007F83827B7B7A7F817A76767B7F82837C30
:10AB50007C7A7E817A76767A7F82837D7C7B7D8229
:10AB60007B76767A7F81837D7C7B7C827C7676792E
:10AB70007E81837E7C7B7B817D7676787E81837F00
:10AB80007C7C7A817D7677787E81837F7C7C7A80FD
:10AB90007E7777787D8182807C7C7A7F7F777778FB
:10ABA0007D8182807C7D7B7F7F7777787C818180CF
:10ABB0007D7D7B7E807877787C8181807D7D7B7DCB
:10ABC000807977787B8081807E7D7C7D7F797778C6
:10ABD0007A8080807E7D7C7C7F7A77787A80807FA7
:10ABE0007F7D7C7C7F7B77787A80807F7F7D7D7C9A
:10ABF0007E7C7878797F807E7F7D7D7C7E7C787896
:10AC0000797E807E7F7D7D7D7D7D7978797E807E79
:10AC10007F7D7C7D7D7D7978797D807E7F7D7C7D6B
:10AC20007C7D7A78797C807E7F7E7C7E7C7D7B7863
:10AC3000797C807E7F7E7C7E7C7D7C79797B807E4A
:10AC40007E7E7C7E7C7C7C79797B7F7E7E7F7C7E39
:10AC50007C7C7D797A7B7E7E7E7F7C7E7C7B7E7A2F
:10AC60007A7B7E7E7D7F7C7E7D7B7E7A7A7B7D7E1D
:10AC70007D7F7D7E7D7A7E7B7A7B7C7E7D7F7D7E07
:10AC80007D7A7E7C7A7B7C7D7D7F7D7E7D7A7E7DFC
:10AC90007A7B7B7D7D7E7E7D7D7A7D7E7A7C7B7CF2
:10ACA0007D7E7E7D7D7A7D7E7B7C7B7C7E7E7E7ED6
:10ACB0007D7A7C7F7B7C7B7B7D7E7E7E7D7A7C7FCC
:10ACC0007C7C7B7A7D7E7E7E7D7A7B7F7C7C7B7AC2
:10ACD0007D7E7E7E7D7A7B7F7D7C7B797D7E7E7EA8
:10ACE0007D7B7A7F7E7C7C797C7E7E7F7D7B7A7E9D
:10ACF0007E7D7C797C7E7E7F7D7B7A7E7F7D7C798C
:10AD00007B7E7E7F7D7B7A7D7F7D7C797B7E7D7F78
:10AD10007D7B7A7C7F7E7C797A7E7D7F7E7B7A7C70
:10AD20007F7E7D797A7E7D7F7E7B7B7B7F7F7D7A58
:10AD3000797D7D7F7E7B7B7B7F7F7D7A797D7D7F4B
:10AD40007E7B7B7B7E7F7D7A797D7D7F7F7B7B7B3E
:10AD50007E807D7B797C7D7E7F7B7B7B7D807E7B27
:10AD6000797C7D7E7F7C7B7B7C807E7B797B7D7E1E
:10AD70007F7C7B7B7C807F7B797B7D7E7F7C7B7B0C
:10AD80007B7F7F7C7A7A7D7E7F7D7B7C7B7F7F7CF7
:10AD90007A7A7C7E7F7D7B7C7B7E807C7A7A7C7EEF
:10ADA0007F7E7B7C7B7E807D7B797C7E7F7E7B7CD7
:10ADB0007B7D807D7B797B7E7F7E7B7C7B7D807DC8
:10ADC0007B7A7B7E7E7E7C7C7B7C807D7C7A7A7DC0
:10ADD0007E7E7C7B7B7C807E7C7A7A7D7E7E7D7BAA
:10ADE0007B7B7F7E7C7B7A7D7E7E7D7B7B7B7F7F9A
:10ADF0007C7B797D7E7E7D7C7B7B7E7F7C7B797C92
:10AE00007E7E7E7C7B7B7E7F7D7C797C7E7E7E7C75
:10AE10007B7B7D7F7D7C7A7B7E7E7E7C7B7B7D7F6A
:10AE20007D7C7A7B7E7E7E7C7B7B7C7F7D7C7A7A60
:10AE30007E7E7E7D7B7B7C7F7E7C7A7A7E7E7E7D45
:10AE40007B7B7C7E7E7D7B7A7D7E7E7D7B7B7C7E3C
:10AE50007E7D7B7A7D7E7E7E7B7B7C7D7E7D7B7A2C
:10AE60007D7E7E7E7B7B7C7D7E7D7C7A7C7E7E7E15
:10AE70007C7B7C7D7E7D7C7A7C7E7E7E7C7B7C7C0C
:10AE80007E7D7C7A7B7E7E7E7C7B7C7C7E7E7C7AFB
:10AE90007B7E7E7E7D7B7C7C7E7E7C7B7B7E7E7EE5
:10AEA0007D7B7C7C7D7E7D7B7B7D7E7E7D7B7C7CDB
:10AEB0007D7E7D7B7B7D7E7E7D7B7C7C7D7E7D7CC7
:10AEC0007B7D7E7E7E7B7C7C7C7E7D7C7B7C7E7EB7
:10AED0007E7B7B7C7C7E7D7C7B7C7E7E7E7C7B7CAB
:10AEE0007C7E7D7C7B7B7E7E7E7C7B7C7C7E7E7C98
:10AEF0007B7B7D7E7E7C7B7C7C7E7E7C7C7B7D7E8A
:10AF00007E7C7B7C7C7D7E7C7C7B7D7E7E7D7B7C79
:10AF10007C7D7E7C7C7B7D7E7E7D7B7C7C7D7E7C67
:10AF20007C7B7C7E7E7D7B7C7C7C7E7D7C7B7C7E5A
:10AF30007E7D7C7C7C7C7E7D7C7C7C7E7E7D7C7C46
:10AF40007C7C7E7D7C7C7B7E7E7D7C7B7C7C7D7D39
:10AF50007C7C7B7D7E7D7C7B7C7C7D7D7C7C7B7D2D
:10AF60007E7D7D7B7C7C7D7D7C7C7B7D7E7D7D7B19
:10AF70007C7C7D7D7D7C7B7C7E7D7D7C7C7C7D7D09
:10AF80007D7C7B7C7E7D7D7C7C7C7C7D7D7C7C7CFB
:10AF90007E7D7D7C7B7C7C7D7D7C7C7C7E7D7D7CE8
:10AFA0007B7C7C7D7D7D7C7C7D7D7D7C7B7C7C7DDC
:10AFB0007D7D7C7B7D7D7D7D7B7C7C7D7D7D7C7BCB
:10AFC0007D7D7D7D7B7C7C7D7D7D7C7B7D7D7D7DB8
:10AFD0007C7C7C7C7D7D7C7C7C7D7D7D7C7C7C7CAC
:10AFE0007D7D7C7C7C7D7D7D7C7C7C7C7D7D7C7C9A
:10AFF0007C7D7D7D7C7C7D7C7D7D7C7C7C7D7D7D88
:10B000007C7C7C7C7D7D7D7C90DCE7E7B23A131410
:10B01000258EDFE2E3A03317182D95DFDEDD962EB7
:10B020001B1A3AA5DCDBD6852C1F1F43AADAD6CF24
:10B030007B2A242352B5D4D4C56E2C29295BB7D0E2
:10B04000CEBD662E2E2F6ABCCACCB15C2F2F3371B9
:10B05000C0CBCBAC542E2F3680C5C9CCA14B2E2FE4
:10B060003A85C8CACB9B442E2E4094C9CAC98E3E8D
:10B070002E2E459ACCC9C786392F2D4EA7CBCBC3D0
:10B0800079352F2E54ACCDCAC071312F2E60B6CB7E
:10B09000CCB965302F3066BACCCBB45D2E2F32756B
:10B0A000C1CACDAA532D2E357BC5CACCA44B2D2E9B
:10B0B0003A8AC8CACC98442D2E3E90CACACA913D3D
:10B0C0002E2D469ECBCAC783392E2D4CA3CDCAC484
:10B0D0007C342F2D57AFCBCCBF6F322E2E5DB4CD2D
:10B0E000CBBB672F2F2F6ABCCBCDB25B2E2E32701D
:10B0F000C0CBCCAD532D2E3580C5CACDA14A2D2E47
:10B100003985C8CACB9B442D2D3F94CACACA8E3DEF
:10B110002D2D449ACCCAC886382E2C4EA7CCCBC431
:10B1200079342E2D53ACCDCBC071312F2D60B7CBE0
:10B13000CDB9652F2E2F66BBCCCCB55D2D2E3175CC
:10B14000C2CBCDAA522D2E357BC5CBCCA44B2D2DF9
:10B150003A8AC8CACC98432D2D3E90CBCACA913D9D
:10B160002D2C469ECBCBC883382D2D4BA3CDCAC5E5
:10B170007C342E2C57AFCCCCBF6F312E2E5CB4CD8F
:10B18000CBBB662F2E2F6ABDCBCDB25B2E2E32707D
:10B19000C0CCCCAD532D2E3580C5CACDA14A2D2EA5
:10B1A0003985C8CBCC9B432D2D3F95CACBCA8E3D4C
:10B1B0002D2D449ACCCAC886382E2C4EA7CCCBC491
:10B1C00079342E2D53ACCDCBC171312E2D60B7CC3F
:10B1D000CDB9652F2E2F66BBCCCCB55D2D2E31752C
:10B1E000C2CBCDAA522D2E357BC5CBCCA44B2D2D59
:10B1F000398AC8CACC98432D2D3E90CBCACA913DFE
:10B200002D2D469FCBCBC784382E2D4CA3CECAC53F
:10B210007B352D2E55B2CAC8702C2D59C2C9C460B9
:10B220002D2C68C7CABC532D2E77CBCBB1442E2F03
:10B2300087CCCCA23A2F3395CCCD94332F39A3CCE5
:10B24000CC85302F42AFCCCA762D2E4DB9CBC667F8
:10B250002D2D5AC1CBC0592D2D68C7CBB84C2E2EE1
:10B2600078CACBAE422E328ECBCCA23A2E379DCBB3
:10B27000CD94342E3FAACBCC86302D49B5CACA76A0
:10B280002E2D54BEC9C6672D2D62C5C9C0592D2D9E
:10B2900070C9CAB84C2D2F7FCBCBAB402F328FCC8F
:10B2A000CC9B3730379DCCCC8C322F3EAACCCB7C7C
:10B2B0002F2F48B4CBC86D2D2E54BDCBC35F2D2E80
:10B2C00061C4CBBC522E2E70C8CBB3462F3081CB7D
:10B2D000CBA83D2F3595CBCC9A372F3BA4CBCC8C2C
:10B2E000322E44B0CACB7D2F2E4FBAC9C86E2E2D38
:10B2F0005CC2C9C3602D2E6AC7C9BC532E2F78CA41
:10B30000C9B2472E3188CBCBA43C303597CBCC93F8
:10B3100034303BA4CBCB84303044AFCBC9742E2F18
:10B320004EB9CAC5662E2E5BC0CABF582E2E69C63E
:10B33000CAB74C2F2F79C9CAAD41303289CBCBA0C7
:10B340003A2F389DCACC92342F40AAC9CB84312ED3
:10B350004AB5C9C9752F2E56BEC8C5662E2E64C4FF
:10B36000C8BF592E2F72C8C8B74D2F3181CAC9AC7A
:10B37000422F3490CBCA9D3930399ECBCB8B3330A2
:10B3800040AACAC97B30304AB4CAC66C2F2F56BDFA
:10B39000C9C15E2F2F63C3C9BA512F2F71C7CAB15C
:10B3A00046303181CACAA63D313591CACA99373073
:10B3B0003DA3C9CB8A333046B0C8C97C302F51B9C0
:10B3C000C8C66D2F2F5EC1C7C15F2F2F6CC6C7BA0D
:10B3D000522F307AC9C8B147303389CAC9A53E3027
:10B3E0003797CAC99537313DA4C9C983323146AFB1
:10B3F000C9C773303051B9C9C36530305DC0C9BDEC
:10B400005730306BC5C9B54C31317AC8C9AA423200
:10B410003489C9C99F3A323898C9C991353142A98E
:10B42000C8C98232304CB4C7C774303058BDC6C3A7
:10B4300066303065C3C6BD58303174C7C7B54D30AE
:10B440003282C9C7AA43313690C9C89E3B323B9E5F
:10B45000C9C88D353242AAC8C77B32314CB4C8C482
:10B460006C313158BCC7BF5E313065C2C8B851328B
:10B470003173C5C8AF47323382C8C8A43E33379052
:10B48000C9C89738333C9FC8C889343247AEC6C74D
:10B490007A323153B8C6C46C313160BFC5BF5F3139
:10B4A000316DC4C6B85331337CC7C6AF4832358A14
:10B4B000C8C7A340323A98C8C796393340A4C7C713
:10B4C00085353348AFC7C573333253B8C6C064320D
:10B4D000325FBEC6BA5733326DC3C6B24C33337B0C
:10B4E000C6C7A843343689C7C79C3C343A97C7C7F8
:10B4F0008F373441A4C6C68134334EB3C5C57233C9
:10B50000325ABBC4C065323267C1C4BA58333375CE
:10B51000C4C5B24D333583C6C5A844333991C7C6B7
:10B520009C3D343E9EC6C68E383445A9C5C57D3582
:10B53000344FB3C5C16C34335ABAC5BC5E343367BB
:10B54000C0C5B552343375C3C5AC48353583C5C69F
:10B55000A140363990C6C6953A363F9DC6C5873656
:10B560003647AAC5C479343455B6C3C16B34336287
:10B57000BDC3BC5E34346FC1C3B55334357DC4C460
:10B58000AC4935388BC5C4A141353D98C5C4953B00
:10B590003543A4C4C48737354BAEC4C27535355660
:10B5A000B6C3BE65353462BCC3B75836346FC0C449
:10B5B000AF4D36367CC3C4A54437388AC4C49A3EDE
:10B5C000373D97C4C48D393744A3C4C38036374D43
:10B5D000AEC3C17235355CB8C1BD64353569BEC214
:10B5E000B759363677C1C2AF4E363884C3C2A64685
:10B5F000363C92C3C39A3F37419EC3C38D3A374806
:10B60000A9C2C27F373752B2C2BF6E37365DB8C2E9
:10B61000B95F373669BDC2B253383676C0C2A94960
:10B62000383884C2C39E42393C91C3C3923C3942EC
:10B630009DC2C286393949A8C2C078373853B1C1D2
:10B64000BD6B373763BAC0B95E373771BEC0B2540D
:10B6500038397EC1C1A94B383B8BC1C19F433840AB
:10B6600098C1C1933E3846A3C1C1863A384EADC099
:10B67000BF78383858B4C0BB68383864BAC0B459D9
:10B68000393871BDC0AC4F3A397EC0C1A2473A3C8F
:10B690008BC1C197403B4097C1C18B3C3B47A2C087
:10B6A000BF7E393A4FACC0BD71383A5AB4BFB965A4
:10B6B00039396ABBBEB459393978BEBFAC503A3C4F
:10B6C00085BFBFA3483A3F92C0C098423A459DBF4C
:10B6D000BF8B3E3A4CA7BEBE7E3B3A55B0BEBC7156
:10B6E0003A3A5FB6BEB7623A396BBABEAF553B3A2B
:10B6F00078BDBFA64C3C3C85BEBF9C453C4091BF3D
:10B70000BF90403D459CBFBE843C3C4CA6BEBC7730
:10B710003B3C55AEBEB96B3A3B61B5BDB55F3B3BFB
:10B7200071BBBDAE553B3C7FBDBDA64D3C3F8CBE05
:10B73000BE9C463C4497BDBE90413C4AA2BDBD84E0
:10B740003E3C52ABBCBB783C3C5BB2BBB86B3C3CB8
:10B7500066B7BCB25D3C3C73BABCA9513E3D7FBCF0
:10B76000BD9F493E408BBDBD95443E4496BDBD89BD
:10B77000403E4AA1BCBB7D3D3E52A9BCB9713C3E96
:10B780005CB1BBB5653C3D68B6BBB05B3D3E78BACD
:10B79000BBA8523E4085BBBB9F4A3E4391BBBC9574
:10B7A000453E499CBBBB89413E50A6BABA7D3F3E4F
:10B7B00058ADBAB8713E3E62B3B9B4653E3E6DB79E
:10B7C000B9AD593F3E79B9BAA34F404085BABB994C
:10B7D00048404491BBBB8E4341499BBABA8240402A
:10B7E00050A4BAB8763F4058ACB9B56B3F4063B28D
:10B7F000B9B0603F406FB6B9AA5740417FB8B9A20F
:10B800004F40448BB9B99949404896B9B98E4540E3
:10B810004EA0B8B983424056A8B8B77740405FAF52
:10B82000B7B46C404069B4B7AF61404174B6B7A7D4
:10B8300055424280B8B89D4D43448BB8B9924743B6
:10B840004896B8B88744434E9FB8B77C424256A743
:10B85000B7B47041425FADB7B166414269B2B7ABB0
:10B860005C424275B5B7A454424485B6B79C4D437B
:10B870004890B7B79249434D9BB6B787454354A309
:10B88000B5B67C43435CAAB5B371434365AFB4B06E
:10B890006742436FB3B4AA5D43447AB5B5A153443C
:10B8A0004586B6B6964C454990B6B68C48454D9AF5
:10B8B000B5B581454554A2B5B37644455CA8B5B04D
:10B8C0006B444465AEB4AC62444570B1B4A659450E
:10B8D000467BB4B49E5245488AB4B5954D454D95C6
:10B8E000B4B58B4945529EB3B48147455AA5B2B20F
:10B8F00076454562ABB2AF6C45456CAFB2AB6345C4
:10B900004676B2B2A45A464780B3B39B5247498B9E
:10B91000B3B3904C484D94B3B3854948539DB2B2EC
:10B920007B47475AA4B2AF71474762A9B2AC674799
:10B93000476CADB1A65E474876B0B1A05748498183
:10B94000B1B29851484D8FB1B28F4D485298B1B2B3
:10B95000854A4858A0B0B07B494860A6AFAE714850
:10B960004868ABAFAB68484872AEAFA56048497B4A
:10B97000B0AF9F58494B85B0B095514A4E8FB0B08B
:10B980008A4D4A5397B0AF7F4B4A599FAFAE764A24
:10B990004A60A5AFAB6C4A4A68A9AFA7634A4A722E
:10B9A000ACAFA15C4B4B7CAEAF9A564B4D86AFAF64
:10B9B00092514B5292AEAF894E4B579BADAE804CDD
:10B9C0004B5EA1ADAC764B4B66A6ACAA6D4B4B6EF5
:10B9D000AAACA6654B4C77ACACA05D4C4D81ADAC30
:10B9E00099574D508AADAD8F524D5392ADAD844FA6
:10B9F0004D589AACAC7A4D4D5EA0ACA9714D4D66D8
:10BA0000A5ACA6694D4D6EA8ABA1614E4E77AAAB11
:10BA10009B5B4E4F80ABAB94564F528AABAB8C5274
:10BA20004F5795AAAB83504E5D9CAAAA7B4F4E649C
:10BA3000A2A9A8724E4E6CA5A9A56A4F4F74A8A9D9
:10BA4000A0634F507DA9A99A5C505285AAA993572B
:10BA500050558DAAA98953515895A9A97F51515E76
:10BA60009BA9A776505064A0A8A46E51506CA3A8BF
:10BA7000A066515174A6A89C6052527CA7A8955B01
:10BA8000525485A8A88F5753578DA8A88754525C45
:10BA900097A6A77E5352639CA6A67652526AA1A58A
:10BAA000A36F525271A3A59F68535379A5A59A62BB
:10BAB000535481A6A5945D545789A6A58D59545A0F
:10BAC00090A6A58456545E96A5A47A5554649BA46A
:10BAD000A27254546A9FA49F6B555471A1A49B6594
:10BAE000555579A3A49660565680A4A4905C5659E7
:10BAF00088A4A48959575C8FA3A38257566297A242
:10BB0000A27A5756689BA2A07356566F9FA19E6C4F
:10BB1000575776A0A19A6757587DA2A19562585AA7
:10BB200084A2A18F5E585C8BA1A1885B586091A113
:10BB3000A07F59596496A09F7759596999A09D7023
:10BB40005959709CA0996A5A59769E9F95655A5A80
:10BB50007D9F9F90615B5C839F9F8A5E5B5E8A9FF7
:10BB60009F845C5B62909E9E7D5B5B68969D9D77EB
:10BB70005B5B6E999D9B715B5B749B9C976C5C5C43
:10BB80007A9C9C93675C5D819D9C8F635D5F869CC6
:10BB90009C89615D628C9C9C835F5E66909B9B7CB4
:10BBA0005E5E6A949B99755E5E6F969A966F5F5E15
:10BBB00075989A936A5F5F7A999A8F676060809AA6
:10BBC0009A8A646062859999856261658A9999808B
:10BBD0006161688E98987A61616E939796756161DC
:10BBE00073959794716262789696916D62637E9672
:10BBF000968D6A6364829696896763668796968453
:10BC00006664698B95957F65646C8E94947965659F
:10BC1000709094927465657491938F706666799252
:10BC2000938C6D67677D9293886B6768819292852C
:10BC300069686A8592918169686C8891907D69696B
:10BC4000708B908F796969748D8F8E766A6A788E21
:10BC50008E8B736A6B7C8E8E89716B6C7F8D8D86FB
:10BC60006F6C6E828D8C836F6D70848C8C806E6E29
:10BC700072868B8A7D6F6F75878A897970707787F6
:10BC800089877771717A8787857672727C868682DA
:10BC90007674747E8584807676777E82827E7979EA
:10BCA0007A7D7C7D7C7D7C7D7C7D7C7D7C7D7C7DCE
:10BCB0007C7D7C7D7C7D7C7D7C7D7C7D94D7CC5720
:10BCC000274137743760D94E2F2D36BFC4ACD660AC
:10BCD0005571D1454F67BE693EB83F3B46BE624095
:10BCE00067352F5CCCAE8DC1516DCA2C7CC7BC486A
:10BCF0001F342F52565133323C965D2CA44C3D429A
:10BD00004C3C39ABA6854A3543BD643E3F649BC578
:10BD1000C59443446CC5A9A4B5C3B76DB6B3ABC154
:10BD20009E386D4233487C906F46382C5787CC9DA7
:10BD300056B0B8B1C7B1904C68D6B0A5504D40A22E
:10BD40008834A6ABB88563454332C08E394D60BD9B
:10BD500049395E546293A3983B47577C7B4297BB1B
:10BD6000A27A2AA2A03886BFB7C1B3B5A4BC8C35CD
:10BD70004143B79E525850BABDA89C92C8902BAC74
:10BD8000C0C68937ABA52983BDA2872F779EAB8E0E
:10BD90002F5370AAA33071CCB9B0474A2870BBA604
:10BDA000AB9EADC6B09FB3B5554A3A5CA4A5C75F7C
:10BDB0003D44403846497D92869BB27F668587C761
:10BDC000993E453B52533D52A67A5682914449A72B
:10BDD000892F74C0A8AA9B9F6D574E4D5C72BE9F61
:10BDE0006482BB7B3949405B638FB05C51A0A09CEF
:10BDF0008A608FB1AFC273425F5EAEA75E74A57EEC
:10BE00004C5E6684A3A3B0AFBCA8AAB2C3785FA7F8
:10BE1000B7593CA7B86750A4B16B4F4438575B661D
:10BE200065A2C0A1989CA96F415F76604E4E3D4FC0
:10BE30004990C2A8AD733988B0AEBFB3C28C4883F5
:10BE40009FA4BCA69972364B5060A19A4940839535
:10BE50009499A0AE744473A68A5261989C919361A0
:10BE60003D86CA914964A49A5A4482BCA4978E64C0
:10BE70007CBCB3B4AB695C57496570623C67BAB4CB
:10BE8000A5A69599644C514B4C474A565583AD72C3
:10BE90003B463A4BA8C87B4851464E8692A0B1A774
:10BEA000A9A5ABA7A69EA5A0A8ACC077384B7D8A54
:10BEB0005D3C62B5B46A3A648890B0B790879AAD39
:10BEC000A4A39A4F3851556FACAC794F89B6AFAC3B
:10BED000AD916378828990A588514A92B2A59B9BC7
:10BEE0004E44474D486360759996AEC39D44484E95
:10BEF0004E5EAEB797515C4C4657A9A1A69CA3AD28
:10BF0000C3A56361666768464740423C4E3F7BB3CA
:10BF1000AA96987A4B52A0BEB1A7AA844A5BA4C243
:10BF2000B1BCB1B4A3B1A4B88852545F63688B9F0D
:10BF300079483F72A8A26F3655A2B99D5D575E5FE2
:10BF40006656544B8DAAA4563D475F6B62544A61B6
:10BF5000B7B5B7AFB5A64F4355A7A6A7A0A5936B96
:10BF600075524B4A53515B8C9A7C5E5B86B9AAAA88
:10BF700096A66A58598F9F998E8990ABABADAEB398
:10BF8000A2737284BBAEB8ACBA994D4463B6B1AC7F
:10BF90008F919096988B474A47474346464A46506A
:10BFA000515450544C66BBB4B6594D4E5A635F62FF
:10BFB0005E615D54525553594F84B1A5AEB3BAACCE
:10BFC0006360605B5A5A4A4A46708C81A1A8A7AC4C
:10BFD000B5B2AF94A08144464643464094B7AAB652
:10BFE000B0BAA0595D5B5E5D5E5E5F5E5D555555A6
:10BFF00047424349656065474B4065ABA1A7B2B670
:10C00000B5B0A7A8AA7B696D80BDADBF855B625F37
:10C01000565355514447444D505054ABB4B4B0936B
:10C020008D94753F4E3D71BBAABA89656870AAA40C
:10C03000AC866A726E7771795E555168A9A5A8A31E
:10C04000A1A39B656464605A5C5B5754555561615C
:10C0500062605D5D5D61646365A1B1ACAB524C4BE8
:10C060004D494E46619690939AB3A8B68C4F595459
:10C070005753565456535652596061605F53575246
:10C080005FACB1AEB0674C574D859E969C9188874A
:10C0900089846765656553454D435F928C8F8E9C9F
:10C0A0009E9D9F958A8D8B8C9EA3A1A39D9E9D9EF8
:10C0B0005A4D514F4B494A494A494A4CA4B6AEB52C
:10C0C000A19A979F6D3E4F3F65AFA9ACA9A5A5A5C5
:10C0D000A5A7A8A7A99E9295939383888388635B5D
:10C0E0005B5E574E4C4F4B5D5E635A7AADA9A8AE6E
:10C0F000734F5B535CA1AEA8ADA4929491967D65FD
:10C100006B686992A29CA09DA2A1A2A29D5A5757BA
:10C1100058575857585757545454545453535353CB
:10C120005353535353535A645E655B7DB0ABADAD0F
:10C13000A45B55565557565A565B536AA9ABA6B1E0
:10C140007D43514A4D778F848D80575155525349C5
:10C150004D494C4D5F595F57738783868297B3AAC9
:10C16000B1ABB0A7AFA5B38A5155565069ADA7AAD8
:10C17000AB9F6267636663625F615E62544D4E4E61
:10C180004E515C5B5C5B5C5857575757554B4F4B58
:10C19000504A99B1ABADADAA908F908E937F555B0D
:10C1A000575A58564F524F524F565859575956642E
:10C1B0006A6A696B668CA69CA49BA8794D565155FA
:10C1C000525451535252525385948E928F91949B54
:10C1D000979A969B916D6B6D6A6E67849E999C9AF7
:10C1E0009B9B918A8D8B8D8B8E6B5E625F62606292
:10C1F00055545355515E93939393929BA3A1A2A13F
:10C20000A29D9B9B9B9B9AA6ABA9ABA9AB604C54F0
:10C210004E554B88A69DA29FA1A3A9A5AAA4AD8B0C
:10C22000525D555D536BAAA8A8A9A7AC856D757022
:10C23000756F7A9192919291929397959794988F26
:10C240005E5B5D5A5D58689D999C9A9B9A9C9F9FE6
:10C250009FA09FA09D989998989898999D9C9D9C27
:10C260009C9C9CA4A6A5A5A5A5A69D9396939594F4
:10C270009595A7A6A8A5A9A3AC8A56615A5F5A604E
:10C28000587697909491949195726266646564650E
:10C2900065615A5D5B5C5B5D5A626F6E6E6E6E6E61
:10C2A0006E6E848D898D898D898F7D6567666667E1
:10C2B00065686384A09A9E9B9D9C9C9D958C8F8CA9
:10C2C0008F8C8F8C90836265636563656365649111
:10C2D0009B999A9A999A989D8A656C686B686A6826
:10C2E00063616362636262656C696B696B696C59F7
:10C2F0005756585559536598939694959495979C8D
:10C300009A9B9A9B9A9B9DA4A1A4A1A5A0A88E529A
:10C310005955585558565987928D918D918B946FD8
:10C32000555B585A595959598C98949694969496A5
:10C3300094919091909190919093999998999899BE
:10C340009899956D6A6B6B6A6B6A6C6A909F9B9DFE
:10C350009B9C9C9B9E91555A565A565A565B536BC2
:10C360008C888A898989898A88909B999A9A9A9ACD
:10C370009A9A9A9989898889888A888A878C735C2D
:10C38000615E615F605F605F605F5F5E5F5E5F5FB9
:10C390005F5F5F5F62636363636363646264616E74
:10C3A0009A979997999799979A959C7C5F676266F7
:10C3B000626663666267607A928D8F8E8F8E8F8ED3
:10C3C0008E8F8E8F716A6D6B6C6B6C6B6C6C6C6C22
:10C3D0006A6061606160616061606160615F717825
:10C3E000767777777777777777777778939897985F
:10C3F00097979797979797979797989999999999C2
:10C4000099999998999899989A90888A8889898908
:10C41000898989898989898989939594959495943D
:10C42000959495939593959298755F656164626410
:10C43000626462646B6D6C6D6C6D6C6D6C6D6D8047
:10C44000838383838383828383827170707170712D
:10C450007071707170747978797879787978797881
:10C46000796C66686768676867686669647C938EDC
:10C47000918F918F918F918F918B6D6C6C6C6C6C97
:10C480006D6C6D6C6D6C7076757575757575757593
:10C490007576747C8F8D8F8D8E8D8E8D8E8D8E8C1E
:10C4A0008F857D7F7E7E7E7E7E7E7F7E7F7D80719E
:10C4B0006467666766676667666767676767696A0E
:10C4C0006A6A6A6A6A6A6A6A6A6A6A6A6A6E6F6FBE
:10C4D0006F6F6F6F6F6F6F6F6F6E706D788C898B12
:10C4E000898A898A898A898A898A898A86706E6E08
:10C4F0006E6F6E6F6E6F6F6F6F6F6F6F6F7188891A
:10C5000089898989898989898988898889888983A4
:10C5100073757475747574757475757575757575D1
:10C5200075757575757575757575757675767576B8
:10C5300075767576757988888888888887878787EB
:10C54000878787878687868685877E7678777878D7
:10C550007878787879787979797979797A797A7A4D
:10C560007F807F7F7F7E7C7D7C7D7C7D7C7D7C7DF4
:10C570007C7D7C7D7C7D7C7D7C7D7C7D93CCD5DCD5
:10C58000D8DBD8DBD8DBD8DBD8DBD7DDC9A7473B86
:10C590003F3C3E3D3E3D3E3D3E3E3E3E3A23212019
:10C5A000212021202220221F221F231D2941AEE10C
:10C5B000D1DBD4DAD4D9D5D9D4D9D4DAD2BF7F3328
:10C5C0003F383C3A3C3A3C3A3B3B3B3B3B383533CB
:10C5D000333333333333343334333433352B21244F
:10C5E0002223222323232323232423242324232419
:10C5F0002324232423242325222621271F3456B62F
:10C60000DBCED7D0D5D0D5D1D4D1D4D1D4D1D6D3F7
:10C61000D6D3D6D2D6D2D7D2D7D1D8D0DACBD0763D
:10C6200024362C332F3230313130322E352880CE23
:10C63000CFD7D0D6D1D5D1D4D2D4D2D4D2D3D2C8D8
:10C64000ABAFACAFACAFACAEACAEACAEACAEACB016
:10C65000AFB2AFB2AFB2AEB3AEB3ADB4ABBA852B7F
:10C660002D242A2629272927292828282828282848
:10C670002828282828292829292929292929293029
:10C68000434F4C4E4C4E4C4E4C4E4C4E4C4E4D43EC
:10C6900037323032303330332F342F352D38277145
:10C6A000CDCAD2CCD0CDD0CECFCECFCECFCED0C5AE
:10C6B000AA362C2F2D2F2D2F2D2F2D302C31294503
:10C6C000B4CACFCCCFCCCECCCECCCECCCECCCECCB4
:10C6D000CECCCECCCECCCECBCECBCECBCFCAD0C791
:10C6E000CD8838483F464145414442444244424552
:10C6F00085AEC1C0C0C0BFC0BFC0BFC0BFC0BFC08B
:10C70000B69E646463636363646364636462665F68
:10C7100085ACB3B8B4B7B5B7B5B6B5B6B5B6B6B5FA
:10C72000B9C3C7CAC8CAC8CAC8CAC8C9C8C9C8C993
:10C73000C8C9C8C9C8C9C8C9C8C9C8C9C8C9C7C972
:10C74000C7CABFB6B7B7B7B7B7B7B7B7B6B7B6B751
:10C75000B6B2A9A4A4A4A4A4A3A4A3A4A3A5A3A576
:10C76000A1BCC9C5C7C6C7C6C6C6C6C6C6C6C6C694
:10C77000C6C5BC74696D6A6D6A6D6A6D6A6E6970F2
:10C78000648FCAC1C8C3C6C3C6C4C5C4C5C4C5C4F2
:10C79000C5C3C5BCB7B8B7B8B7B8B7B8B7B8B7B8F6
:10C7A000B7B8BABEBEBFBEBFBEBFBDBFBDBFBCC0B7
:10C7B000BBC3623A393538363736373737373737CC
:10C7C00037374388C8BEC4C0C3C0C2C0C2C1C2C11B
:10C7D000C2C0C2BFAFADAEAEAEAEADAEADAEADAE31
:10C7E000ABB1984D3D373B373B383B383B383B3757
:10C7F0003D354663A6C4BAC0BBBFBCBFBCBFBCBF4F
:10C80000BCBFBAB28D6E74717371737172727272D1
:10C810007272738C969A9A9A9A9A9A9A9A9A9A9A01
:10C820009A9A9A9B9C9D9D9D9D9D9D9D9D9D9D9E43
:10C830009D9E9BABBABCBEBCBDBCBDBCBDBCBDBCA3
:10C84000BDBCBDBCBDB5B4B4B4B4B5B3B5B3B5B37C
:10C85000B6B1BA9947423A403B3F3B3F3C3F3B4031
:10C860003B413945488EC4B7BEB9BDBABCBABBBBA3
:10C87000BBBBBABC7B463F3D3F3E3F3E3F3E3F3E9B
:10C880003F3E3F3E3F3E3F3F3F3F3F3F3F3F403FBA
:10C89000403F403F3F414C4C4D4C4D4C4D4C4D4D1D
:10C8A0004D4D4D4C4F525656565656565656575657
:10C8B000575657555A6A939B989A99999999999965
:10C8C0009999989A9691796B706C6F6D6F6D6F6D89
:10C8D0006F6D6F6C7050434243414341434144414B
:10C8E00044414540464575ABA2A6A4A5A5A4A5A470
:10C8F000A6A3A7A0AC7640474145424543444344E4
:10C900004344444345445FB1B1B2B2B2B2B2B2B1F2
:10C91000B3B0B3AFB79B524C41474346434644463E
:10C9200044464446444645464546454645464546B2
:10C9300045464546454994ABB4B3B3B3B3B3B3B37B
:10C94000B3B3B3B2B3B2B3AEA4A5A4A5A4A5A4A532
:10C95000A4A5A4A4A4A4AAB0B1B2B1B2B1B2B1B218
:10C96000B0B2B0B3AEB6995A4C464A474947494768
:10C9700049474A474B45578FABB2AFB1AFB1AFB1A3
:10C98000AFB1AFB1AEB2ACAE7C5A635E625F615F15
:10C99000615F615F615E67A4ADAFAEAFAEAFAEAFDA
:10C9A000AEAFAEAFAEAFAD9B78484D4A4C4B4C4BA3
:10C9B0004C4B4C4B4C4B4C4B4E555455545554567C
:10C9C00054565457535850739FA8AFAAAEABADAB53
:10C9D000ADABADABADAAAFA067504C4E4D4E4D4E7A
:10C9E0004D4F4D4F4C504B566797B0A8ADA9ACAAD0
:10C9F000ABAAABAAAAAAAAAB7050504E504F504F48
:10CA0000504F504F504F5050505050505050505029
:10CA100050505051505151505B84AAA7A9A7A8A8C3
:10CA2000A8A8A8A8A7A8A6AB9063545053515351E7
:10CA300053515352535253525352535253525352CF
:10CA400054535453545354535453545354535453AE
:10CA50005553555355535653587B95A7A3A5A4A496
:10CA6000A4A4A4A4A4A3A4A2A6805C565656565679
:10CA70005656565656565656566780A3A2A2A2A29E
:10CA8000A2A2A2A1A2A1A3A0A59165595758585846
:10CA9000585958595859585959595959595959590A
:10CAA0005959595A595A595A595C6A8F9A969997AD
:10CAB00098979897989698969894917B6E716F71C5
:10CAC00070707070707070707070706F6F6F6F6F6B
:10CAD0006F6F6F6F6F6F6F6F6F6F6C686766676692
:10CAE00067666866686669666A637E9A979B989AC5
:10CAF000999A99999999989998999684626161619E
:10CB00006161626162616261636166708C9995982E
:10CB100095979597959695969596959591909090D1
:10CB20008F908F908F908F908E908D88796B6E6D97
:10CB30006E6D6E6D6E6E6E6E6E6E6E6E6E6F6F6F14
:10CB40006F6F6F6F6F706F706F716E7F8C8D8F8D69
:10CB50008E8D8E8D8D8D8D8C8D8C8C8A81706F6F6E
:10CB60006F6F7070707071717171727171717272BA
:10CB7000727373737474747575767677797E807D4D
:10CB80007D7C7D7C7D7C7D7C7D7C7D7C7D7C7D7CDD
:10CB90007D7C7D7C91A3475441909D41563F8DA45F
:10CBA00044544083AB4753417AAF4D4F4761AF6820
:10CBB000455149AC814154448FA749524375B359FB
:10CBC0004A4E4EAB864255427EB4614751489D99CC
:10CBD0004156426AB16544554183AA504C4E4EA716
:10CBE0009848504A5BB48445514A59B173445347FD
:10CBF00064B87E46514A58B27446514A59B080458D
:10CC0000514C4D9C9945534A4C7DBC5C4D4D4C69F3
:10CC1000BD6E4C4C504BA2A3504D50496BBB754858
:10CC2000504D4E91B35C4E4C504DA59F4D4F4D4DC8
:10CC300057AE954A514C4E5AB5894A4F4F4B62B741
:10CC4000874A514D4F54AC994C504D504E97AE566B
:10CC50004E4D514977BA794B4F4F4C5FAF9F544D72
:10CC60004F4F4C80BC7D4B4F504D5499B2664C5049
:10CC7000504D57A2AE5F4C504F4D57A4AC5F4C5136
:10CC80004F4E58A5AD6E48544B54498CB67B485511
:10CC90004B554770B19F594D514F505194B47F47F8
:10CCA000554B554868A8AC6849554C554967ABABDE
:10CCB0006D47564A564868A7AD6F49554C544B5E70
:10CCC000A4B07947564D534F4F84B794574B574AAA
:10CCD00058466BA5B07A4D51534D564779ACAA6C66
:10CCE0004C53514F554985ACAA6B4A545051534B44
:10CCF00077ADAA7B46594B564D5551A2A8A2525426
:10CD00004E554D574877ACA8944B564D564D584804
:10CD100083ACA99049584D564D58496EAAA89B52CC
:10CD200053515351535158A2A6AA664C564F5550D1
:10CD3000554E63A7A5A7614E55505451554E64A951
:10CD4000A4A9614F5451535253515BA4A3AD7D4BE1
:10CD50005750555253544E74B19EAE605252555175
:10CD60005550574C72ADA1AC684E56515552555264
:10CD70005459A4A2AC8B4E565155525552564E7929
:10CD8000AF9EAF784E575255525552564F6FAE9E8A
:10CD9000AE864F56535554545454555390AC9FAD92
:10CDA0007B4E58525653555454565084AF9CAE7DCA
:10CDB0005255555456535653575062A1A6A1A96CCB
:10CDC000505754555555555456525EA1A6A1A96FBA
:10CDD0004F5953575357535753594F79AAA0A6A1A8
:10CDE00068505A52595259525A515B4D71A6A4A1DA
:10CDF000A97B505855565655575458535A4E81A8EA
:10CE0000A1A2A8814E5B52595458545855585557B1
:10CE1000599CA2A4A0A9764F5B5359545954595414
:10CE200059535B4F79A89FA4A29E5B5657575757FB
:10CE30005757585658555A5277A99DA69DA86E53D4
:10CE40005A5658575857585757585759546BA69EC3
:10CE5000A59DA88B545A5659575857585759575942
:10CE6000565A536CA59FA2A0A1A068535B565A5670
:10CE70005A575A575A575A565B55639EA29FA39DBD
:10CE8000A67B535C565A575A585A585A585A585BA8
:10CE9000575C558BA49EA1A09FA26F545C575B5812
:10CEA0005B585A585A595A595A595A595E9AA09F1A
:10CEB0009FA09DA377545D575C585C585B595B59A4
:10CEC0005B595B595C585D578CA39DA09DA09DA0AC
:10CED00067575C595B5A5B5A5B5A5B5A5B5A5B5BA0
:10CEE0005B5B5A5C598EA39BA19BA19AA57F565E62
:10CEF000595C5A5C5B5C5B5C5B5C5B5C5B5C5B5C7D
:10CF00005B5C5B5E979F9C9F9C9F9BA1905C5D5B25
:10CF10005C5C5C5C5C5C5C5C5C5C5C5C5C5D5C5D4F
:10CF20005C5D5B5D5C949E9C9C9D9C9E9AA17F57E2
:10CF3000605A5E5B5E5C5E5C5E5C5E5C5E5C5E5C22
:10CF40005E5C5E5C5E5C5E5B679A9C9C9B9C9B9C53
:10CF50009B9C99655C5F5D5E5D5E5D5E5D5E5D5E3A
:10CF60005D5F5D5F5D5F5D5F5D5F5D605C625881C1
:10CF7000A0989C9A9B9B9A9C999E775A615D605D54
:10CF8000605E605E5F5E5F5E5F5F5F5F5F5F5F5FB3
:10CF90005F5F5F605F605E625B7B9F969C979B9824
:10CFA0009B989C979E865D615F605F60606060603B
:10CFB0006060606060606060606060606060606071
:10CFC000606160616061606596989898999899979A
:10CFD00099979A969C775C645F6360626062606216
:10CFE0006162616261626162616261626162616328
:10CFF000616361636163616361645F6C9796979736
:10D000009697969796979598949A886064626462CA
:10D0100063626363636363636363636363636363E1
:10D0200063636463646364636463646364636463C9
:10D0300064636563666188989396949594959495D6
:10D040009594959495939773616763666466646637
:10D05000646664666566656665666566656665667A
:10D060006566656665666566656665666666666765
:10D070006667666765676568637695919392939234
:10D0800093929392939293919391939193736569F1
:10D090006668676867686768676868686868686816
:10D0A00068686868686868686869686968696969FB
:10D0B00069696969696969696969696969696969E0
:10D0C000696A696A6A6A6A696C8C908F8F8F8F8FC0
:10D0D0008F8F8F8F8E8F8E8F8E8F8E8F8D8F8D9166
:10D0E00079686D6A6C6A6C6B6C6B6C6B6C6B6C6B7F
:10D0F0006C6C6C6C6C6C6C6C6C6C6C6C6D6C6D6C6E
:10D100006D6D6D6D6D6D6D6D6D6D6D6D6D6D6E6D4E
:10D110006E6D6E6E6E6E6E6E6E6E6E6E6F6E6F6E2E
:10D120006F6E6F6E6F6E706E706D7F8C888A898A7D
:10D13000898A898989898989898988898888888863
:10D140008888888888888774717271727272727226
:10D15000727372737373737373737374747474749C
:10D16000747474757475757575757576767676766E
:10D17000767777777777787878787979797A7A7B2C
:10D180007C7D7C7D7C7D7C7D7C7D7C7D7C7D7C7DD7
:10D190007C7D7C7D7C7D000085A7B3BCBEBEB9AF25
:10D1A000995F4A403B3A4048629BB0B9BEBFBAB0B3
:10D1B000975C493D3B3A444E7FACB6BEBFBAB19690
:10D1C0005A473D3A3D465E9AB2BBBFBCB49D6046ED
:10D1D0003E393F476AA6B5BEBFB8AC774841383F35
:10D1E0004569A5B7BEBEB6A262453D3A425392B567
:10D1F000BBC0B7A767453C3B425FA2B6C0BBB58A80
:10D200004D4138405093B4BEBDB5904E3F39415961
:10D21000A1B7C0B9AD6C423B3E4B89B7BDBDAF7144
:10D22000423D3C4F8FBBBBBEA15E3C3E3D6CACBDA6
:10D23000BCB376403D3C60A6BCBDB4793F3E3C6784
:10D24000ACBEBCAA603C3C478FBCBCB97D403D3FF6
:10D2500078B8BBBC84423D3E7AB9BBBA7A3E3D4603
:10D2600093BDBDAB593B3C64B4BBBB763E3C50A4C4
:10D27000BDBD8A3F3E489DBCBE853F3D50A7BDBA5F
:10D28000733A3D68BBBAAB4B3F419DBABE723E3963
:10D2900080BAC08941386EB8BF95443968B7C08E2E
:10D2A000403A73BEBB7D374388C6AD652F5EA9C7C4
:10D2B0008C423A82C2AF5C3366B6BE7C354FA1C7A2
:10D2C000893D4399C6933F4194C793404399C6858E
:10D2D000384EA8C26E3462BDAF543785C7903953FB
:10D2E000B1BA5F3580C6903858B8B14E3D9CC26B1C
:10D2F000348AC67D3273C492356AC3983766C39840
:10D300003769C4923571C77B347EC76B379EBB4C7F
:10D310004CBA9D3771C67637A2B4435AC58234934E
:10D32000BD485CC57935A2B13D73C85B4DC282383A
:10D33000AEA3378DBD4071C24F57C65F50C5714215
:10D34000C17342C17144C36F49B8AFBABDBFBCB469
:10D35000A77A4D463A3C3A464F80AAB4BDBEBEB409
:10D36000AA7A4D453A3B3D485D9BAFBCBDC0B5ADCB
:10D370007F4F423B3A414976A9B5BEBFB9B08D5205
:10D38000443B3B414D82AFB7C0BCB6A26844403875
:10D3900041487DADB8C0BCB49756433A3C435D9E0E
:10D3A000B7BDBEB69D5A443A3D436AA9B7C0BAB3A9
:10D3B0007F49403942569CB5C0BBB4864A3E3A428A
:10D3C00061A7B7C1B8AA65423A3E4C8EB7BEBCAFA2
:10D3D00072413D3C5194BABCBCA3603C3E3E68AA3D
:10D3E000BEBCB478423D3C5AA3BDBDB579413E3B7D
:10D3F00065ABBCBEAB623D3D4485BABCBA88443D1A
:10D400003D6CB3BCBD91473D3C6CB4BCBC89423D56
:10D410004084BBBCB4683B3D55AABCBE87413D4679
:10D4200094BEBD9C473E408CBCBE97453D4495BED6
:10D43000BC893D3E54B2BAB75C3F3B87BBBF894114
:10D440003967B5BFA0493A53A9C1A8533654A8C3F8
:10D45000A14F355EAFC394453872BBBC7C37458D58
:10D46000C8A4573266B4C07638499BC795433C89F7
:10D47000C6A34F367DC2AB553478C2AC54357BC39E
:10D48000A84E398FC5963C4AA6C3783266BEAB4ECD
:10D490003A8DC784355FBCAD4B3F9EC36D337BC6B1
:10D4A0008E375DBCA8434EB6B04D40AAB6503FA7DC
:10D4B000B74F41AAB44947AFAF4057BF973769C587
:10D4C00081328CC25A41B2A83A67C678359CB846B8
:10D4D00058C37836A2B23F65C5643FB49B3491BB54
:10D4E0004468C9604BC18038B292329DA93397AC71
:10D4F0003683BA3A83B83A87B5368EB2A9C1BBC172
:10D50000B7B1976149413A3B3E495F99AEB9BEBF59
:10D51000BAB29B61493F3A3B424C77AAB3BFBDBD0B
:10D52000B1A265493E3B3B45548FAFB9BFBEB6A9DA
:10D53000724941393D445A95B4BAC1B9B48E544385
:10D540003B3A435490B4BAC0B9B07F4A42384046DF
:10D5500075ACB8C0BBB38C4E423840487CB1B9C141
:10D56000B8AB6E433D3A4465AAB6C2B8AF6C463B11
:10D570003D4373AEBBBEB998543F3A3F5CA2B9BEBF
:10D58000BBA15B3F3B3F5CA2BCBDBA924F3D3C445C
:10D590007DB6BCBEA9663C3E3D6FAFBDBDAD683D2E
:10D5A0003D3F75B5BCBD9E533C3C4E97BDBCB46F72
:10D5B0003D3D4286BABCB97F3F3D4186BABCB56F9E
:10D5C0003C3E4897BDBEA3523C3D68B5BBBA763DD4
:10D5D0003D50A4BEBC8A3F3D4BA3BBBE86403B53DF
:10D5E000A9BDBA763A3E63B9BAAE4F3F3F96BBBECD
:10D5F000793F3977B9C093443865B5C09E49375FE4
:10D60000B1C29645386AB8BF883C3E7DC2B571321A
:10D610005099C9984C3572BBBA6A3552A7C48B3C35
:10D620004393C898463B89C5A14A3884C6A24A3963
:10D6300087C797424199C68B3852AEBF6F3170C2CF
:10D64000A3473F96C67A3368C1A54445A7BF633454
:10D6500086C7843467C1A03D57BCA84548B2AE48D0
:10D6600046B0AF4748B2AC4150B7A53A61C38B341E
:10D6700075C6753497BE5048B99D3673C76C39A7C7
:10D68000B03E65C56B3BACAA3973C45847BC883300
:10D690009EB23D75C75356C46B3FBA8535AA9D33BC
:10D6A000A3A13391B13591AF3595AB329DA7A8C2F7
:10D6B000BBC1B6B0935D48403A3B4049639DAFBAA9
:10D6C000BEBFB9B1965C483E3B3B434E7DACB4BF58
:10D6D000BEBCB19D60473E3A3C455895B0BABFBE0E
:10D6E000B5A66C4740393E445F9BB5BBC1B9B28912
:10D6F00050433A3C435896B5BBC0B8AE784941391F
:10D7000041497BAEB7BFB9B0854C423A424C83B178
:10D71000B8BEB5A668453F3E486CABB4BFB4A96778
:10D72000483D42487AADB8B9B49053433F4464A3EE
:10D73000B5B9B5995944414564A3B6B7B38A4F43C7
:10D74000424D83B2B5B7A06343454678ACB5B5A3A7
:10D75000644445497DB0B4B4945445445B9CB3B42F
:10D76000A86B46474D8BB2B3AD7547474D8BB1B2F1
:10D77000A96A47485598B1B29755484976ADAFACBC
:10D780007048495EA1B0AE7D4A4A5AA0AEB07D4C09
:10D790004961A4AEAA70494C70ADAC9D554D5197EE
:10D7A000ACAD724D4B80ABAE86504A71A8AD8F5375
:10D7B0004B6CA6AD8A514D75AAAA7F4C5382B0A07E
:10D7C0006F476498B18A574D7BAAA36B4B689FAA99
:10D7D000814E5A91AE8955548BAC8F585487AC8F7B
:10D7E000595589AB87545B93A98050679EA26F50AF
:10D7F0007BA88E595C91A6755276A68F5961999F28
:10D80000695587A57B5376A38A576EA18F5C669C6A
:10D81000925D659B925D679B905B6E9D8B5A74A039
:10D820007E5A7F9F745D8E9764699A865C7D9C703A
:10D8300062928E607B9A7065938A6181966B6C961A
:10D840007B638C8C647F946B7494726C927B698F15
:10D8500082688A836886876A85866B85846D8584FD
:10D860008589878785837E79787A7C7D7C7D7C7DC0
:10D870007C7D7C7D7C7D7C7D89B5C6D5DEE4E7E75B
:10D88000E6DFD9CBBD944D38271E16131113171F91
:10D890002A3A55A0BFCEDAE1E5E8E6E3DBD2C2AD35
:10D8A000653D2E2119141213151D2535488DBBC950
:10D8B000D8DFE5E7E7E4DDD5C5B4744032221B14B8
:10D8C0001312161C25344586BAC7D7DDE5E6E7E313
:10D8D000DDD4C5B3733E32211C131412171C283536
:10D8E0004D93BDCAD9DEE6E5E7E1DCCFC2A65F39DC
:10D8F0002D1E1A1214131A1F2E3A63AAC2D1DCE18C
:10D90000E6E5E5DDD8C7BA814434241C15131317A6
:10D910001D26374B92BDCAD9DFE5E5E6DFDACCBE7E
:10D920009A5137281E181314151C24344587BAC879
:10D93000D7DDE5E5E6E0DACDC09D5438291E1814A0
:10D9400014161D24354689BBC8D8DEE5E4E5DFD9C9
:10D95000CABE914B37261E161414181E2937539D24
:10D96000BFCDDAE0E5E4E4DCD6C5B5743F32211C76
:10D970001415141B21313D71B4C4D5DCE3E4E5DF9B
:10D98000DACCBE9A5037281E171515181F2A395998
:10D99000A4C0D0DAE1E4E4E1DBD0C2A55B3A2B1FFE
:10D9A000191515171E2838519AC0CDDAE0E4E4E2C3
:10D9B000DAD2C1A961392C1F191516181F2939543B
:10D9C0009EC0CEDAE0E4E4E0DACEC09D5339281FF1
:10D9D0001816151A202E3B66AEC2D3DBE2E3E4DD57
:10D9E000D8C8BA884434231D1616161E2435468915
:10D9F000BCC9D8DEE4E3E1DAD1C1A6593A2A20183D
:10DA000016161B202F3C6EB2C3D5DBE3E2E3DBD559
:10DA1000C4B26C3E2F211B161619202B3A60ABC1E5
:10DA2000D2DAE2E2E3DCD6C5B6753F31221C161726
:10DA300019202B3A5EA9C2D2DAE1E2E2DBD5C4B208
:10DA40006D3D2F211B16171A212F3D70B4C3D5DB56
:10DA5000E3E1E2D9D2C0A75A3929201818171E24A9
:10DA600036458BBCCAD8DEE2E2DDD8C8BB8543337D
:10DA7000231D17171A202D3C64AEC3D3DBE1E2E06F
:10DA8000D9D0C0A25637291F1917191E2837539FFE
:10DA9000BFCFD9E0E1E1DBD3C2AD643A2D201B1743
:10DAA000191D27364C95BECCD9DEE2E0DCD3C4AEDE
:10DAB000693A2E1F1C171A1D27364D95C1CCDADD89
:10DAC000E2DFDCD0C3A75F372C1E1C161B1E2B37D2
:10DAD0005AA3C3CFDCDEE2DDDACBBF964E34281D7D
:10DAE0001A171D21313D7AB6C6D5DCE0E0DCD5C57C
:10DAF000B4703C30211C181A1E2937539DC2CEDB4E
:10DB0000DEE2DDD9CABF904935261E19191D24331E
:10DB1000458ABCC9D8DCE1DEDBCFC1A259362A1E5A
:10DB20001B181D21323F78B8C7D6DCE0DFDAD1C23E
:10DB3000A75D382B1F1C181D22313F77B7C6D6DBD7
:10DB4000E1DEDBCFC3A156382A1F1B191E23334346
:10DB500085BCC8D8DCE1DDD9CCBF964D35271E1A6F
:10DB60001A1F2836509BC0CDD9DDE0DBD6C6B87B66
:10DB70003E31211E191D202F3B6BB2C5D4DADFDDEB
:10DB8000DACEC19E5337281F1B1B1F2736509BC060
:10DB9000CDD9DDDFDAD4C5B26B3C2F211D191E2390
:10DBA000334284BBC8D8DBE0DBD7C7BA7F4033221F
:10DBB0001E191E22313E75B7C6D6DAE0DBD8C8BCC6
:10DBC000824234231F1A1E22313E75B8C6D6DADFD0
:10DBD000DBD7C7BA7D4032221F1A1F23334285BBD1
:10DBE000C8D7DBDFDAD5C5B4703B2F211E1A20263B
:10DBF000364C97C0CDD9DCDDD9D0C1A3553829200A
:10DC00001C1D212D3B66B0C4D4D9DEDAD7C8BA8139
:10DC10004032231F1A202536488FBFCBD8DCDDD8F1
:10DC2000CFC19E513828211B1F22303D75B7C6D663
:10DC3000DADED9D3C4AF643B2D211D1D212C3A62FD
:10DC4000AEC3D3D9DED9D5C6B6713D30221E1C2154
:10DC50002A395BA8C2D1D8DDDAD6C6B7783D3122E1
:10DC60001F1C222A3A5CAAC2D2D8DDD9D5C4B5700D
:10DC70003C2F221E1D222D3B67B1C4D4D8DDD8D243
:10DC8000C2AC60392B211D1F23324182BAC8D6DABB
:10DC9000DCD7CDBF94493725211C2227384F9DC0A2
:10DCA000CFD7DCD8D5C5B56D3D2E231E1F23313E01
:10DCB00075B7C7D5DADBD7CCBF93493526211D22EE
:10DCC0002A385CAAC1D2D7DCD7D2C1AA5D392A22B0
:10DCD0001E2126364A95BFCDD7DBD9D4C4B36D3BC0
:10DCE0002E221F2025344589BECAD7DAD9D4C6B51D
:10DCF000743C3022201F2632458BBDC9D7D9DAD3D8
:10DD0000C6B36F3B3022201F2733488BC0C9D8D8F9
:10DD1000DAD1C6AC65392E21211F2A355199C3CCE1
:10DD2000D9D7DACDC49E55362B2021212E3962ABAE
:10DD3000C5D0DAD8D7C8BE88453326202124324240
:10DD400085BCC8D6D8D9D1C5AC62392D2121212CAA
:10DD5000375FA8C3D0D8D8D6C9BD85443425212083
:10DD60002733478EBEC9D7D7D9CDC39F55362B2170
:10DD70002223313C75B7C6D4D8D8D1C4AF67382F69
:10DD80002123212F3969AFC4D2D8D8D3C6B4713B6F
:10DD9000302223212D3761AAC3D0D8D7D4C6B67478
:10DDA0003C312323212D3762ACC3D0D7D7D3C5B4A0
:10DDB000713B302223222F3A67B0C5D2D7D7D1C4C6
:10DDC000AD62392E222323323E79B8C6D5D6D7CDBF
:10DDD000C29C513729222227344993BFCAD7D6D6AD
:10DDE000C8BC8141332423222D3861ABC4D0D7D69F
:10DDF000D1C3AB60382D22232634458BBDC9D6D57F
:10DE0000D6C8BC8242332524232E3A65AFC4D2D66D
:10DE1000D6CDC29F52372A232329374F9AC2CCD658
:10DE2000D5D2C4B0663A2E23242634468DBDC9D639
:10DE3000D5D4C6B8793D3124252433407EBBC7D51F
:10DE4000D4D5C7BB7E4033252524323E7BB9C6D40A
:10DE5000D4D5C7BB7D4033252525323F7EBAC6D5F4
:10DE6000D4D4C6B9783E32242526344387BDC8D5DC
:10DE7000D4D3C4B36C3B2F242528364D99BFCCD4C2
:10DE8000D4CFC2A658382B25252C395CA9C2D0D4B2
:10DE9000D4CABE8D4636262625333F7BB9C6D4D399
:10DEA000D2C4B2693C3025262938519FC1CDD4D483
:10DEB000CBBF954936282625333F7EBAC6D4D3D268
:10DEC000C3B0673A2E25262C3A5CA9C2D0D3D3C75B
:10DED000BB834034262728374A95BFCBD3D3CCBF4A
:10DEE000984B37282726344283BCC7D4D2CFC0A54D
:10DEF00056382B2726323F76B8C6D2D2D0C2A85A7F
:10DF00003A2C2726313D73B7C4D3D1D0C1AC5F3989
:10DF10002D2726313D77B7C4D2D1D0C1A95A392C8B
:10DF20002727333F7FBAC6D2D2CDBFA051382A2887
:10DF30002835458EBDC9D2D2CABD92473628282A77
:10DF4000384F9EBFCDD1D2C5B8753E3227282E3B63
:10DF500067B1C2D1D0D0C0AC5E3A2C2828344284FC
:10DF6000BCC8D2D1C9BC8D443528292B3A59A9C186
:10DF7000CFD0D0C1AF623A2E2828354384BCC8D157
:10DF8000D1C8BB87423428292E3B66B1C1D1D0CE3F
:10DF9000BFA2513A2A2A29394C9CBECDCFD1C2B357
:10DFA000693C2E2928364289BBC9D0D1C5BA7D40EB
:10DFB000322928333E79B7C6CFD1C8BC8A45342A26
:10DFC00028313B6EB3C4CFD0C9BD9249352B283020
:10DFD0003B67B0C3CED1C9BF9049362B29303B66D1
:10DFE000AFC4CED1C9BE9048352B29313C6EB3C4E5
:10DFF000CED0C7BC8643352A2A33407BB9C5D0CEA4
:10E00000C6B6773D34282C34478BBEC6D1CCC4ACC1
:10E01000643831272F36559EC2C9D2C8C19B5235AC
:10E020002E28323B6DB1C5CDD0C5B97A40332A2CEC
:10E0300035488FBFC7D1CAC2A55D3730283239678E
:10E04000ADC3CCD0C6BA8241352A2C354A90BEC762
:10E05000D0CAC2A157373028333B71B3C4CDCEC428
:10E06000B4743C3429303657A2C2C9D0C6BD8746E5
:10E07000352C2C36478ABEC6D0C8C19D52372F2AB0
:10E08000343F7DB9C4CFCAC3A75D393129333B7151
:10E09000B3C3CDCCC3AE683A3229323A66ADC3CCF5
:10E0A000CDC3B3703B3329323966ADC2CCCDC3B2D8
:10E0B0006C3C332A323967AEC2CCCCC3B16A3B3335
:10E0C0002A333B6AB0C3CCCCC2AD6639322A353D67
:10E0D00076B5C3CDC9C1A35839302B364280BBC4F5
:10E0E000CFC6C0934C382E2E374C94BFC6CEC4BB7F
:10E0F0007E42362C313A5EA9C1CACBC2AD653B33F4
:10E100002B353F77B8C3CDC7BF974D382E2F37512A
:10E110009BBFC7CDC3B6773E352B353C6FB3C2CC62
:10E12000C7C09B51392F2F374F98BEC7CDC2B67687
:10E130003D352C353E73B6C2CCC6BE954C382E311B
:10E140003A58A3C0C9CAC0AB623A332D38478BBD19
:10E15000C4CDC2B87B3F362C363E74B6C2CCC5BCEB
:10E160008E48382E333B67AFC0CBC7BF9A50392F8C
:10E17000313A58A4C0C8C9BFA75C3A323039529E60
:10E18000BEC7C9C0AB613A332E3A4B95BEC6CAC0B2
:10E19000AC623C332F394B94BEC6CAC0AC613C3331
:10E1A0002F3A4D96BEC6CABFA95E3C33303A519B4A
:10E1B000BFC6C9BEA5583B31323A5BA6BEC8C7BD73
:10E1C0009D523930333C64AEBFCAC4BC8C47392F32
:10E1D000363F77B5C1CBC1B77D40372F394589BCB4
:10E1E000C3CABFAD623C34313B56A3BEC8C5BD9661
:10E1F0004C3A30363E72B5C0CAC1B6764037303A76
:10E200004A94BCC5C8BEA3573B32343D66AFBFC9B4
:10E21000C1B8804238303A4A93BBC5C7BEA0543C0F
:10E2200032353E6CB2BFC9C0B6774037313B519DE5
:10E23000BCC6C4BC944B3B3038427DB8C1C8BEA9F3
:10E240005E3E33353D65AEBEC8C0B6794038323C1F
:10E25000529EBCC6C3BA90493A313A478CBBC2C73A
:10E26000BBA0543C3238417AB7C0C7BEA85C3E332D
:10E27000363F6BB1BFC8BEB0673E35353E67AFBDF8
:10E28000C8BEB3713F37343E5EAABDC7BFB472404B
:10E2900037343D5FABBCC7BFB4704137353D62AB6F
:10E2A000BCC7BEB3723F37353F61ACBDC7BDB16CB3
:10E2B0003F36364068B0BEC7BCAC633E35384273AB
:10E2C000B5BFC6BBA4583D343A4687B8C1C3BB925C
:10E2D0004B3D333D4D99BAC4C0B781433A343F5AA0
:10E2E000A7BCC6BDB06C3F37384175B4BEC5BAA136
:10E2F000533E333C488DB9C2C1B882453B353F5C83
:10E30000A8BBC5BCAE673F363A437EB6BFC3B9961D
:10E310004C3D343E54A2B9C5BCB26E413739427A45
:10E32000B5BEC3B8974D3D353F55A2BAC4BCAE6526
:10E3300041373B447FB6C0C1B888463C364061ABEC
:10E34000BAC4BAA75A3F363D4B94B9C2BEB3714264
:10E350003939437BB5BEC1B78F483D364160ABBB51
:10E36000C3B9A15440353F529FB8C3BBAD614236DB
:10E370003E4891B7C2BCB37044383C4483B4C0BE7D
:10E38000B77D463A3B4177B2BEBFB888493C3A4078
:10E390006CAFBDC0B9914C3D394065ABBCC0B996BE
:10E3A000503C3A3F63A8BDBEBB93503D3A3F65A980
:10E3B000BCBFBA96503C3A4064A8BDBEBA8F4E3C32
:10E3C0003B406AADBDBEB88E4C3C3C4174B0BDBE56
:10E3D000B684473C3B457DB4BDBDB278423D3B4A27
:10E3E00084B9BCBEAB6B3F3D3C5392BCBBBDA05E91
:10E3F0003D3D3D5FA0BDBBBB91513C3E4074AFBDB8
:10E40000BCB480453D3C4A87B8BBBDA7663F3D3D97
:10E41000589ABCBBBB95543D3E4173AEBCBCB37E69
:10E42000453E3D4C8AB9BABCA2603E3F3E65A6BCA3
:10E43000BBB7844A3E3E4981B6BBBBA7683E3F3E60
:10E440005FA0BCBAB88A4C3D3E4883B6BABBA6644E
:10E450003F3F3F63A5BBBAB682483F3E4D8AB8B93D
:10E46000BB9E5C3E40416FADBBBAB075433F3F576A
:10E4700099BAB9B88E4E3F3F4A86B6B9BB9F5D3F49
:10E4800040426FADBABAAE7242403F5C9EBBB8B676
:10E490008049403F5091B8B9B895533F404884B443
:10E4A000B9BA9E5C40404473B0B9BAA666414141D6
:10E4B0006AAAB9B9AE7342424063A4B9B8B17C4507
:10E4C000423F5D9FB8B8B381474140599BB8B8B44B
:10E4D000854941405698B8B8B5884B41415496B8E3
:10E4E000B7B5864B41415495B8B7B5824A424157BA
:10E4F00097B8B7B3814842415C9EB7B7B1784742FD
:10E50000425FA0B8B7AE7344434268A8B7B8A869E1
:10E5100043434470ACB7B7A3614243487EB2B6B739
:10E52000965542424F8DB5B6B5864C43425B9CB67C
:10E53000B6AF7546444369A8B6B7A5664344477964
:10E54000B0B6B5985743435292B5B5B27F494443EC
:10E5500065A5B5B6A7674444487CB1B5B6935344A6
:10E56000445595B6B4B0794744456AA9B5B69C5BA5
:10E5700044444F8CB4B4B2824A454464A4B5B4A4B4
:10E580006444454C87B3B3B3854C454562A3B4B5E9
:10E59000A16045454E89B3B3B1824A46456DA9B4E1
:10E5A000B49C5B45455595B3B3AC7347464877AECD
:10E5B000B3B38D5046465F9FB4B3A2614646508ABE
:10E5C000B3B2AE7748474875ADB2B38E5047456594
:10E5D000A3B3B39F5E46465595B2B2AA7046484B68
:10E5E00082B0B2B07D4B484870ABB2B28E51484653
:10E5F00067A4B2B29B5B4647599AB2B2A36347473E
:10E600005492B1B1A96F47484E86B1B1AD76494930
:10E610004B80AFB0AF7B4B494A7AADB0AF854D4927
:10E620004971ABB0B0894F49496FAAB0B08A50491F
:10E63000496EA9B0B18B5049496FA9AFB08A504A11
:10E640004970A9AFB0884F4A4972AAAFAF854E4A08
:10E650004A76ACAFAE824D4A4C7AADAFAC7C4B4AF9
:10E660004F85AEAFA9704B4A528DAFAFA5684A4AED
:10E670005794B0AE9F604A4A62A0AEB092564B4AE1
:10E680006CA7AEAE88504B4C7DACADAB764B4C51CD
:10E6900089AEAEA2654B4A5C99AFAE985A4B4B6CB3
:10E6A000A5ADAE85504C4D7CACADA8704C4C559191
:10E6B000AEAE9B5D4C4B66A2ADAD89524C4E7EAC6E
:10E6C000ACA7714C4C5996ADAD985B4C4C6FA7AC58
:10E6D000AB7A4E4D528AACAD9D614D4C64A0ACAC52
:10E6E00085514E5080ABABA3684D4D629EABAC8C58
:10E6F000534E5080ABABA2684E4D619CACAB89527F
:10E700004F5185AAAB9F654D4E65A0ABAB81504F75
:10E71000548CABAB9A5F4E4E6DA5AAA8774E4F5A5C
:10E7200096AAAB8E564F5181A9AAA1694E4F67A1F7
:10E73000AAA97D50505891AAAA915850507EA9A9D3
:10E74000A065504F6CA3A8A77751505D98A9AA88DF
:10E750005451548AA9A9965C515079A7A8A168512F
:10E76000506AA1A8A77651515F99A8A9855352571D
:10E770008EA9A89158525382A8A7985F51527CA69F
:10E78000A79D64525172A4A7A26E515268A0A7A57A
:10E79000755251669EA6A67952535F98A7A68154DA
:10E7A000525E97A6A78354535B92A7A68656535BE7
:10E7B00092A6A6885654598EA6A6875654598EA658
:10E7C000A68757545A90A6A68857545C93A5A68549
:10E7D00056545E94A5A58155555E95A5A47C5455C7
:10E7E0006299A4A3765455679CA4A17054556D9F5B
:10E7F000A49E69555574A2A49963555680A3A49309
:10E800005E565989A3A48B5A565D92A3A38157568D
:10E810006499A3A07256566D9EA29C6856577DA21D
:10E82000A2945F575A89A3A38458586195A2A176F0
:10E8300057576F9EA1996658587DA1A28F5D585E6B
:10E8400090A1A17B58586B9CA09D6C58587BA1A1AE
:10E850008F5E595E90A0A07959586E9D9F9A695914
:10E860005A80A1A08A5C5A63959F9E725959779FDE
:10E870009F91605A5E8F9F9F795A59719C9F9564B2
:10E880005B5D899F9F7E5B5A6D9A9E97675B5C87F5
:10E890009E9F805C5B6C9A9E97675C5D869E9E8067
:10E8A0005C5C6C9A9D96675C5E879E9D7E5C5C70EE
:10E8B0009A9D90635D618F9C9C745C5C799C9C8B41
:10E8C000605D66939C976B5D5E859C9C7F5D5D70D3
:10E8D000999B91655D64909B99715E5E7E9B9B8424
:10E8E0005F5E70989A91645F638E9B98705F5F82A1
:10E8F0009A9A805F5F73989A8C636067919A946B21
:10E9000060618899997860607D9999836160729758
:10E91000988D6461689198936A6163899896726131
:10E92000628198977B61617897978362627196970D
:10E930008A64636B92968F6864678E96936C646446
:10E940008996957164638395967764638195967BC8
:10E9500064637D949680656379949680666476920C
:10E9600096836764759295866864739095866965E9
:10E97000718F95876A64738F94886B65728E9486A5
:10E980006B65748E93876B66738E93856B66758EDD
:10E9900092856B67758E92826B67788F91806A68BB
:10E9A000788F90806A697B8F8F7D696B7E908D7A7E
:10E9B000696C80908C79696E81908A776970849097
:10E9C00087746973868F84726A76888E81706C7999
:10E9D0008A8C7E6E6E7D8B8A7B6E70808C87786D64
:10E9E00073838B84756E77858A81736F7A87897D4F
:10E9F00072727D88867A7174808783787277828656
:10EA00008077747A83847D76777D82817B787A7E45
:10EA10007E7C7D7C7D7C7D7C7D7C7D7C7D7C7D7C2D
:10EA20007D7C7D7C7D7C7D7C7D7C7D7C7D00000093
:10EA30006B3E4F673E53633F4B48464D49436947E2
:10EA4000476E434B6B3F4F61404F564051553F53CC
:10EA5000533E5D563C65523E6B4F406C48465946AE
:10EA6000454A4843654E406E4648494D3E6C4F43CB
:10EA7000584C3F60583D60533C5C5F3F4E4C4152A8
:10EA8000693E4B61484550454565523B645C3B5788
:10EA9000673E4C64494261503F5A5A3D525F42487A
:10EAA000664A4066583A5F613D516443484C4D4068
:10EAB00055683E4C6749425356414E6B42484D5251
:10EAC0003E556644435D5A3C5454474166563D505A
:10EAD0006749405A5D404A5A4D4151524546544E4D
:10EAE000424B5A4B405660434463593C51664C3E3E
:10EAF0005C5E434459613E4A64563B53594F3D5610
:10EB000064494056574A3D66574641635A434462FA
:10EB10005A4049674F43496B4A45476C4847456EE1
:10EB20004749426C4C493F695545426557434464E7
:10EB30005A4047546B3D4B4E6E38513F783F4F3EE5
:10EB400079424F3B69544544546B3E4C4377444CA7
:10EB50003E73594345587539513D7C454D3D625D85
:10EB600041484A6F3F4E3D745D3F4B45723F503BBD
:10EB700073623F4C4471444B405B6E3B513B835945
:10EB800042484C80404E3D63733A52397C663C4F5C
:10EB90003F88514449477145494352733E4E3E5E5A
:10EBA000763C4F3D61693D4F3E5B643E4F3D667034
:10EBB0003A52396D7A39523B667F3B503E59784222
:10EBC0004A454A6E4846494378583E503B7B663C2E
:10EBD000503D5E763F4C444B6C4C434D3E72633C23
:10EBE000503D5E80414A4744755D3C513E576948FF
:10EBF000444D3C796E3A513E568149444D3D6682C2
:10EC00003C4D4546675F3C50404F6F543E513D5828
:10EC10006E4C41503D5C6C4943503A688142474DCF
:10EC20003D6F723E4B494164863A4F4448528C3D99
:10EC30004F424B4A87404F40503D8F5049434F3AD7
:10EC40008466404A49406F7D37533E504196474D58
:10EC500041503A75773C4F434C47934C49454D3EA4
:10EC60006B8439523F513D90554549484653984829
:10EC70004A444D3E6C8638533D53387A743B50417C
:10EC8000503B80723A523E533988823A5140513A51
:10EC9000747A395240513D648A404C454B455093FB
:10ECA0004E454B454D3E84663B523F523A7295402D
:10ECB0004D454A4845885D3D513F523B6587444834
:10ECC0004B44503B7F703D4E45494945A16B3D4FFC
:10ECD000434C454C9155434C454B4550944E474908
:10ECE00049474A48A15C434B48484A47A760434AC2
:10ECF00049464E3D8A8A3952424D46465FAB3F51A6
:10ED0000405041513FA563434A49474B435EA847A2
:10ED10004C454D43503B80953953405041513D9FA8
:10ED2000773D50434E43503C977C3A5241504152BC
:10ED30003A92833A52415041523B889B404F444D56
:10ED4000454D425BA74F474B474C454F3E95823A56
:10ED500052414F434F4061B3624050424F42523B99
:10ED60007CB04F474B464D43503D81A0434C4749F3
:10ED70004A474D407DB1474C464B48494A4566BAE3
:10ED8000524A464C454D444F40A4903E4F454C4757
:10ED90004A4A4563BB5649484B474C454E4187ADAF
:10EDA0004B4B474B474C464E4189AD464D454D4533
:10EDB0004D44503E8FA7444E454D464C464E416F04
:10EDC000BD6A434D464C464D454F40A095404F458A
:10EDD0004C474B484B4659BA88424D474B484B48E5
:10EDE0004B465BBB7E424D474B484B484B465CBB5A
:10EDF00084424D474B484A49494B489EAB4A4C4791
:10EE00004C484B484B494859BD86444C484A494AAE
:10EE10004A494A475DBA8D434D474B484B484B4999
:10EE20004A51B494444D484B484B484B484D448B51
:10EE3000BA58484A4A494A494B484C455DB3A54FE0
:10EE4000494A4A4A4A494A494B4755ADAD57464C4B
:10EE5000484B494B494A494A4CA1B764434E464D39
:10EE6000474D474D464E4365B0AD5A454C484B491A
:10EE70004B494B484C455EB4A653464C484C484C15
:10EE8000484C484C47509FB969464B4A4A4B494CFD
:10EE9000484D4650416EB4AF63434E474C494B4AD0
:10EEA0004A4B484D4468B3AE694150454E464E47C3
:10EEB0004D474E464F428EB99C4A4B494B494B49B0
:10EEC0004B494B494B4A4C95B99E4F474D484D478E
:10EED0004D474E464F45523F80B1B36D424F484C6F
:10EEE000494B4B4A4C484D4750407AB3B27D3E5255
:10EEF000454F474D484C494C4A4A4C4663B4ACA92F
:10EF00004B4E474E474E474E474E474E4650436046
:10EF1000AAB49C494B4B4A4B4A4C494C494D484E2C
:10EF2000474F459EAEB579424F484D494C4A4B4BF1
:10EF30004A4C494D4750417FB5AF994251464F47E2
:10EF40004E484E484D484D484E474F469FAFB29AA7
:10EF5000464E484D494C4A4C4A4C494C494D484F05
:10EF60004374B9A7B560474D4A4C4A4B4B4B4B4B8A
:10EF70004B4B4A4C4A4D4663B5A7B78E454E494C5C
:10EF80004A4C4A4C4A4C4B4B4B4B4B4B4C4955AE65
:10EF9000ACB2A14D4B4B4B4B4B4B4B4B4B4B4B4BA1
:10EFA0004B4B4B4A4D485EB2A9B49D4D4B4C4B4C1C
:10EFB0004B4C4A4C4A4C4A4C4A4D494E4850437877
:10EFC000B8817D7C7D7C7D7C7D7C7D7C7D7C7D7C39
:10EFD00090C6CD8D273A2999CBCC9D2A382A98CE38
:10EFE000C8AF3435297AD1C2C8522D304AC3C4D0F3
:10EFF0008D2B38297FD0C2CD68293631A1CDC5C52A
:10F00000552C3433A1CEC3CA6828382B84CFC1D045
:10F01000862C372A55BFC8C8BF552B372B79CDC290
:10F02000CEAA402F352E7FCEC1CEAE472C382A6DCA
:10F03000C6C7C6C76B2B362E40A5CDC2CCAE492D58
:10F04000362D50B6C9C5CAAE4331333142ACC9C6FC
:10F05000C7C05F2F33333173C9C3CAC5B04334301F
:10F06000363183C7C5C7C8B04A3232343062C0C4F3
:10F07000C9C3C87F333531353480C6C4C9C3C67BE4
:10F0800033353136316BBFC4C8C4C9A549323432B7
:10F09000343987C6C3C8C3C9A44C32353136336846
:10F0A000B9C6C5C7C4C3853A343333343672BDC418
:10F0B000C7C5C6C39A4436323532354598C1C6C530
:10F0C000C6C4C3924436333533353B75BAC3C7C45F
:10F0D000C7C3BD7F3D3633353336396CB2C2C6C483
:10F0E000C6C4C3A95E3935333533363A65AAC1C5BE
:10F0F000C5C4C5C4BD904A3933363435343D579FF5
:10F10000BDC5C4C5C3C6C1B57E43393336333633F6
:10F110003B4A86B6C0C6C3C6C2C6BFB37D463A34F4
:10F120003634363536405899B7C1C5C3C4C3C5C295
:10F13000B79A59413635353635363541518AB1BBE6
:10F14000C5C2C4C3C4C3C2B4A063453A353635365C
:10F15000353637445080ADB6C3C2C4C3C4C3C3BF81
:10F16000B3A26A49403637353736363639444F729E
:10F17000A5AFBDC1C4C2C4C2C4C2C1B4AB885748E4
:10F180003E37373637363736393E4A547AA4AEB929
:10F19000BFC3C2C2C2C2C2C2BEB5AB95634F453D7A
:10F1A00038363737373737373E434E577AA1AAB408
:10F1B000BAC0C2C2C2C2C2C2C2BEB8AFA591635277
:10F1C00049413C38373738373837393D4348525B47
:10F1D0007B9DA5AFB4BABCC1C1C2C1C2C1C2BEBBD6
:10F1E000B4AFA49A765A5249443F3C39383838383B
:10F1F000383A3C4043484D565D7496A0A8ADB2B62F
:10F20000B9BBBEC0C1C1C1C0BEBCB9B5B0ABA39C87
:10F2100085635A514C4744403F3D3C3B3B3B3C3D62
:10F220003F4143464A4E535A60719099A1A6AAADF8
:10F23000B1B3B5B6B9BABCBCBDBCBCBAB9B6B4B052
:10F24000ADA7A39B9479635D56524D4B474643420D
:10F250004141404040414142444547494C4F52554D
:10F26000595E646D8794999EA1A5A7AAACAEAFB074
:10F27000B1B2B3B5AE9E817C7D7C7D7C7D7C7D7C96
:10F280007D7C7D7C7D7C7D7D7D7D7D7D7D7D7D7DB1
:10F290007D7D7D7D7D7D7D7D7D7D7D7D7D7D7D7D9E
:10F2A0007D766F69625C554E48413B342E27201AAB
:10F2B000130D06002F55736572732F616C6C656EAC
:10F2C00067616F2F446F776E6C6F6164732F454376
:10F2D000453639374C505F5475746F7269616C32C2
:10F2E0005F636F70792F736F757263652F647269D6
:10F2F000766572732F6472765F737065616B657289
:10F300002E6300001BFFFFFF06000000FA00000054
:10F310007D127D343C7A00202F55736572732F6106
:10F320006C6C656E67616F2F446F776E6C6F616494
:10F33000732F4543453639374C505F5475746F729F
:10F3400069616C325F636F70792F736F757263657B
:10F350002F6D6F64756C65732F6D5F626174745F80
:10F360006D6561732E6300001B5B313B33336D6D44
:10F370005F626174745F6D6561732020203A57414C
:10F38000524E494E473A45727220636F646520724F
:10F39000657475726E656420696E2066696C653A85
:10F3A0002025732C206C696E653A2025642C20631F
:10F3B0006F6465202564200D0A0000000108060125
:10F3C0005468696E67790000000000066002B406A8
:10F3D0000018000000400103676F6F2E676C2F70EC
:10F3E00049576469720000000E0000000000000030
:10F3F000000000000000000000000000000000000D
:10F4000000000000000000000000000000000000FC
:10F4100000000000000000000000000000000000EC
:10F4200000000000000000000000000000000000DC
:10F4300000000000000000000000000000000000CC
:10F4400000000000000000000000000000000000BC
:10F4500000000000000000000000000000000000AC
:10F46000000000000000000000000000000000009C
:10F47000000000000000000000000000000000008C
:10F48000000000000000000000000000000000007C
:10F49000000000000000000000000000000000006C
:10F4A000000000000000000000000000000000005C
:10F4B000000000000000000000000000000000004C
:10F4C000000000000000000000000000000000003C
:10F4D000000000000000000000000000000000002C
:10F4E00000000000FFFFFF0017006E6F7264696389
:10F4F00073656D692E636F6D2F7468696E6779002F
:10F5000000000000000000000000000000000000FB
:10F5100000000000000000000000000000000000EB
:10F5200000000000000000000000000000000000DB
:10F5300000000000000000000000000000000000CB
:10F5400000000000000000000000000000000000BB
:10F5500000000000000000000000000000000000AB
:10F56000000000000000000000000000000000009B
:10F57000000000000000000000000000000000008B
:10F58000000000000000000000000000000000007B
:10F59000000000000000000000000000000000006B
:10F5A000000000000000000000000000000000005B
:10F5B000000000000000000000000000000000004B
:10F5C000000000000000000000000000000000003B
:10F5D000000000000000000000000000000000002B
:10F5E000001600001B5B306D6D5F626C6520202093
:10F5F0002020202020203A494E464F3A496E646927
:10F60000636174696F6E20666F7220424C455F447F
:10F6100046552069732064697361626C65640D0AE4
:10F62000000000001B5B306D6D5F626C6520202068
:10F630002020202020203A494E464F3A496E6469E6
:10F64000636174696F6E20666F7220424C455F443F
:10F65000465520697320656E61626C65640D0A0011
:10F660001B5B306D6D5F626C6520202020202020A8
:10F6700020203A494E464F3A4465766963652069D1
:10F680007320656E746572696E6720626F6F746C4B
:10F690006F61646572206D6F6465210D0A00000062
:10F6A0001B5B313B33336D6D5F626C652020202026
:10F6B00020202020203A5741524E494E473A556E5D
:10F6C0006B6E6F776E206576656E742066726F6DF7
:10F6D00020626C655F6466750D0A00002F557365C6
:10F6E00072732F616C6C656E67616F2F446F776EFC
:10F6F0006C6F6164732F4543453639374C505F5406
:10F7000075746F7269616C325F636F70792F736F9C
:10F71000757263652F6D6F64756C65732F6D5F62B5
:10F720006C652E63000000001B5B313B33336D6D55
:10F730005F626C652020202020202020203A574145
:10F74000524E494E473A546F6F206665772072617A
:10F750006E646F6D20627974657320617661696C87
:10F7600061626C652E20547279696E6720616761F1
:10F77000696E200D0A0000001B5B306D6D5F626CCE
:10F78000652020202020202020203A494E464F3A54
:10F79000417661696C61626C652072616E646F6D47
:10F7A0002062797465733A202564200D0A000000F8
:10F7B0001B5B313B33336D6D5F626C652020202015
:10F7C00020202020203A5741524E494E473A457258
:10F7D0007220636F64652072657475726E65642053
:10F7E000696E2066696C653A2025732C206C696E01
:10F7F000653A2025642C20636F6465202564200D04
:10F800000A0000001B5B306D6D5F626C652020207C
:10F810002020202020203A494E464F3A52616E6403
:10F820006F6D2076616C75652028686578293A20AF
:10F830000000000025303278000000000D0A0000B2
:10F840001B5B313B33316D6D5F626C652020202086
:10F8500020202020203A4552524F523A6F6E5F636B
:10F860006F6E6E5F706172616D735F6576743A2062
:10F87000424C455F434F4E4E5F504152414D535FA6
:10F880004556545F4641494C45440D0A000000006E
:10F890001B5B306D6D5F626C652020202020202076
:10F8A00020203A494E464F3A6F6E5F636F6E6E5F2F
:10F8B000706172616D735F6576743A20424C455F8A
:10F8C000434F4E4E5F504152414D535F4556545F3A
:10F8D0005355434345454445440D0A001B5B313BAA
:10F8E00033316D6D5F626C65202020202020202048
:10F8F000203A4552524F523A636F6E6E5F7061729A
:10F90000616D735F6572726F725F68616E646C6562
:10F91000723A2025640D0A001B5B306D6D5F626CCE
:10F92000652020202020202020203A494E464F3AB2
:10F930006F6E5F6164765F6576743A20424C455F16
:10F940004144565F4556545F464153540D0A0000EA
:10F950001B5B306D6D5F626C6520202020202020B5
:10F9600020203A494E464F3A6F6E5F6164765F657C
:10F9700076743A20424C455F4144565F4556545F89
:10F9800049444C450D0A00001B5B306D6D5F626C95
:10F99000652020202020202020203A494E464F3A42
:10F9A0006F6E5F626C655F6576743A20424C455FAE
:10F9B0004741505F4556545F434F4E4E4543544573
:10F9C000440D0A001B5B306D6D5F626C652020206A
:10F9D0002020202020203A494E464F3A6F6E5F6229
:10F9E0006C655F6576743A20424C455F4741505FD5
:10F9F0004556545F444953434F4E4E454354454446
:10FA00002E20526561736F6E3A2030782578200D74
:10FA10000A0000001B5B306D6D5F626C652020206A
:10FA20002020202020203A494E464F3A6F6E5F62D8
:10FA30006C655F6576743A20424C455F474154548B
:10FA4000535F4556545F45584348414E47455F4DC7
:10FA500054555F52455155455354202D2025640D72
:10FA60000A0000001B5B306D6D5F626C652020201A
:10FA70002020202020203A494E464F3A6F6E5F6288
:10FA80006C655F6576743A20424C455F474154543B
:10FA9000435F4556545F45584348414E47455F4D87
:10FAA00054555F525350202D2025640D0A0000004C
:10FAB0001B5B306D6D5F626C652020202020202054
:10FAC00020203A494E464F3A6F6E5F626C655F6523
:10FAD00076743A20424C455F4741505F4556545F2B
:10FAE000444154415F4C454E4754485F5550444152
:10FAF00054455F524551554553540D0A00000000CE
:10FB00001B5B306D6D5F626C652020202020202003
:10FB100020203A494E464F3A6F6E5F626C655F65D2
:10FB200076743A20424C455F4741505F4556545FDA
:10FB3000444154415F4C454E4754485F5550444101
:10FB400054450D0A00000000010000071B5B306DEA
:10FB50006D5F626C652020202020202020203A4903
:10FB60004E464F3A7463735F6576745F68616E6486
:10FB70006C65723A205443535F4D54555F52455162
:10FB80005F45584348414E4745202D2025640D0AC6
:10FB9000000000001B5B306D6D5F626C65202020F3
:10FBA0002020202020203A494E464F3A1B5B313B13
:10FBB00033326D6D5F626C653A2043757272656EAB
:10FBC000742046573A207625642E25642E2564201D
:10FBD0000D0A00001B5B306D6D5F626C652020209C
:10FBE0002020202020203A494E464F3A1B5B313BD3
:10FBF00033336D6D5F626C653A204D616A6F7220C0
:10FC00006F72206D696E6F72204657207665727331
:10FC1000696F6E206368616E6765642E205072653F
:10FC2000762E204657202866726F6D20666C6173B1
:10FC300068293A207625642E25642E2564200D0A35
:10FC4000000000006E6F2E6E6F7264696373656DE5
:10FC5000692E616E64726F69642E6E726674686973
:10FC60006E677900200000001B5B306D6D5F626C79
:10FC7000652020202020202020203A494E464F3A5F
:10FC80006E666320737472696E673A202573200D67
:10FC90000A0000006E6F7264696373656D692E639C
:10FCA0006F6D2F7468696E67790000001B5B313BD4
:10FCB00033316D6D5F626C65202020202020202074
:10FCC000203A4552524F523A626C655F73746163D9
:10FCD0006B5F696E6974206661696C6564202D20B4
:10FCE00025640D0A000000001B5B313B33316D6D54
:10FCF0005F626C652020202020202020203A455281
:10FD0000524F523A72616E646F6D5F766563746FC5
:10FD1000725F67656E6572617465206661696C65A6
:10FD200064202D2025640D0A000000001B5B313B80
:10FD300033316D6D5F626C652020202020202020F3
:10FD4000203A4552524F523A206D5F626C655F66B1
:10FD50006C6173685F696E6974206661696C656463
:10FD6000202D2025640D0A001B5B313B33316D6D66
:10FD70005F626C652020202020202020203A455200
:10FD8000524F523A5468696E67795F636F6E666965
:10FD9000675F766572696679206661696C65642063
:10FDA0002D2025640D0A00001B5B313B33316D6D46
:10FDB0005F626C652020202020202020203A4552C0
:10FDC000524F523A6761705F706172616D735F6923
:10FDD0006E6974206661696C6564202D2025640D50
:10FDE0000A0000001B5B313B33316D6D5F626C6557
:10FDF0002020202020202020203A4552524F523AE5
:10FE00005468696E67795F626C655F696E69743AA0
:10FE10002073657276696365735F696E69742066C5
:10FE200061696C6564202D2025640D0A00000000C6
:10FE30001B5B313B33316D6D5F626C652020202090
:10FE400020202020203A4552524F523A4164766594
:10FE500072746973696E675F696E6974206661693F
:10FE60006C6564202D2025640D0A00001B5B313B6E
:10FE700033316D6D5F626C652020202020202020B2
:10FE8000203A4552524F523A436F6E6E5F70617224
:10FE9000616D735F696E6974206661696C65642069
:10FEA0002D2025640D0A00001B5B313B33316D6D45
:10FEB0005F626C652020202020202020203A4552BF
:10FEC000524F523A626C655F616476657274697311
:10FED000696E675F7374617274206661696C6564D2
:10FEE000202D2025640D0A001B5B313B33316D6DE5
:10FEF0005F626C652020202020202020203A45527F
:10FF0000524F523A6D61632061646472657373206D
:10FF1000676574206661696C6564202D2025640D19
:10FF20000A0000004D414320616464722D3E20258B
:10FF300073200D0A000000001B5B313B33316D6DF7
:10FF40005F626C652020202020202020203A45522E
:10FF5000524F523A6E666320696E69742066616919
:10FF60006C6564202D2025640D0A00001B5B313B6D
:10FF700033316D6D5F626C652020202020202020B1
:10FF8000203A4552524F523A74696D65736C6F74E2
:10FF90005F696E6974206661696C6564202D202537
:10FFA000640D0A001B5B313B33316D6D5F626C6524
:10FFB0005F666C6173682020203A4552524F523A76
:10FFC00046445320696E6974206661696C656421DA
:10FFD0000D0A00002F55736572732F616C6C656E8E
:10FFE00067616F2F446F776E6C6F6164732F454349
:10FFF000453639374C505F5475746F7269616C3295
:0200000260009C
:100000005F636F70792F736F757263652F6D6F64A7
:10001000756C65732F6D5F626C655F666C6173688C
:100020002E6300001B5B306D6D5F626C655F666CFC
:100030006173682020203A494E464F3A4644532087
:100040007772697465207375636365737321202506
:10005000642046696C6549643A20307825782052DE
:1000600065634B65793A307825780D0A0000000009
:100070001B5B313B33316D6D5F626C655F666C613C
:1000800073682020203A4552524F523A464453203A
:100090007772697465206661696C6564210D0A0078
:1000A0001B5B306D6D5F626C655F666C61736820B1
:1000B00020203A494E464F3A676172626167652077
:1000C000636F6C6C65637420737563636573730D24
:1000D0000A0000001B5B306D6D5F626C655F666CD3
:1000E0006173682020203A494E464F3A46445320D7
:1000F00068616E646C6572202D202564202D20259A
:10010000640D0A001B5B306D6D5F626C655F666C31
:100110006173682020203A494E464F3A53746F72FB
:10012000696E6720636F6E66696775726174696F67
:100130006E200D0A000000001B5B313B33336D6DF8
:100140005F626C655F666C6173682020203A57417E
:10015000524E494E473A45727220636F6465207271
:10016000657475726E656420696E2066696C653AA7
:100170002025732C206C696E653A2025642C206341
:100180006F6465202564200D0A0000001B5B306D44
:100190006D5F626C655F666C6173682020203A4910
:1001A0004E464F3A4C6F6164696E6720636F6E66AE
:1001B000696775726174696F6E0D0A001B5B306D43
:1001C0006D5F626C655F666C6173682020203A49E0
:1001D0004E464F3A496E697469616C697A61746917
:1001E0006F6E0D0A000000001B5B306D6D5F626C6E
:1001F000655F666C6173682020203A494E464F3A2D
:1002000057726974696E672064656661756C7420E5
:10021000636F6E6669670D0A00000000D007D007A3
:10022000D007DC0502674E1D000000000000000042
:10023000EC7E00200C7F00202C7F00204C7F0020D3
:100240006C7F00201B5B313B33336D6D5F656E76D9
:100250002020202020202020203A5741524E494E75
:10026000473A536D6172744C6561662073706561C5
:100270006B657220616C657274206661696C65647F
:100280003A2025640D0A00002F55736572732F61A3
:100290006C6C656E67616F2F446F776E6C6F616415
:1002A000732F4543453639374C505F5475746F7220
:1002B00069616C325F636F70792F736F75726365FC
:1002C0002F6D6F64756C65732F6D5F656E766972E7
:1002D0006F6E6D656E742E63000000001B5B313B1A
:1002E00033336D6D5F656E76202020202020202026
:1002F000203A5741524E494E473A534D4152544C81
:1003000045414620414C4552543A2044727920617F
:100310006972202F20706F737369626C652077613A
:100320007465722069737375650D0A001B5B313B40
:1003300033336D6D5F656E762020202020202020D5
:10034000203A5741524E494E473A534D4152544C30
:1003500045414620414C4552543A20506F737369D1
:10036000626C65206F7665727761746572696E671D
:10037000202F20746F6F206D756368206D6F697317
:10038000747572650D0A00001B5B313B33336D6D74
:100390005F656E762020202020202020203A5741C3
:1003A000524E494E473A534D4152544C45414620D6
:1003B000414C4552543A204869676820564F4320C3
:1003C0002F20706F737369626C6520706C616E743E
:1003D0002064656361792E2054564F433D25642087
:1003E0007070620D0A0000001B5B306D6D5F656E02
:1003F000762020202020202020203A494E464F3AC7
:100400004C494748542044454255473A20636C655F
:1004100061723D2564207468726573686F6C643D19
:100420002564206C6F775F73616D706C653D25642A
:1004300020636F756E743D25642061637469766511
:100440003D25640D0A0000001B5B313B33336D6DAD
:100450005F656E762020202020202020203A574102
:10046000524E494E473A4C6F77206C69676874204A
:10047000616C6572742120436C6561723D25642056
:10048000523D256420473D256420423D25640D0AE8
:10049000000000001B5B313B33336D6D5F656E7692
:1004A0002020202020202020203A5741524E494E23
:1004B000473A45727220636F646520726574757285
:1004C0006E656420696E2066696C653A2025732C20
:1004D000206C696E653A2025642C20636F6465206A
:1004E0002564200D0A0000001B5B313B33336D6D2A
:1004F0005F656E762020202020202020203A574162
:10050000524E494E473A4E6F2076616C69642062C4
:100510006173656C696E652073746F7265642069C0
:100520006E20666C6173682E20426173656C696E23
:1005300065206E6F74207772697474656E20746FB5
:10054000206761732073656E736F722E0D0A000051
:100550001B5B306D6D5F656E762020202020202093
:1005600020203A494E464F3A496E69743A20626CEF
:10057000655F7465735F696E6974200D0A00000021
:100580001B5B306D6D5F656E762020202020202063
:1005900020203A494E464F3A496E69743A200D0A76
:1005A00000000000080000000700000000006806CE
:1005B00006000000080000000700000000006806B8
:1005C00006000000080000000700000000006806A8
:1005D0000600000008000000070000000000680698
:1005E000060000001B5B313B33316D6D5F656E763D
:1005F0005F666C6173682020203A4552524F523A30
:1006000046445320696E6974206661696C65642193
:100610000D0A00002F55736572732F616C6C656E47
:1006200067616F2F446F776E6C6F6164732F454302
:10063000453639374C505F5475746F7269616C324E
:100640005F636F70792F736F757263652F6D6F6461
:10065000756C65732F6D5F656E7669726F6E6D6513
:100660006E745F666C6173682E6300001B5B306D97
:100670006D5F656E765F666C6173682020203A4915
:100680004E464F3A46445320636F6E666967207743
:1006900072697465207375636365737321202564C3
:1006A0002046696C6549643A203078257820526587
:1006B000634B65793A307825780D0A001B5B306D05
:1006C0006D5F656E765F666C6173682020203A49C5
:1006D0004E464F3A46445320626173656C696E65BD
:1006E0002077726974652073756363657373212065
:1006F00025642046696C6549643A20307825782065
:100700005265634B65793A307825780D0A00000010
:100710001B5B313B33316D6D5F656E765F666C617F
:1007200073682020203A4552524F523A4644532093
:100730007772697465206661696C6564210D0A00D1
:100740001B5B306D6D5F656E765F666C61736820F4
:1007500020203A494E464F3A4644532068616E6421
:100760006C6572202D202564202D2025640D0A0043
:100770001B5B306D6D5F656E765F666C61736820C4
:1007800020203A494E464F3A53746F72696E672083
:10079000636F6E66696775726174696F6E0D0A00CA
:1007A0001B5B313B33336D6D5F656E765F666C61ED
:1007B00073682020203A5741524E494E473A4572BD
:1007C0007220636F64652072657475726E65642053
:1007D000696E2066696C653A2025732C206C696E01
:1007E000653A2025642C20636F6465202564200D04
:1007F0000A0000001B5B306D6D5F656E765F666C96
:100800006173682020203A494E464F3A4C6F61642C
:10081000696E6720636F6E66696775726174696F70
:100820006E0D0A001B5B306D6D5F656E765F666CEA
:100830006173682020203A494E464F3A496E6974E8
:1008400069616C697A6174696F6E0D0A000000005D
:100850001B5B306D6D5F656E765F666C61736820E3
:1008600020203A494E464F3A57726974696E6720A4
:1008700064656661756C7420636F6E6669670D0AE6
:10088000000000001B5B306D6D5F656E765F666C0F
:100890006173682020203A494E464F3A5772697476
:1008A000696E672064656661756C7420626173654A
:1008B0006C696E6520746F20666C61736820307897
:1008C0002530347820307825303478203078253041
:1008D000347820307825303478200D0A000000006C
:1008E000E803F401F4010A00010000002F557365CC
:1008F00072732F616C6C656E67616F2F446F776EDA
:100900006C6F6164732F4543453639374C505F54E3
:1009100075746F7269616C325F636F70792F736F7A
:10092000757263652F6D6F64756C65732F6D5F6D88
:100930006F74696F6E2E63001B5B306D6D5F6D6F42
:1009400074696F6E2020202020203A494E464F3A8D
:10095000626C655F746D735F6576745F68616E6409
:100960006C65723A20424C455F544D535F45565476
:100970005F4E4F5449465F544150202D2025640D51
:100980000A0000001B5B306D6D5F6D6F74696F6EE8
:100990002020202020203A494E464F3A626C655F65
:1009A000746D735F6576745F68616E646C65723ACE
:1009B00020424C455F544D535F4556545F4E4F5453
:1009C00049465F4F5249454E544154494F4E202DA0
:1009D0002025640D0A0000001B5B306D6D5F6D6F9C
:1009E00074696F6E2020202020203A494E464F3AED
:1009F000626C655F746D735F6576745F68616E6469
:100A00006C65723A20424C455F544D535F455654D5
:100A10005F4E4F5449465F51554154202D20256467
:100A20000D0A00001B5B306D6D5F6D6F74696F6E3A
:100A30002020202020203A494E464F3A626C655FC4
:100A4000746D735F6576745F68616E646C65723A2D
:100A500020424C455F544D535F4556545F4E4F54B2
:100A600049465F5045444F4D45544552202D202561
:100A7000640D0A001B5B306D6D5F6D6F74696F6E86
:100A80002020202020203A494E464F3A626C655F74
:100A9000746D735F6576745F68616E646C65723ADD
:100AA00020424C455F544D535F4556545F4E4F5462
:100AB00049465F524157202D2025640D0A00000051
:100AC0001B5B306D6D5F6D6F74696F6E2020202031
:100AD00020203A494E464F3A626C655F746D735FF1
:100AE0006576745F68616E646C65723A20424C454D
:100AF0005F544D535F4556545F4E4F5449465F45D2
:100B0000554C4552202D2025640D0A001B5B306D8D
:100B10006D5F6D6F74696F6E2020202020203A4930
:100B20004E464F3A626C655F746D735F6576745FB5
:100B300068616E646C65723A20424C455F544D5357
:100B40005F4556545F4E4F5449465F524F545F4D78
:100B50004154202D2025640D0A0000001B5B306DE0
:100B60006D5F6D6F74696F6E2020202020203A49E0
:100B70004E464F3A626C655F746D735F6576745F65
:100B800068616E646C65723A20424C455F544D5307
:100B90005F4556545F4E4F5449465F48454144496E
:100BA0004E47202D2025640D0A0000001B5B306D90
:100BB0006D5F6D6F74696F6E2020202020203A4990
:100BC0004E464F3A626C655F746D735F6576745F15
:100BD00068616E646C65723A20424C455F544D53B7
:100BE0005F4556545F4E4F5449465F475241564900
:100BF0005459202D2025640D0A0000001B5B306D28
:100C00006D5F6D6F74696F6E2020202020203A493F
:100C10004E464F3A626C655F746D735F6576745FC4
:100C200068616E646C65723A20424C455F544D5366
:100C30005F4556545F434F4E4649475F52454345D3
:100C400049564544202D2025640D0A001B5B313B8D
:100C500033336D6D5F6D6F74696F6E2020202020BF
:100C6000203A5741524E494E473A45727220636FBF
:100C700064652072657475726E656420696E2066A5
:100C8000696C653A2025732C206C696E653A2025C5
:100C9000642C20636F6465202564200D0A00000029
:100CA0001B5B306D6D5F6D6F74696F6E202020204F
:100CB00020203A494E464F3A6D6F74696F6E5F73EC
:100CC0006572766963655F696E69743A20626C6506
:100CD0005F746D735F696E6974200D0A0000000017
:100CE0001B5B313B33316D6D5F6D6F74696F6E20CF
:100CF00020202020203A4552524F523A4641494C3A
:100D00004544202D2025640D0A0000002520312EA9
:100D1000336600002520312E326600002520322E59
:100D2000336600001B5B313B33336D6D5F6D6F7459
:100D3000696F6E2020202020203A5741524E494EA4
:100D4000473A6472765F6D6F74696F6E5F65767433
:100D50005F68616E646C65723A20556E6B6E6F777A
:100D60006E2064617461210D0A0000001B5B306D10
:100D70006D5F6D6F74696F6E2020202020203A49CE
:100D80004E464F3A496E6974200D0A0045574D4151
:100D90005F4441544120252E326600001B5B306DBC
:100DA0006D5F6D6F74696F6E2020202020203A499E
:100DB0004E464F3A2025730D0A000000535445500B
:100DC0005F44455445435445442025690D0A0000BD
:100DD0001B5B306D6D5F6D6F74696F6E202020201E
:100DE00020203A494E464F3A5472616E736D6974D1
:100DF00074696E672073746570000000080000005D
:100E00000700000000006806060000000F00000058
:100E10000E00000000006806060000001B5B313B6E
:100E200033316D6D5F6D6F74696F6E5F666C61738A
:100E3000683A4552524F523A46445320696E69749B
:100E4000206661696C6564210D0A00002F55736589
:100E500072732F616C6C656E67616F2F446F776E74
:100E60006C6F6164732F4543453639374C505F547E
:100E700075746F7269616C325F636F70792F736F15
:100E8000757263652F6D6F64756C65732F6D5F6D23
:100E90006F74696F6E5F666C6173682E630000002B
:100EA0001B5B313B33316D6D5F6D6F74696F6E5FCE
:100EB000666C6173683A4552524F523A4644532029
:100EC0007772697465206661696C6564210D0A003A
:100ED0001B5B313B33336D6D5F6D6F74696F6E5F9C
:100EE000666C6173683A5741524E494E473A4572B3
:100EF0007220636F64652072657475726E6564201C
:100F0000696E2066696C653A2025732C206C696EC9
:100F1000653A2025642C20636F6465202564200DCC
:100F20000A0000001B5B306D6D5F6D6F74696F6E42
:100F30005F666C6173683A494E464F3A57726974FE
:100F4000696E672064656661756C7420636F6E6698
:100F500069670D0A000000001B5B313B33336D6D88
:100F60005F736F756E64202020202020203A574147
:100F7000524E494E473A6472765F737065616B6595
:100F8000725F6576745F68616E646C65723A204466
:100F900052565F535045414B45525F4556545F4250
:100FA00055464645525F5741524E494E470D0A003D
:100FB0002F55736572732F616C6C656E67616F2F4F
:100FC000446F776E6C6F6164732F454345363937D4
:100FD0004C505F5475746F7269616C325F636F70EF
:100FE000792F736F757263652F6D6F64756C6573A0
:100FF0002F6D5F736F756E642E6300001B5B313B5A
:1010000033336D6D5F736F756E6420202020202058
:10101000203A5741524E494E473A6472765F6D69A5
:10102000635F646174615F68616E646C65723A20CD
:1010300073697A65203D202564200D0A00000000B8
:101040001B5B313B33316D6D5F736F756E642020B8
:1010500020202020203A4552524F523A6472765F47
:101060006D69635F646174615F68616E646C657211
:101070003A204661696C656420746F2073656E6404
:101080000D0A00001B5B306D6D5F736F756E642021
:101090002020202020203A494E464F3A7473735F37
:1010A0006576745F68616E646C65723A20424C4587
:1010B0005F5445535F4556545F4E4F5449465F4D0C
:1010C0004943202D2025640D0A0000001B5B306D74
:1010D0006D5F736F756E64202020202020203A49B8
:1010E0004E464F3A7465735F6576745F68616E64EF
:1010F0006C65723A20424C455F5445535F455654E7
:101100005F434F4E4649475F524543454956454424
:10111000202D2025640D0A001B5B306D6D5F736F01
:10112000756E64202020202020203A494E464F3AF8
:10113000736F756E645F736572766963655F696E00
:1011400069743A20626C655F7473735F696E697469
:10115000200D0A001B5B313B33316D6D5F736F7582
:101160006E64202020202020203A4552524F523ACF
:101170004641494C4544202D2025640D0A000000BD
:101180001B5B306D6D5F736F756E642020202020B7
:1011900020203A494E464F3A536F756E645F696E30
:1011A0006974200D0A000000020214AC0D0000005A
:1011B000020414AC0D0000000201146B03000000D7
:1011C0002F55736572732F616C6C656E67616F2F3D
:1011D000446F776E6C6F6164732F454345363937C2
:1011E0004C505F5475746F7269616C325F636F70DD
:1011F000792F736F757263652F6D6F64756C65738E
:101200002F6D5F75692E63001B5B313B33336D6D52
:101210005F7569202020202020202020203A57417F
:10122000524E494E473A45727220636F6465207290
:10123000657475726E656420696E2066696C653AC6
:101240002025732C206C696E653A2025642C206360
:101250006F6465202564200D0A0000001B5B306D63
:101260006D5F7569202020202020202020203A4911
:101270004E464F3A4D6F64653A20424C455F5549A2
:10128000535F4C45445F4D4F44455F4F4646200DEC
:101290000A0000001B5B306D6D5F75692020202007
:1012A0002020202020203A494E464F3A4D6F646559
:1012B0003A20424C455F5549535F4C45445F4D4F82
:1012C00044455F434F4E53542E20436F6C6F722042
:1012D0006865783A2025782C2025782C2025782CD4
:1012E000200D0A001B5B306D6D5F7569202020208A
:1012F0002020202020203A494E464F3A4D6F646509
:101300003A20424C455F5549535F4C45445F4D4F31
:1013100044455F42524541544845200D0A000000B3
:101320001B5B306D6D5F7569202020202020202000
:1013300020203A494E464F3A4D6F64653A20424C60
:10134000455F5549535F4C45445F4D4F44455F42AF
:101350005245415448455F4F4E455F53484F5420D6
:101360000D0A00001B5B306D6D5F75692020202029
:101370002020202020203A494E464F3A424C45201A
:10138000636F6E6E65637465640D0A001B5B306D80
:101390006D5F7569202020202020202020203A49E0
:1013A0004E464F3A424C45206469736F6E6E6563DA
:1013B0007465640D0A0000001B5B306D6D5F75691C
:1013C000202020202020202020203A494E464F3A3D
:1013D000626C655F7569735F70696E5F777269745F
:1013E000655F68616E646C65723A204D4F535F3182
:1013F0002025642C204D4F535F322025642C204D36
:101400004F535F332025642C204D4F535F342025EC
:10141000640D0A000B000300DD6B040008000000EF
:10142000070000000000980106000000010D0E0FEB
:1014300074430020010705067C4300201B5B313B01
:1014400033316D6D5F75695F666C61736820202054
:10145000203A4552524F523A46445320696E6974BD
:10146000206661696C6564210D0A00002F55736563
:1014700072732F616C6C656E67616F2F446F776E4E
:101480006C6F6164732F4543453639374C505F5458
:1014900075746F7269616C325F636F70792F736FEF
:1014A000757263652F6D6F64756C65732F6D5F75F5
:1014B000695F666C6173682E630000001B5B306DB2
:1014C0006D5F75695F666C617368202020203A4902
:1014D0004E464F3A464453207772697465207375BF
:1014E0006363657373212025642046696C654964D4
:1014F0003A2030782578205265634B65793A307808
:1015000025780D0A000000001B5B313B33316D6D07
:101510005F75695F666C617368202020203A4552D0
:10152000524F523A4644532077726974652066617F
:10153000696C6564210D0A001B5B306D6D5F756918
:101540005F666C617368202020203A494E464F3A0E
:101550004644532068616E646C6572202D202564BA
:10156000202D2025640D0A001B5B306D6D5F7569B1
:101570005F666C617368202020203A494E464F3ADE
:1015800053746F72696E6720636F6E6669677572F8
:101590006174696F6E0D0A001B5B313B33336D6DF7
:1015A0005F75695F666C617368202020203A57413F
:1015B000524E494E473A45727220636F64652072FD
:1015C000657475726E656420696E2066696C653A33
:1015D0002025732C206C696E653A2025642C2063CD
:1015E0006F6465202564200D0A0000001B5B306DD0
:1015F0006D5F75695F666C617368202020203A49D1
:101600004E464F3A4C6F6164696E6720636F6E6639
:10161000696775726174696F6E0D0A001B5B306DCE
:101620006D5F75695F666C617368202020203A49A0
:101630004E464F3A496E697469616C697A617469A2
:101640006F6E0D0A000000001B5B306D6D5F7569E9
:101650005F666C617368202020203A494E464F3AFD
:1016600057726974696E672064656661756C742071
:10167000636F6E6669670D0A000000001B5B306DCA
:101680006164765F626561636F6E5F2E2E2E3A49EC
:101690004E464F3A6170705F626561636F6E5F6F57
:1016A0006E5F7379735F6576743A2025640D0A0066
:1016B0001B5B306D6164765F626561636F6E5F2E88
:1016C0002E2E3A494E464F3A6170705F62656163F3
:1016D0006F6E5F696E69743A0D0A00001B5B306DB6
:1016E0006164765F626561636F6E5F2E2E2E3A498C
:1016F0004E464F3A6170705F626561636F6E5F73F3
:10170000746172743A0D0A001B5B306D6164765F20
:10171000626561636F6E5F2E2E2E3A494E464F3AD8
:101720006170705F626561636F6E5F73746F703A52
:101730000D0A00001B5B306D3A494E464F3A476533
:101740006E65726174696E67206661696C75726539
:101750000D0A00001B5B306D3A494E464F3A466C0D
:101760006173683A204661696C7572652073696EB1
:101770006365206C6173740D0A0000001B5B306DA3
:101780003A494E464F3A466C6173683A2066616941
:101790006C65642025640D0A000000001B5B306D41
:1017A0003A494E464F3A45726173696E673A203046
:1017B00078253038782C206E756D3A2025640D0A16
:1017C000000000001B5B306D3A494E464F3A4572AF
:1017D0006173653A204661696C7572652073696E44
:1017E0006365206C6173740D0A0000001B5B306D33
:1017F0003A494E464F3A4572617365206661696C9D
:1018000065643A2025640D0A000000001B5B306D02
:101810003A494E464F3A57616974696E6720666F60
:10182000722066696E69736865642E2E2E0D0A003B
:101830001B5B306D3A494E464F3A4661696C757292
:10184000652073696E6365206C6173740D0A000016
:101850001B5B306D3A494E464F3A416674657220C3
:1018600077616974210D0A002F55736572732F61BA
:101870006C6C656E67616F2F446F776E6C6F61641F
:10188000732F4543453639374C505F5475746F722A
:1018900069616C325F636F70792F736F7572636506
:1018A0002F7574696C2F737570706F72745F6675C5
:1018B0006E632E63000000001B5B313B33336D739E
:1018C0007570706F72745F66756E6320203A574151
:1018D000524E494E473A45727220636F64652072DA
:1018E000657475726E656420696E2066696C653A10
:1018F0002025732C206C696E653A2025642C2063AA
:101900006F6465202564200D0A0000003A00000085
:1019100025303278000000000101000000000101C4
:1019200000000000000101000002000101000002AF
:10193000000101000002000101000002000101009D
:10194000000200010000000200010000000200018E
:10195000000000020001000000020001030000027C
:101960000001000000020001000000020001000070
:10197000000200010000000200010000000200015E
:101980000000000201010000000001010000000051
:101990000101000000000101000000000001010041
:1019A000000200010100000200010100000200012C
:1019B000010000020001010000020101000000001E
:1019C0000001000000020101000000000101000010
:1019D00000000001010000021B5B313B33316D73DD
:1019E0007570706F72745F66756E6320203A455231
:1019F000524F523A636F6E6669677572655F6465D0
:101A00006661756C745F696F6578745F6770696F24
:101A10005F73746174652072657475726E6564209D
:101A20007769746820636F6465202564200D0A005F
:101A30001B5B313B33316D737570706F72745F6611
:101A4000756E6320203A4552524F523A636F6E666C
:101A500069677572655F64656661756C745F6E72E7
:101A6000665F6770696F5F73746174655F726576D6
:101A700065727365642072657475726E6564207733
:101A800069746820636F6465202564200D0A000076
:101A90001B5B313B33316D7477695F6D616E6167DC
:101AA00065722020203A4552524F523A7477695F4E
:101AB0006D616E616765725F726571756573743AA9
:101AC0002063757272656E745F636F6E746578748F
:101AD000203C20735F636F6E746578745F6C696D12
:101AE00069742025640D0A001B5B313B33316D7432
:101AF00077695F6D616E616765722020203A45529B
:101B0000524F523A7477695F6D616E616765725FBB
:101B1000726571756573743A20636F6C6C69736973
:101B20006F6E2025640D0A00654D504C20352E3116
:101B30000000000000000000920E493CB10AC93CC0
:101B40002BC3163D2EFB483D752B7B3D04A9963DCE
:101B500080B6AF3D36BDC83D2FBCE13D73B2FA3D06
:101B600087CF093E8340163EB5AB223EA2102F3EE2
:101B7000CF6E3B3EC2C5473E0115543E135C603EEE
:101B80007F9A6C3ECCCF783EC07D823E938E883E5D
:101B9000229A8E3E32A0943E86A09A3EE59AA03EBE
:101BA000128FA63ED47CAC3EEF63B23E2A44B83ED0
:101BB000491DBE3E15EFC33E53B9C93ECA7BCF3E59
:101BC0004136D53E80E8DA3E4F92E03E7533E63E40
:101BD000BBCBEB3EEA5AF13ECBE0F63E275DFC3E46
:101BE000E4E7003F3D9C033F824B063F9BF5083FE7
:101BF0006B9A0B3FDA390E3FCDD3103F2A68133F63
:101C0000D9F6153FC07F183FC6021B3FD17F1D3F4D
:101C1000CBF61F3F9967223F25D2243F5636273FF8
:101C20001594293F4AEB2B3FDE3B2E3FBB85303FCF
:101C3000C9C8323FF304353F233A373F4268393F42
:101C40003B8F3B3FF9AE3D3F67C73F3F70D8413FB9
:101C500001E2433F03E4453F65DE473F12D1493F80
:101C6000F8BB4B3F029F4D3F207A4F3F3D4D513FC8
:101C70004918533F31DB543FE595563F5348583F91
:101C80006AF2593F1A945B3F532D5D3F05BE5E3F9C
:101C90002146603F97C5613F5A3C633F59AA643F64
:101CA000880F663FD86B673F3CBF683FA7096A3F14
:101CB0000C4B6B3F5E836C3F93B26D3F9ED86E3F83
:101CC00073F56F3F0809713F5213723F4714733F1A
:101CD000DD0B743F0BFA743FC6DE753F07BA763FE3
:101CE000C58B773FF853783F9812793F9DC7793F6E
:101CF00002737A3FBE147B3FCDAC7B3F283B7C3FD9
:101D0000C9BF7C3FAC3A7D3FCCAB7D3F23137E3FC8
:101D1000B0707E3F6DC47E3F580E7F3F6D4E7F3F5B
:101D2000AB847F3F0FB17F3F97D37F3F43EC7F3F33
:101D300011FB7F3F0000803F11FB7F3F43EC7F3F63
:101D400097D37F3F0FB17F3FAB847F3F6D4E7F3F87
:101D5000580E7F3F6DC47E3FB0707E3F23137E3FA1
:101D6000CCAB7D3FAC3A7D3FC9BF7C3F283B7C3F3D
:101D7000CDAC7B3FBE147B3F02737A3F9DC7793F5A
:101D80009812793FF853783FC58B773F07BA763F73
:101D9000C6DE753F0BFA743FDD0B743F4714733F8B
:101DA0005213723F0809713F73F56F3F9ED86E3F23
:101DB00093B26D3F5E836C3F0C4B6B3FA7096A3F4C
:101DC0003CBF683FD86B673F880F663F59AA643FA6
:101DD0005A3C633F97C5613F2146603F05BE5E3F69
:101DE000532D5D3F1A945B3F6AF2593F5348583F69
:101DF000E595563F31DB543F4918533F3D4D513F28
:101E0000207A4F3F029F4D3FF8BB4B3F12D1493FD5
:101E100065DE473F03E4453F01E2433F70D8413F61
:101E200067C73F3FF9AE3D3F3B8F3B3F4268393F7D
:101E3000233A373FF304353FC9C8323FBB85303FB3
:101E4000DE3B2E3F4AEB2B3F1594293F5636273F6A
:101E500025D2243F9967223FCBF61F3FD17F1D3FFC
:101E6000C6021B3FC07F183FD9F6153F2A68133FB3
:101E7000CDD3103FDA390E3F6B9A0B3F9BF5083FED
:101E8000824B063F3D9C033FE4E7003F275DFC3E5D
:101E9000CBE0F63EEA5AF13EBBCBEB3E7533E63E75
:101EA0004F92E03E80E8DA3E4136D53ECA7BCF3ED7
:101EB00053B9C93E15EFC33E491DBE3E2A44B83E44
:101EC000EF63B23ED47CAC3E128FA63EE59AA03EB4
:101ED00086A09A3E32A0943E229A8E3E938E883EF1
:101EE000C07D823ECCCF783E7F9A6C3E135C603ED4
:101EF0000115543EC2C5473ECF6E3B3EA2102F3E59
:101F0000B5AB223E8340163E87CF093E73B2FA3D01
:101F10002FBCE13D36BDC83D80B6AF3D04A9963D1E
:101F2000752B7B3D2EFB483D2BC3163DB10AC93CAA
:101F3000920E493C00000000920E49BCB10AC9BC97
:101F40002BC316BD2EFB48BD752B7BBD04A996BDCA
:101F500080B6AFBD36BDC8BD2FBCE1BD73B2FABD02
:101F600087CF09BE834016BEB5AB22BEA2102FBEDE
:101F7000CF6E3BBEC2C547BE011554BE135C60BEEA
:101F80007F9A6CBECCCF78BEC07D82BE938E88BE59
:101F9000229A8EBE32A094BE86A09ABEE59AA0BEBA
:101FA000128FA6BED47CACBEEF63B2BE2A44B8BECC
:101FB000491DBEBE15EFC3BE53B9C9BECA7BCFBE55
:101FC0004136D5BE80E8DABE4F92E0BE7533E6BE3C
:101FD000BBCBEBBEEA5AF1BECBE0F6BE275DFCBE42
:101FE000E4E700BF3D9C03BF824B06BF9BF508BFE3
:101FF0006B9A0BBFDA390EBFCDD310BF2A6813BF5F
:10200000D9F615BFC07F18BFC6021BBFD17F1DBF49
:10201000CBF61FBF996722BF25D224BF563627BFF4
:10202000159429BF4AEB2BBFDE3B2EBFBB8530BFCB
:10203000C9C832BFF30435BF233A37BF426839BF3E
:102040003B8F3BBFF9AE3DBF67C73FBF70D841BFB5
:1020500001E243BF03E445BF65DE47BF12D149BF7C
:10206000F8BB4BBF029F4DBF207A4FBF3D4D51BFC4
:10207000491853BF31DB54BFE59556BF534858BF8D
:102080006AF259BF1A945BBF532D5DBF05BE5EBF98
:10209000214660BF97C561BF5A3C63BF59AA64BF60
:1020A000880F66BFD86B67BF3CBF68BFA7096ABF10
:1020B0000C4B6BBF5E836CBF93B26DBF9ED86EBF7F
:1020C00073F56FBF080971BF521372BF471473BF16
:1020D000DD0B74BF0BFA74BFC6DE75BF07BA76BFDF
:1020E000C58B77BFF85378BF981279BF9DC779BF6A
:1020F00002737ABFBE147BBFCDAC7BBF283B7CBFD5
:10210000C9BF7CBFAC3A7DBFCCAB7DBF23137EBFC4
:10211000B0707EBF6DC47EBF580E7FBF6D4E7FBF57
:10212000AB847FBF0FB17FBF97D37FBF43EC7FBF2F
:1021300011FB7FBF000080BF11FB7FBF43EC7FBF5F
:1021400097D37FBF0FB17FBFAB847FBF6D4E7FBF83
:10215000580E7FBF6DC47EBFB0707EBF23137EBF9D
:10216000CCAB7DBFAC3A7DBFC9BF7CBF283B7CBF39
:10217000CDAC7BBFBE147BBF02737ABF9DC779BF56
:10218000981279BFF85378BFC58B77BF07BA76BF6F
:10219000C6DE75BF0BFA74BFDD0B74BF471473BF87
:1021A000521372BF080971BF73F56FBF9ED86EBF1F
:1021B00093B26DBF5E836CBF0C4B6BBFA7096ABF48
:1021C0003CBF68BFD86B67BF880F66BF59AA64BFA2
:1021D0005A3C63BF97C561BF214660BF05BE5EBF65
:1021E000532D5DBF1A945BBF6AF259BF534858BF65
:1021F000E59556BF31DB54BF491853BF3D4D51BF24
:10220000207A4FBF029F4DBFF8BB4BBF12D149BFD1
:1022100065DE47BF03E445BF01E243BF70D841BF5D
:1022200067C73FBFF9AE3DBF3B8F3BBF426839BF79
:10223000233A37BFF30435BFC9C832BFBB8530BFAF
:10224000DE3B2EBF4AEB2BBF159429BF563627BF66
:1022500025D224BF996722BFCBF61FBFD17F1DBFF8
:10226000C6021BBFC07F18BFD9F615BF2A6813BFAF
:10227000CDD310BFDA390EBF6B9A0BBF9BF508BFE9
:10228000824B06BF3D9C03BFE4E700BF275DFCBE59
:10229000CBE0F6BEEA5AF1BEBBCBEBBE7533E6BE71
:1022A0004F92E0BE80E8DABE4136D5BECA7BCFBED3
:1022B00053B9C9BE15EFC3BE491DBEBE2A44B8BE40
:1022C000EF63B2BED47CACBE128FA6BEE59AA0BEB0
:1022D00086A09ABE32A094BE229A8EBE938E88BEED
:1022E000C07D82BECCCF78BE7F9A6CBE135C60BED0
:1022F000011554BEC2C547BECF6E3BBEA2102FBE55
:10230000B5AB22BE834016BE87CF09BE73B2FABDFD
:102310002FBCE1BD36BDC8BD80B6AFBD04A996BD1A
:10232000752B7BBD2EFB48BD2BC316BDB10AC9BCA6
:10233000920E49BC0000008004060504080304094D
:102340000205070405080305090203050403090241
:10235000000001010301010102020403020A00025C
:102360000102020902000000000102030405060741
:10237000080900202020202020202020282828288C
:102380002820202020202020202020202020202045
:102390002020208810101010101010101010101095
:1023A00010101004040404040404040404101010A5
:1023B0001010101041414141414101010101010151
:1023C00001010101010101010101010101011010DF
:1023D0001010101042424242424202020202020225
:1023E00002020202020202020202020202021010B1
:1023F000101020000000000000000000000000009D
:1024000000000000000000000000000000000000CC
:1024100000000000000000000000000000000000BC
:1024200000000000000000000000000000000000AC
:10243000000000000000000000000000000000009C
:10244000000000000000000000000000000000008C
:10245000000000000000000000000000000000007C
:10246000000000000000000000000000000000006C
:1024700000000043000000009C430020232D302B6F
:102480002000686C4C0065666745464700494E462B
:1024900000696E66004E414E006E616E0030003085
:1024A00031323334353637383941424344454600BA
:1024B00030313233343536373839616263646566BA
:1024C00000496E66696E697479004E614E00504F26
:1024D000534958002E000000000000000000F03FAB
:1024E00000000000000024400000000000005940EF
:1024F0000000000000408F40000000000088C34042
:1025000000000000006AF8400000000080842E41B6
:1025100000000000D01263410000000084D7974102
:102520000000000065CDCD41000000205FA0024208
:10253000000000E876483742000000A2941A6D427D
:10254000000040E59C30A2420000901EC4BCD64270
:1025500000003426F56B0C430080E03779C341431B
:1025600000A0D8855734764300C84E676DC1AB4391
:10257000003D9160E458E143408CB5781DAF1544AF
:1025800050EFE2D6E41A4B4492D54D06CFF080448A
:10259000F64AE1C7022DB544B49DD9794378EA449F
:1025A00005000000190000007D0000000000000090
:1025B0000080E03779C34143176E05B5B5B893463F
:1025C000F5F93FE9034F384D321D30F94877825A0B
:1025D0003CBF737FDD4F1575E2652F227F2B7A3C60
:1025E000075C143326A6813CBDCBF07A8807703C8B
:1025F000075C143326A6913C4FBB610567ACDD3FF9
:10260000182D4454FB21E93F9BF681D20B73EF3F19
:10261000182D4454FB21F93F61636F7300000000E3
:102620006C6F6700706F7700737172740000000048
:1026300061636F736600000073717274660000005E
:1026400000000000000000000000004003B8E23F6E
:10265000000000000000000006D0CF43EBFD4C3E20
:10266000000000000000F03F000000000000F83F04
:10267000FB21F93FFB2109407CD91240FB21194085
:102680007A6A1F407CD92240BBFD2540FB212940AE
:102690003A462C407A6A2F405C4731407CD9324020
:1026A0009C6B3440BBFD3540DB8F3740FB2139400C
:1026B0001BB43A403A463C405AD83D407A6A3F40C3
:1026C0004C7E40405C4741406C1042407CD94240C7
:1026D0008CA243409C6B4440AC344540BBFD45401C
:1026E000CBC64640DB8F4740EB584840FB21494072
:1026F00083F9A200444E6E00FC291500D157270033
:10270000DD34F50062DBC0003C9995004190430048
:102710006351FE00BBDEAB00B761C5003A6E24001A
:10272000D24D42004906E00009EA2E001C92D10079
:10273000EB1DFE0029B11C00E83EA700F535820024
:1027400044BB2E009CE98400B4267000417E5F00EB
:10275000D6913900538339009CF439008B5F840093
:1027600028F9BD00F81F3B00DEFF97000F98050019
:10277000112FEF000A5A8B006D1F6D00CF7E3600BF
:1027800009CB2700464FB7009E663F002DEA5F0049
:10279000BA277500E5EBC7003D7BF100F73907006C
:1027A00092528A00FB6BEA001FB15F00085D8D004A
:1027B000300356007BFC4600F0AB6B0020BCCF0022
:1027C00036F49A00E3A91D005E619100081BE60043
:1027D00085996500A0145F008D40680080D8FF00D7
:1027E00027734D0006063100CA561500C9A87300AC
:1027F0007BE260006B8CC000000FC93F000F4940B6
:1028000000CB9640000FC9400053FB4000CB16415F
:1028100000ED2F41000F49410031624100537B41DF
:10282000003A8A4100CB9641005CA34100EDAF41E4
:10283000007EBC41000FC94100A0D5410031E241FA
:1028400000C2EE410053FB4100F20342003A0A424B
:102850000083104200CB164200141D42005C23424C
:1028600000A5294200ED2F4200363642007E3C4250
:1028700000C74242000F4942A2000000F9000000D8
:10288000830000006E0000004E00000044000000C5
:102890001500000029000000FC00000027000000D7
:1028A00057000000D1000000F500000034000000D7
:1028B000DD000000C0000000DB000000620000003E
:1028C00095000000990000003C000000430000005B
:1028D0009000000041000000FE00000051000000D8
:1028E00063000000AB000000DE000000BB00000041
:1028F000C500000061000000B700000024000000D7
:102900006E0000003A000000420000004D00000090
:10291000D2000000E00000000600000049000000B6
:102920002E000000EA00000009000000D1000000B5
:10293000920000001C000000FE0000001D000000CE
:10294000EB0000001C000000B100000029000000A6
:10295000A70000003E000000E80000008200000028
:1029600035000000F50000002E000000BB00000054
:102970004400000084000000E90000009C0000000A
:102980007000000026000000B40000005F0000009E
:102990007E000000410000003900000091000000AE
:1029A000D600000039000000830000005300000042
:1029B00039000000F40000009C00000084000000CA
:1029C0005F0000008B000000BD000000F900000067
:1029D000280000003B0000001F000000F80000007D
:1029E00097000000FF000000DE000000050000006E
:1029F000980000000F000000EF0000002F00000012
:102A0000110000008B0000005A0000000A000000C6
:102A10006D0000001F0000006D0000003600000087
:102A20007E000000CF00000027000000CB00000067
:102A300009000000B70000004F0000004600000041
:102A40003F000000660000009E0000005F000000E4
:102A5000EA0000002D0000007500000027000000C3
:102A6000BA000000C7000000EB000000E500000015
:102A7000F10000007B0000003D00000007000000A6
:102A800039000000F70000008A000000520000003A
:102A900092000000EA0000006B000000FB00000054
:102AA0005F000000B10000001F0000008D0000006A
:102AB0005D00000008000000560000000300000058
:102AC0003000000046000000FC0000007B00000019
:102AD0006B000000AB000000F0000000CF00000021
:102AE000BC000000200000009A000000F40000007C
:102AF000360000001D000000A9000000E3000000F7
:102B000091000000610000005E000000E60000008F
:102B10001B00000008000000650000009900000094
:102B2000850000005F00000014000000A00000000D
:102B300068000000400000008D000000FF00000061
:102B4000D8000000800000004D000000730000006D
:102B50002700000031000000060000000600000011
:102B60001500000056000000CA00000073000000BD
:102B7000A8000000C900000060000000E2000000A2
:102B80007B000000C00000008C0000006B00000013
:102B90000200000003000000040000000600000026
:102BA00000000040FB21F93F000000002D44743E6E
:102BB000000000809846F83C0000006051CC783B53
:102BC00000000080831BF0390000004020257A3887
:102BD000000000802282E336000000001DF369350A
:102BE0000400000007000000090000000000C93FC9
:102BF0000000F0390000DA370000A2330000842E14
:102C00000000502B0000C2270000D0220000C41F8B
:102C10000000C61B00004417000000000000304305
:102C200000000000000030C36937AC316821223356
:102C3000B40F14336821A2333863ED3EDA0F493FF5
:0C2C40005E987B3FDA0FC93F00000000E7
:082C4C0008C6FB7F0100000037
:102C540004000000000000000F00000010790500CF
:102C6400219D02009C4B0020010000000000000098
:102C74000100000024790500819E0200A44B00207D
:102C84000090D003D47B0500007C05000000000008
:102C94000000000000000000000000000000000030
:102CA4000000000000000000000000000000000020
:102CB4000000000000000000107C0500209C0500BE
:102CC400FF000000FF000000FF0000000100000002
:102CD4000100000001000000FF00000001000000EE
:102CE400FF000000A47000200300000000000000AA
:102CF40000010000010000000000000001000000CD
:102D040020790500BD9D0200B070002000C0014084
:102D140000000000FF00FFFF7B14AE47E17AD43FC0
:102D24000100000098800020A4800020C4800020BE
:102D3400D0800020020000001172661D536C3E0E0C
:102D4400E9AD7206D9573D0E72230600000000005B
:102D5400000000000000000000000000000000006F
:102D640000000000000000000000000073240600C2
:102D7400000000000000000000000000000000004F
:102D8400000000000000000000000000000000003F
:102D9400000000000000000000000000000000002F
:102DA4000000000000000000000000009C43002020
:102DB400D424060081240600812406008124060010
:102DC4008124060081240600812406008124060053
:102DD4008124060081240600FFFFFFFFFFFFFFFFA1
:102DE400FFFFFFFFFFFF00000100000025F20100CC
:082DF40001F2010000000000E3
:102DFC000000000000000000756C020006FF0000DF
:102E0C00001000000030080085780400000000006D
:040000032000ABC16D
:00000001FF
